passage_id,book,model_key,model_name,s_f1,s_f2,s_f3,s_f4,i_f1,i_f2,i_f3,i_f4,delta_f1,delta_f2,delta_f3,delta_f4,efs,weight_mode
1984_000,1984,gemma,gemma3:4b,0.16565,1.0,0.2849,0.621118,0.46855,1.0,0.50504,0.930233,-0.3029,0.0,-0.22014,-0.309115,-0.7451687259820561,learned
1984_001,1984,gemma,gemma3:4b,0.25465,1.0,0.250308,2.941176,0.2787,1.0,0.575025,1.111111,-0.02405,0.0,-0.324717,1.830065,-0.5009493450024811,learned
1984_002,1984,gemma,gemma3:4b,0.1423,1.0,0.224067,0.595238,0.46215,1.0,0.38424,0.555556,-0.31985,0.0,-0.160173,0.039682,-0.4879468145027217,learned
1984_003,1984,gemma,gemma3:4b,0.4488,1.0,0.40975,1.785714,0.28595,1.0,0.42418,0.613497,0.16285,0.0,-0.01443,1.172217,0.2593810265023361,learned
1984_004,1984,gemma,gemma3:4b,0.43145,1.0,0.299367,2.906977,0.28595,1.0,0.36886,1.639344,0.1455,0.0,-0.069493,1.267633,0.12087185455262273,learned
1984_005,1984,gemma,gemma3:4b,0.15205,1.0,0.27796,0.628931,0.31845,1.0,0.47252,0.574713,-0.1664,0.0,-0.19456,0.054218,-0.5687818721835805,learned
1984_006,1984,gemma,gemma3:4b,0.40125,1.0,0.3417,0.662252,0.4866,1.0,0.5461,1.036269,-0.08535,0.0,-0.2044,-0.374017,-0.6932226759678964,learned
1984_007,1984,gemma,gemma3:4b,0.4789,1.0,0.40302,1.219512,0.47975,1.0,0.42198,0.591716,-0.00085,0.0,-0.01896,0.627796,0.09738569179377135,learned
1984_008,1984,gemma,gemma3:4b,0.237,1.0,0.097408,2.777778,0.42395,1.0,0.55648,1.111111,-0.18695,0.0,-0.459072,1.666667,-0.9473792418220174,learned
1984_009,1984,gemma,gemma3:4b,0.4648,1.0,0.368046,0.60241,0.3111,1.0,0.3403,0.0,0.1537,0.0,0.027746,0.60241,0.24250921680520204,learned
1984_010,1984,gemma,gemma3:4b,0.3208,1.0,0.33515,1.30719,0.24695,1.0,0.45268,0.502513,0.07385,0.0,-0.11753,0.804677,-0.13839465538813,learned
1984_011,1984,gemma,gemma3:4b,0.4201,1.0,0.293611,0.598802,0.46745,1.0,0.49694,0.0,-0.04735,0.0,-0.203329,0.598802,-0.4498906528747965,learned
1984_012,1984,gemma,gemma3:4b,0.2851,1.0,0.381643,1.388889,0.11315,1.0,0.55494,1.111111,0.17195,0.0,-0.173297,0.277778,-0.41848763261555755,learned
1984_013,1984,gemma,gemma3:4b,0.43825,1.0,0.20112,1.067616,0.47345,1.0,0.53054,0.588235,-0.0352,0.0,-0.32942,0.479381,-0.8439311929693168,learned
1984_014,1984,gemma,gemma3:4b,0.4732,1.0,0.425756,1.685393,0.1591,1.0,0.6777,1.069519,0.3141,0.0,-0.251944,0.615874,-0.5504058645429204,learned
1984_015,1984,gemma,gemma3:4b,0.49345,1.0,0.429029,0.632911,0.48615,1.0,0.65458,0.0,0.0073,0.0,-0.225551,0.632911,-0.5006243895876241,learned
1984_016,1984,gemma,gemma3:4b,0.3527,1.0,0.631667,0.746269,0.42595,1.0,0.393025,1.503759,-0.07325,0.0,0.238642,-0.75749,0.5017103891875867,learned
1984_017,1984,gemma,gemma3:4b,0.4088,1.0,0.553457,1.212121,0.47725,1.0,0.45566,0.0,-0.06845,0.0,0.097797,1.212121,0.5716714600360754,learned
1984_018,1984,gemma,gemma3:4b,0.41205,1.0,0.369417,1.459854,0.4843,1.0,0.5981,0.529101,-0.07225,0.0,-0.228683,0.930753,-0.44539453083085184,learned
1984_019,1984,gemma,gemma3:4b,0.4883,1.0,0.63075,1.25,0.0386,1.0,0.43165,0.680272,0.4497,0.0,0.1991,0.569728,0.7622224329919721,learned
1984_020,1984,gemma,gemma3:4b,0.34795,1.0,0.372029,0.632911,0.36345,1.0,0.63452,0.0,-0.0155,0.0,-0.262491,0.632911,-0.6102279385835867,learned
1984_021,1984,gemma,gemma3:4b,0.4531,1.0,0.225125,1.169591,0.3953,1.0,0.38028,0.546448,0.0578,0.0,-0.155155,0.623143,-0.29341514987016193,learned
1984_022,1984,gemma,gemma3:4b,0.2761,1.0,0.280629,0.694444,0.072,1.0,0.43525,0.632911,0.2041,0.0,-0.154621,0.061533,-0.41353338826586383,learned
1984_023,1984,gemma,gemma3:4b,0.4359,1.0,0.37002,0.0,0.3953,1.0,0.34956,1.086957,0.0406,0.0,0.02046,-1.086957,-0.20057803597522655,learned
1984_024,1984,gemma,gemma3:4b,0.0147,1.0,0.363529,0.0,0.42955,1.0,0.49736,1.5625,-0.41485,0.0,-0.133831,-1.5625,-0.810341471569304,learned
1984_025,1984,gemma,gemma3:4b,0.377,1.0,0.1961,2.312139,0.10115,1.0,0.466175,2.040816,0.27585,0.0,-0.270075,0.271323,-0.6906579832850366,learned
1984_026,1984,gemma,gemma3:4b,0.2294,1.0,0.17078,2.5,0.4826,1.0,0.5007,0.0,-0.2532,0.0,-0.32992,2.5,-0.37644887143388694,learned
1984_027,1984,gemma,gemma3:4b,0.4221,1.0,0.3628,0.0,0.4837,1.0,0.60866,1.092896,-0.0616,0.0,-0.24586,-1.092896,-0.9859242466083973,learned
1984_028,1984,gemma,gemma3:4b,0.2427,1.0,0.514233,1.360544,0.41065,1.0,0.32034,1.169591,-0.16795,0.0,0.193893,0.190953,0.592610360101292,learned
1984_029,1984,gemma,gemma3:4b,0.29735,1.0,0.3478,0.666667,0.44005,1.0,0.63648,0.537634,-0.1427,0.0,-0.28868,0.129033,-0.8215935017087803,learned
1984_030,1984,gemma,gemma3:4b,0.4638,1.0,0.3258,1.242236,0.05945,1.0,0.46295,0.649351,0.40435,0.0,-0.13715,0.592885,-0.2134287535099582,learned
1984_031,1984,gemma,gemma3:4b,0.48315,1.0,0.273244,1.273885,0.3548,1.0,0.5896,1.111111,0.12835,0.0,-0.316356,0.162774,-0.8663781774085302,learned
1984_032,1984,gemma,gemma3:4b,0.42865,1.0,0.313367,0.574713,0.40185,1.0,0.4357,1.785714,0.0268,0.0,-0.122333,-1.211001,-0.6468793915066635,learned
1984_033,1984,gemma,gemma3:4b,0.0497,1.0,0.322337,1.724138,0.4613,1.0,0.344425,0.0,-0.4116,0.0,-0.022088,1.724138,0.3131613458174102,learned
1984_034,1984,gemma,gemma3:4b,0.46085,1.0,0.288325,3.184713,0.45545,1.0,0.4451,0.714286,0.0054,0.0,-0.156775,2.470427,0.1454404636634163,learned
1984_035,1984,gemma,gemma3:4b,0.4637,1.0,0.7326,0.0,0.47655,1.0,0.63116,0.588235,-0.01285,0.0,0.10144,-0.588235,0.1504182603082449,learned
1984_036,1984,gemma,gemma3:4b,0.07655,1.0,0.201283,1.273885,0.37895,1.0,0.3072,0.75188,-0.3024,0.0,-0.105917,0.522005,-0.21139058965235802,learned
1984_037,1984,gemma,gemma3:4b,0.30515,1.0,0.427157,3.75,0.4478,1.0,0.5253,0.578035,-0.14265,0.0,-0.098143,3.171965,0.47123916645878966,learned
1984_038,1984,gemma,gemma3:4b,0.1628,1.0,0.465817,1.818182,0.32985,1.0,0.39704,0.526316,-0.16705,0.0,0.068777,1.291866,0.49678530330440684,learned
1984_039,1984,gemma,gemma3:4b,0.2418,1.0,0.19589,1.438849,0.48285,1.0,0.52054,1.183432,-0.24105,0.0,-0.32465,0.255417,-0.9053092763645592,learned
1984_040,1984,gemma,gemma3:4b,0.2495,1.0,0.492283,2.906977,0.45685,1.0,0.48398,0.531915,-0.20735,0.0,0.008303,2.375062,0.58025267213072,learned
1984_041,1984,gemma,gemma3:4b,0.288,1.0,0.36742,2.531646,0.28595,1.0,0.54204,0.0,0.00205,0.0,-0.17462,2.531646,0.10814325212193354,learned
1984_042,1984,gemma,gemma3:4b,0.2294,1.0,0.299229,0.657895,0.45975,1.0,0.42394,1.111111,-0.23035,0.0,-0.124711,-0.453216,-0.49565827275059837,learned
1984_043,1984,gemma,gemma3:4b,0.46585,1.0,0.268864,1.169591,0.28595,1.0,0.38118,0.0,0.1799,0.0,-0.112316,1.169591,-0.02385883015536222,learned
1984_044,1984,gemma,gemma3:4b,0.47525,1.0,0.26716,0.609756,0.30935,1.0,0.3977,0.0,0.1659,0.0,-0.13054,0.609756,-0.21423957600335086,learned
1984_045,1984,gemma,gemma3:4b,0.2954,1.0,0.21908,1.587302,0.45005,1.0,0.4191,2.150538,-0.15465,0.0,-0.20002,-0.563236,-0.7334843579513327,learned
1984_046,1984,gemma,gemma3:4b,0.409,1.0,0.155987,2.197802,0.36245,1.0,0.33186,1.069519,0.04655,0.0,-0.175873,1.128283,-0.23199078768354897,learned
1984_047,1984,gemma,gemma3:4b,0.45905,1.0,0.359314,3.184713,0.09505,1.0,0.1053,0.636943,0.364,0.0,0.254014,2.54777,1.3936952184969846,learned
1984_048,1984,gemma,gemma3:4b,0.19945,1.0,0.072536,1.176471,0.0258,1.0,0.32754,0.632911,0.17365,0.0,-0.255004,0.54356,-0.5910663282935722,learned
1984_049,1984,gemma,gemma3:4b,0.4125,1.0,0.29622,1.630435,0.2748,1.0,0.29554,0.574713,0.1377,0.0,0.00068,1.055722,0.27242116115663784,learned
animal_farm_000,animal_farm,gemma,gemma3:4b,0.3633,1.0,0.302467,1.351351,0.35885,1.0,0.24068,1.630435,0.00445,0.0,0.061787,-0.279084,0.11210750077782909,learned
animal_farm_001,animal_farm,gemma,gemma3:4b,0.41815,1.0,0.23958,1.851852,0.4503,1.0,0.5154,0.0,-0.03215,0.0,-0.27582,1.851852,-0.35444521603221235,learned
animal_farm_002,animal_farm,gemma,gemma3:4b,0.2998,1.0,0.25226,0.662252,0.42335,1.0,0.559325,0.0,-0.12355,0.0,-0.307065,0.662252,-0.7434960454112554,learned
animal_farm_003,animal_farm,gemma,gemma3:4b,0.40965,1.0,0.402725,1.156069,0.1909,1.0,0.57772,1.069519,0.21875,0.0,-0.174995,0.08655,-0.465152970784931,learned
animal_farm_004,animal_farm,gemma,gemma3:4b,0.4589,1.0,0.292843,1.986755,0.47165,1.0,0.61808,1.058201,-0.01275,0.0,-0.325237,0.928554,-0.7203694454666101,learned
animal_farm_005,animal_farm,gemma,gemma3:4b,0.45765,1.0,0.226278,0.632911,0.443,1.0,0.51204,1.840491,0.01465,0.0,-0.285762,-1.20758,-1.1219826325913358,learned
animal_farm_006,animal_farm,gemma,gemma3:4b,0.4716,1.0,0.374914,1.142857,0.3982,1.0,0.45986,0.625,0.0734,0.0,-0.084946,0.517857,-0.1134871606922852,learned
animal_farm_007,animal_farm,gemma,gemma3:4b,0.13085,1.0,0.57775,0.621118,0.45055,1.0,0.40236,0.549451,-0.3197,0.0,0.17539,0.071667,0.49453722678266837,learned
animal_farm_008,animal_farm,gemma,gemma3:4b,0.20095,1.0,0.1855,0.729927,0.05135,1.0,0.32362,1.075269,0.1496,0.0,-0.13812,-0.345342,-0.469978016658816,learned
animal_farm_009,animal_farm,gemma,gemma3:4b,0.4341,1.0,0.2049,0.606061,0.20865,1.0,0.41238,1.492537,0.22545,0.0,-0.20748,-0.886476,-0.7952626601710387,learned
animal_farm_010,animal_farm,gemma,gemma3:4b,0.4612,1.0,0.36578,2.531646,0.3825,1.0,0.41342,0.552486,0.0787,0.0,-0.04764,1.97916,0.3504824604926434,learned
animal_farm_011,animal_farm,gemma,gemma3:4b,0.2284,1.0,0.17428,2.040816,0.05135,1.0,0.56995,0.724638,0.17705,0.0,-0.39567,1.316178,-0.8115763437890411,learned
animal_farm_012,animal_farm,gemma,gemma3:4b,0.49335,1.0,0.380943,0.0,0.47625,1.0,0.41368,0.549451,0.0171,0.0,-0.032737,-0.549451,-0.2268683993447565,learned
animal_farm_013,animal_farm,gemma,gemma3:4b,0.4734,1.0,0.46387,0.689655,0.4883,1.0,0.59922,0.558659,-0.0149,0.0,-0.13535,0.130996,-0.36282268579823934,learned
animal_farm_014,animal_farm,gemma,gemma3:4b,0.46585,1.0,0.468175,2.112676,0.4604,1.0,0.4146,1.226994,0.00545,0.0,0.053575,0.885682,0.3713743668006254,learned
animal_farm_015,animal_farm,gemma,gemma3:4b,0.4217,1.0,0.4105,1.459854,0.3172,1.0,0.51116,0.531915,0.1045,0.0,-0.10066,0.927939,-0.05634332206989193,learned
animal_farm_016,animal_farm,gemma,gemma3:4b,0.0386,1.0,0.239917,0.60241,0.4417,1.0,0.613025,2.027027,-0.4031,0.0,-0.373108,-1.424617,-1.47066890564361,learned
animal_farm_017,animal_farm,gemma,gemma3:4b,0.38075,1.0,0.257522,1.724138,0.4231,1.0,0.3484,2.298851,-0.04235,0.0,-0.090878,-0.574713,-0.4078976643927341,learned
animal_farm_018,animal_farm,gemma,gemma3:4b,0.23835,1.0,0.175975,0.662252,0.27115,1.0,0.32382,0.526316,-0.0328,0.0,-0.147845,0.135936,-0.39972599153857513,learned
animal_farm_019,animal_farm,gemma,gemma3:4b,0.35885,1.0,0.403087,0.0,0.443,1.0,0.6623,0.0,-0.08415,0.0,-0.259213,0.0,-0.7614346395802136,learned
animal_farm_020,animal_farm,gemma,gemma3:4b,0.3592,1.0,0.2949,0.598802,0.43445,1.0,0.3208,0.0,-0.07525,0.0,-0.0259,0.598802,0.06265958948357796,learned
animal_farm_021,animal_farm,gemma,gemma3:4b,0.46855,1.0,0.294,1.360544,0.24695,1.0,0.4103,0.584795,0.2216,0.0,-0.1163,0.775749,-0.12691173813052758,learned
animal_farm_022,animal_farm,gemma,gemma3:4b,0.4583,1.0,0.112707,0.0,0.45845,1.0,0.55145,0.0,-0.00015,0.0,-0.438743,0.0,-1.2744152275561618,learned
animal_farm_023,animal_farm,gemma,gemma3:4b,0.34915,1.0,0.203444,1.388889,0.4471,1.0,0.47336,0.520833,-0.09795,0.0,-0.269916,0.868056,-0.5829953483585812,learned
animal_farm_024,animal_farm,gemma,gemma3:4b,0.4746,1.0,0.439433,2.040816,0.37235,1.0,0.46632,1.020408,0.10225,0.0,-0.026887,1.020408,0.18018323189783994,learned
animal_farm_025,animal_farm,gemma,gemma3:4b,0.1806,1.0,0.093975,1.829268,0.0386,1.0,0.46388,0.0,0.142,0.0,-0.369905,1.829268,-0.6156093169150691,learned
animal_farm_026,animal_farm,gemma,gemma3:4b,0.3951,1.0,0.319533,2.424242,0.36755,1.0,0.31736,1.212121,0.02755,0.0,0.002173,1.212121,0.3036227672216851,learned
animal_farm_027,animal_farm,gemma,gemma3:4b,0.3548,1.0,0.26227,0.0,0.08895,1.0,0.41782,0.526316,0.26585,0.0,-0.15555,-0.526316,-0.55282575719014,learned
animal_farm_028,animal_farm,gemma,gemma3:4b,0.2353,1.0,0.189912,1.041667,0.468,1.0,0.537925,0.0,-0.2327,0.0,-0.348013,1.041667,-0.7812808895559789,learned
animal_farm_029,animal_farm,gemma,gemma3:4b,0.418,1.0,0.3908,1.212121,0.47795,1.0,0.46506,0.546448,-0.05995,0.0,-0.07426,0.665673,-0.060014309118762516,learned
animal_farm_030,animal_farm,gemma,gemma3:4b,0.19695,1.0,0.188825,0.606061,0.4063,1.0,0.50088,0.990099,-0.20935,0.0,-0.312055,-0.384038,-1.0208967983709074,learned
animal_farm_031,animal_farm,gemma,gemma3:4b,0.1909,0.0,0.3818,0.0,0.1872,1.0,0.39922,0.571429,0.0037,-1.0,-0.01742,-0.571429,-0.18907287599843348,learned
animal_farm_032,animal_farm,gemma,gemma3:4b,0.2981,1.0,0.259343,0.0,0.4907,1.0,0.70976,0.917431,-0.1926,0.0,-0.450417,-0.917431,-1.5507036683241613,learned
animal_farm_033,animal_farm,gemma,gemma3:4b,0.1911,1.0,0.478689,2.409639,0.473,1.0,0.50236,1.058201,-0.2819,0.0,-0.023671,1.351438,0.2311174889521779,learned
animal_farm_034,animal_farm,gemma,gemma3:4b,0.28945,1.0,0.401767,0.0,0.36345,1.0,0.52258,0.549451,-0.074,0.0,-0.120813,-0.549451,-0.49191064541013685,learned
animal_farm_035,animal_farm,gemma,gemma3:4b,0.17635,1.0,0.127155,0.0,0.47115,1.0,0.5569,1.234568,-0.2948,0.0,-0.429745,-1.234568,-1.5780511183197512,learned
animal_farm_036,animal_farm,gemma,gemma3:4b,0.4847,1.0,0.390089,0.0,0.4815,1.0,0.556,0.0,0.0032,0.0,-0.165911,0.0,-0.48159179831716853,learned
animal_farm_037,animal_farm,gemma,gemma3:4b,0.31845,1.0,0.43964,0.60241,0.4843,1.0,0.63532,0.0,-0.16585,0.0,-0.19568,0.60241,-0.43877790972881764,learned
animal_farm_038,animal_farm,gemma,gemma3:4b,0.4211,1.0,0.3572,0.595238,0.4946,1.0,0.73404,0.546448,-0.0735,0.0,-0.37684,0.04879,-1.0901693029795851,learned
animal_farm_039,animal_farm,gemma,gemma3:4b,0.34965,1.0,0.35226,0.558659,0.3163,1.0,0.37058,0.555556,0.03335,0.0,-0.01832,0.003103,-0.04908736294596379,learned
animal_farm_040,animal_farm,gemma,gemma3:4b,0.4902,1.0,0.49825,0.584795,0.48005,1.0,0.4781,1.197605,0.01015,0.0,0.02015,-0.61281,-0.08934745856713668,learned
animal_farm_041,animal_farm,gemma,gemma3:4b,0.20155,1.0,0.40464,1.923077,0.0,1.0,0.26402,0.0,0.20155,0.0,0.14062,1.923077,0.8961083978055046,learned
animal_farm_042,animal_farm,gemma,gemma3:4b,0.46965,1.0,0.438333,0.632911,0.2723,1.0,0.71866,1.604278,0.19735,0.0,-0.280327,-0.971367,-1.0303268994956982,learned
animal_farm_043,animal_farm,gemma,gemma3:4b,0.4762,1.0,0.49616,0.0,0.49365,1.0,0.62846,0.0,-0.01745,0.0,-0.1323,0.0,-0.38605115855358296,learned
animal_farm_044,animal_farm,gemma,gemma3:4b,0.4158,1.0,0.22798,0.0,0.2787,1.0,0.527775,0.645161,0.1371,0.0,-0.299795,-0.645161,-1.0137041651427574,learned
animal_farm_045,animal_farm,gemma,gemma3:4b,0.4603,1.0,0.276929,0.613497,0.4762,1.0,0.32512,0.0,-0.0159,0.0,-0.048191,0.613497,0.007483374322820341,learned
animal_farm_046,animal_farm,gemma,gemma3:4b,0.4683,1.0,0.23666,1.219512,0.49595,1.0,0.7342,1.648352,-0.02765,0.0,-0.49754,-0.42884,-1.5521822086153452,learned
animal_farm_047,animal_farm,gemma,gemma3:4b,0.2294,1.0,0.334571,0.0,0.49145,1.0,0.684,0.543478,-0.26205,0.0,-0.349429,-0.543478,-1.1735254792536955,learned
animal_farm_048,animal_farm,gemma,gemma3:4b,0.3592,1.0,0.328483,1.818182,0.3951,1.0,0.468775,1.398601,-0.0359,0.0,-0.140292,0.419581,-0.3091794907633045,learned
animal_farm_049,animal_farm,gemma,gemma3:4b,0.4531,1.0,0.29918,0.671141,0.418,1.0,0.38938,0.555556,0.0351,0.0,-0.0902,0.115585,-0.23036625072732198,learned
fahrenheit_000,fahrenheit,gemma,gemma3:4b,0.4662,1.0,0.30654,0.561798,0.4663,1.0,0.4745,1.030928,-0.0001,0.0,-0.16796,-0.46913,-0.6018679345995854,learned
fahrenheit_001,fahrenheit,gemma,gemma3:4b,0.4228,1.0,0.16605,1.129944,0.17385,1.0,0.500825,1.290323,0.24895,0.0,-0.334775,-0.160379,-0.9862059350791218,learned
fahrenheit_002,fahrenheit,gemma,gemma3:4b,0.44415,1.0,0.106092,1.075269,0.46565,1.0,0.52614,1.075269,-0.0215,0.0,-0.420048,0.0,-1.2222713021509095,learned
fahrenheit_003,fahrenheit,gemma,gemma3:4b,0.04425,1.0,0.242708,2.259887,0.42365,1.0,0.40822,0.0,-0.3794,0.0,-0.165512,2.259887,0.029997038830276157,learned
fahrenheit_004,fahrenheit,gemma,gemma3:4b,0.4729,1.0,0.413967,0.684932,0.33525,1.0,0.46862,1.081081,0.13765,0.0,-0.054653,-0.396149,-0.24108814496934106,learned
fahrenheit_005,fahrenheit,gemma,gemma3:4b,0.38195,1.0,0.186277,1.807229,0.47765,1.0,0.57116,0.526316,-0.0957,0.0,-0.384883,1.280913,-0.8163906984452954,learned
fahrenheit_006,fahrenheit,gemma,gemma3:4b,0.29295,1.0,0.107536,0.537634,0.3525,1.0,0.3893,0.483092,-0.05955,0.0,-0.281764,0.054542,-0.8111975268810947,learned
fahrenheit_007,fahrenheit,gemma,gemma3:4b,0.47985,1.0,0.39804,2.205882,0.2787,1.0,0.34958,0.943396,0.20115,0.0,0.04846,1.262486,0.4678616486940011,learned
fahrenheit_008,fahrenheit,gemma,gemma3:4b,0.4423,1.0,0.144028,0.515464,0.42405,1.0,0.45542,0.591716,0.01825,0.0,-0.311392,-0.076252,-0.9211711572619572,learned
fahrenheit_009,fahrenheit,gemma,gemma3:4b,0.3716,1.0,0.375525,1.183432,0.44725,1.0,0.44925,1.398601,-0.07565,0.0,-0.073725,-0.215169,-0.27407777432106173,learned
fahrenheit_010,fahrenheit,gemma,gemma3:4b,0.28235,1.0,0.4117,0.787402,0.2787,1.0,0.47672,1.273885,0.00365,0.0,-0.06502,-0.486483,-0.30669936591685276,learned
fahrenheit_011,fahrenheit,gemma,gemma3:4b,0.1174,1.0,0.4106,1.875,0.3214,1.0,0.44996,1.162791,-0.204,0.0,-0.03936,0.712209,0.038100771201531464,learned
fahrenheit_012,fahrenheit,gemma,gemma3:4b,0.4482,1.0,0.109964,0.549451,0.064,1.0,0.32704,1.587302,0.3842,0.0,-0.217076,-1.037851,-0.8438659790404771,learned
fahrenheit_013,fahrenheit,gemma,gemma3:4b,0.4781,1.0,0.411827,0.0,0.4511,1.0,0.39872,0.502513,0.027,0.0,0.013107,-0.502513,-0.08130092178642126,learned
fahrenheit_014,fahrenheit,gemma,gemma3:4b,0.42405,1.0,0.231443,0.0,0.4734,1.0,0.49044,1.04712,-0.04935,0.0,-0.258997,-1.04712,-1.0117213655180533,learned
fahrenheit_015,fahrenheit,gemma,gemma3:4b,0.46365,1.0,0.42845,1.369863,0.4879,1.0,0.5637,1.515152,-0.02425,0.0,-0.13525,-0.145289,-0.43061028807356644,learned
fahrenheit_016,fahrenheit,gemma,gemma3:4b,0.479,1.0,0.075978,1.826484,0.44895,1.0,0.527625,2.631579,0.03005,0.0,-0.451647,-0.805095,-1.5044681649066165,learned
fahrenheit_017,fahrenheit,gemma,gemma3:4b,0.2151,1.0,0.244615,1.630435,0.4893,1.0,0.58812,2.209945,-0.2742,0.0,-0.343505,-0.57951,-1.1663019446985035,learned
fahrenheit_018,fahrenheit,gemma,gemma3:4b,0.45435,1.0,0.281825,0.546448,0.43125,1.0,0.43718,0.617284,0.0231,0.0,-0.155355,-0.070836,-0.46613004526044755,learned
fahrenheit_019,fahrenheit,gemma,gemma3:4b,0.4337,1.0,0.253815,0.591716,0.47115,1.0,0.438175,1.234568,-0.03745,0.0,-0.18436,-0.642852,-0.6954924670317455,learned
fahrenheit_020,fahrenheit,gemma,gemma3:4b,0.4763,1.0,0.407267,0.0,0.27115,1.0,0.3793,1.595745,0.20515,0.0,0.027967,-1.595745,-0.2857619135795031,learned
fahrenheit_021,fahrenheit,gemma,gemma3:4b,0.24955,1.0,0.318736,1.5625,0.3816,1.0,0.3957,0.0,-0.13205,0.0,-0.076964,1.5625,0.14275545461138126,learned
fahrenheit_022,fahrenheit,gemma,gemma3:4b,0.3671,1.0,0.169571,1.449275,0.3825,1.0,0.43902,0.518135,-0.0154,0.0,-0.269449,0.93114,-0.5579637593476395,learned
fahrenheit_023,fahrenheit,gemma,gemma3:4b,0.3508,1.0,0.249633,1.234568,0.465,1.0,0.507325,0.632911,-0.1142,0.0,-0.257692,0.601657,-0.6138623645763124,learned
fahrenheit_024,fahrenheit,gemma,gemma3:4b,0.12405,1.0,0.229833,2.12766,0.47425,1.0,0.51676,1.104972,-0.3502,0.0,-0.286927,1.022688,-0.6203388856487632,learned
fahrenheit_025,fahrenheit,gemma,gemma3:4b,0.3286,1.0,0.24165,0.0,0.4201,1.0,0.46512,1.058201,-0.0915,0.0,-0.22347,-1.058201,-0.9154817878868714,learned
fahrenheit_026,fahrenheit,gemma,gemma3:4b,0.42465,1.0,0.217309,0.0,0.40685,1.0,0.45424,0.555556,0.0178,0.0,-0.236931,-0.555556,-0.8213955601728394,learned
fahrenheit_027,fahrenheit,gemma,gemma3:4b,0.4572,1.0,0.320042,3.067485,0.49115,1.0,0.65772,1.025641,-0.03395,0.0,-0.337678,2.041844,-0.48813888236881015,learned
fahrenheit_028,fahrenheit,gemma,gemma3:4b,0.0258,1.0,0.343667,2.068966,0.45805,1.0,0.58465,1.333333,-0.43225,0.0,-0.240983,0.735633,-0.5649328989351128,learned
fahrenheit_029,fahrenheit,gemma,gemma3:4b,0.17,1.0,0.34,0.990099,0.3592,1.0,0.30856,0.526316,-0.1892,0.0,0.03144,0.463783,0.1848838782544151,learned
fahrenheit_030,fahrenheit,gemma,gemma3:4b,0.4403,1.0,0.397075,0.606061,0.4118,1.0,0.40018,0.0,0.0285,0.0,-0.003105,0.606061,0.14112548010662165,learned
fahrenheit_031,fahrenheit,gemma,gemma3:4b,0.42595,1.0,0.124433,1.212121,0.05135,1.0,0.32872,1.666667,0.3746,0.0,-0.204287,-0.454546,-0.6659554781251487,learned
fahrenheit_032,fahrenheit,gemma,gemma3:4b,0.33225,1.0,0.254382,0.0,0.48645,1.0,0.614125,1.351351,-0.1542,0.0,-0.359743,-1.351351,-1.3888790509314946,learned
fahrenheit_033,fahrenheit,gemma,gemma3:4b,0.366,1.0,0.33338,0.0,0.064,1.0,0.27622,0.970874,0.302,0.0,0.05716,-0.970874,-0.03934018273692427,learned
fahrenheit_034,fahrenheit,gemma,gemma3:4b,0.27885,1.0,0.104221,2.197802,0.3911,1.0,0.471925,1.863354,-0.11225,0.0,-0.367704,0.334448,-0.9981402178691605,learned
fahrenheit_035,fahrenheit,gemma,gemma3:4b,0.3454,1.0,0.29238,0.719424,0.48315,1.0,0.6254,0.578035,-0.13775,0.0,-0.33302,0.141389,-0.9468834041837656,learned
fahrenheit_036,fahrenheit,gemma,gemma3:4b,0.49045,1.0,0.326982,1.604278,0.1806,1.0,0.26818,0.5,0.30985,0.0,0.058802,1.104278,0.47045054726695223,learned
fahrenheit_037,fahrenheit,gemma,gemma3:4b,0.44545,1.0,0.46131,0.0,0.38915,1.0,0.38218,0.512821,0.0563,0.0,0.07913,-0.512821,0.11093145907955913,learned
fahrenheit_038,fahrenheit,gemma,gemma3:4b,0.40475,1.0,0.115533,0.0,0.45405,1.0,0.36918,1.092896,-0.0493,0.0,-0.253647,-1.092896,-1.007299178461685,learned
fahrenheit_039,fahrenheit,gemma,gemma3:4b,0.4245,1.0,0.203682,0.578035,0.48415,1.0,0.64902,0.512821,-0.05965,0.0,-0.445338,0.065214,-1.2837416788392446,learned
fahrenheit_040,fahrenheit,gemma,gemma3:4b,0.47775,1.0,0.184289,2.339181,0.47725,1.0,0.53306,0.970874,0.0005,0.0,-0.348771,1.368307,-0.6805353395856468,learned
fahrenheit_041,fahrenheit,gemma,gemma3:4b,0.4231,1.0,0.193054,0.0,0.436,1.0,0.388425,1.25,-0.0129,0.0,-0.195371,-1.25,-0.8725203177967393,learned
fahrenheit_042,fahrenheit,gemma,gemma3:4b,0.42075,1.0,0.169378,0.0,0.064,1.0,0.42124,0.564972,0.35675,0.0,-0.251862,-0.564972,-0.8327812929269955,learned
fahrenheit_043,fahrenheit,gemma,gemma3:4b,0.15355,1.0,0.123146,0.0,0.49165,1.0,0.7103,1.041667,-0.3381,0.0,-0.587154,-1.041667,-1.9927774144394355,learned
fahrenheit_044,fahrenheit,gemma,gemma3:4b,0.47235,1.0,0.200978,2.068966,0.2553,1.0,0.64622,1.136364,0.21705,0.0,-0.445242,0.932602,-1.0447243983575576,learned
fahrenheit_045,fahrenheit,gemma,gemma3:4b,0.48445,1.0,0.160853,0.502513,0.3715,1.0,0.40474,0.578035,0.11295,0.0,-0.243887,-0.075522,-0.7153393315246073,learned
fahrenheit_046,fahrenheit,gemma,gemma3:4b,0.48995,1.0,0.292353,1.570681,0.4531,1.0,0.3342,0.505051,0.03685,0.0,-0.041847,1.06563,0.14110500217746458,learned
fahrenheit_047,fahrenheit,gemma,gemma3:4b,0.4791,1.0,0.34409,0.0,0.4866,1.0,0.56388,1.694915,-0.0075,0.0,-0.21979,-1.694915,-1.0510102271612956,learned
fahrenheit_048,fahrenheit,gemma,gemma3:4b,0.4268,1.0,0.188,2.564103,0.3404,1.0,0.205675,1.960784,0.0864,0.0,-0.017675,0.603319,0.10399264562461971,learned
fahrenheit_049,fahrenheit,gemma,gemma3:4b,0.357,1.0,0.6983,0.0,0.36375,1.0,0.35294,0.591716,-0.00675,0.0,0.34536,-0.591716,0.8586943366940796,learned
iron_heel_000,iron_heel,gemma,gemma3:4b,0.4868,1.0,0.689367,1.30719,0.4734,1.0,0.58634,0.0,0.0134,0.0,0.103027,1.30719,0.6182390005493159,learned
iron_heel_001,iron_heel,gemma,gemma3:4b,0.4736,1.0,0.321633,1.123596,0.49495,1.0,0.79718,1.117318,-0.02135,0.0,-0.475547,0.006278,-1.3819365143411262,learned
iron_heel_002,iron_heel,gemma,gemma3:4b,0.49545,1.0,0.568556,0.561798,0.33525,1.0,0.46892,1.522843,0.1602,0.0,0.099636,-0.961045,0.07208892373665063,learned
iron_heel_003,iron_heel,gemma,gemma3:4b,0.41025,1.0,0.278087,1.219512,0.24695,1.0,0.47615,0.746269,0.1633,0.0,-0.198063,0.473243,-0.4438043457444505,learned
iron_heel_004,iron_heel,gemma,gemma3:4b,0.41125,1.0,0.25444,0.0,0.3393,1.0,0.47894,0.568182,0.07195,0.0,-0.2245,-0.568182,-0.782880435558782,learned
iron_heel_005,iron_heel,gemma,gemma3:4b,0.4721,1.0,0.441067,2.380952,0.46855,1.0,0.51858,1.117318,0.00355,0.0,-0.077513,1.263634,0.08225201388772743,learned
iron_heel_006,iron_heel,gemma,gemma3:4b,0.03895,1.0,0.659917,0.574713,0.4638,1.0,0.493375,1.621622,-0.42485,0.0,0.166542,-1.046909,0.18640948273163538,learned
iron_heel_007,iron_heel,gemma,gemma3:4b,0.38585,1.0,0.260915,2.312139,0.45765,1.0,0.45702,1.025641,-0.0718,0.0,-0.196105,1.286498,-0.2642808161326614,learned
iron_heel_008,iron_heel,gemma,gemma3:4b,0.47745,1.0,0.380267,0.0,0.4842,1.0,0.65778,0.0,-0.00675,0.0,-0.277513,0.0,-0.8067639301562782,learned
iron_heel_009,iron_heel,gemma,gemma3:4b,0.3715,1.0,0.121845,3.314917,0.4359,1.0,0.36354,2.094241,-0.0644,0.0,-0.241695,1.220676,-0.4119497816283167,learned
iron_heel_010,iron_heel,gemma,gemma3:4b,0.46745,1.0,0.327486,0.657895,0.49025,1.0,0.58905,1.428571,-0.0228,0.0,-0.261564,-0.770676,-0.9493218137967689,learned
iron_heel_011,iron_heel,gemma,gemma3:4b,0.37595,1.0,0.28287,0.598802,0.418,1.0,0.3683,1.149425,-0.04205,0.0,-0.08543,-0.550623,-0.38618926230304124,learned
iron_heel_012,iron_heel,gemma,gemma3:4b,0.2657,1.0,0.2228,0.531915,0.4708,1.0,0.57055,0.645161,-0.2051,0.0,-0.34775,-0.113246,-1.0583510112660952,learned
iron_heel_013,iron_heel,gemma,gemma3:4b,0.3102,1.0,0.27632,2.030457,0.4902,1.0,0.6527,0.675676,-0.18,0.0,-0.37638,1.354781,-0.7822673487441568,learned
iron_heel_014,iron_heel,gemma,gemma3:4b,0.48525,1.0,0.354433,1.675978,0.0987,1.0,0.300867,1.025641,0.38655,0.0,0.053566,0.650337,0.3526968401135796,learned
iron_heel_015,iron_heel,gemma,gemma3:4b,0.25,1.0,0.239025,0.0,0.47865,1.0,0.5684,1.315789,-0.22865,0.0,-0.329375,-1.315789,-1.2995570456241463,learned
iron_heel_016,iron_heel,gemma,gemma3:4b,0.4464,1.0,0.503233,1.020408,0.401,1.0,0.39094,0.520833,0.0454,0.0,0.112293,0.499575,0.45215209901437514,learned
iron_heel_017,iron_heel,gemma,gemma3:4b,0.49235,1.0,0.654443,0.0,0.36345,1.0,0.36416,0.512821,0.1289,0.0,0.290283,-0.512821,0.7316002128536887,learned
iron_heel_018,iron_heel,gemma,gemma3:4b,0.24535,1.0,0.23474,2.173913,0.31245,1.0,0.46864,1.075269,-0.0671,0.0,-0.2339,1.098644,-0.4192326970735296,learned
iron_heel_019,iron_heel,gemma,gemma3:4b,0.47795,1.0,0.312123,1.06383,0.4708,1.0,0.62774,0.515464,0.00715,0.0,-0.315617,0.548366,-0.7827938659653119,learned
iron_heel_020,iron_heel,gemma,gemma3:4b,0.4871,1.0,0.443936,2.105263,0.47585,1.0,0.50574,1.149425,0.01125,0.0,-0.061804,0.955838,0.05387057700105327,learned
iron_heel_021,iron_heel,gemma,gemma3:4b,0.2467,1.0,0.318017,0.512821,0.22225,1.0,0.63494,0.555556,0.02445,0.0,-0.316923,-0.042735,-0.9284658757992381,learned
iron_heel_022,iron_heel,gemma,gemma3:4b,0.11315,1.0,0.3478,0.537634,0.49335,1.0,0.7859,0.555556,-0.3802,0.0,-0.4381,-0.017922,-1.3153296626628315,learned
iron_heel_023,iron_heel,gemma,gemma3:4b,0.48295,1.0,0.412714,1.470588,0.4849,1.0,0.611,0.0,-0.00195,0.0,-0.198286,1.470588,-0.21882243345536462,learned
iron_heel_024,iron_heel,gemma,gemma3:4b,0.05185,1.0,0.340818,1.485149,0.37895,1.0,0.41934,2.380952,-0.3271,0.0,-0.078522,-0.895803,-0.4788186801491776,learned
iron_heel_025,iron_heel,gemma,gemma3:4b,0.36345,1.0,0.306314,0.689655,0.47565,1.0,0.46544,0.520833,-0.1122,0.0,-0.159126,0.168822,-0.4325309733045043,learned
iron_heel_026,iron_heel,gemma,gemma3:4b,0.425,1.0,0.1671,0.609756,0.4879,1.0,0.65952,0.546448,-0.0629,0.0,-0.49242,0.063308,-1.4212907072240837,learned
iron_heel_027,iron_heel,gemma,gemma3:4b,0.48705,1.0,0.481629,2.873563,0.4923,1.0,0.66124,1.840491,-0.00525,0.0,-0.179611,1.033072,-0.2712206790802638,learned
iron_heel_028,iron_heel,gemma,gemma3:4b,0.46155,1.0,0.426062,2.325581,0.4965,1.0,0.77366,0.0,-0.03495,0.0,-0.347598,2.325581,-0.4481108499752081,learned
iron_heel_029,iron_heel,gemma,gemma3:4b,0.0386,1.0,0.116677,0.505051,0.10115,1.0,0.555325,2.702703,-0.06255,0.0,-0.438648,-2.197652,-1.8144416563872157,learned
iron_heel_030,iron_heel,gemma,gemma3:4b,0.4279,1.0,0.342983,0.5,0.47755,1.0,0.50038,1.142857,-0.04965,0.0,-0.157397,-0.642857,-0.6184088430241325,learned
iron_heel_031,iron_heel,gemma,gemma3:4b,0.2264,1.0,0.268557,1.796407,0.0129,1.0,0.310725,1.960784,0.2135,0.0,-0.042168,-0.164377,-0.140837387123601,learned
iron_heel_032,iron_heel,gemma,gemma3:4b,0.48485,1.0,0.352378,0.0,0.45685,1.0,0.65038,1.204819,0.028,0.0,-0.298002,-1.204819,-1.1555149795221054,learned
iron_heel_033,iron_heel,gemma,gemma3:4b,0.4862,1.0,0.318867,0.502513,0.4733,1.0,0.5085,0.520833,0.0129,0.0,-0.189633,-0.01832,-0.5539668630484434,learned
iron_heel_034,iron_heel,gemma,gemma3:4b,0.125,1.0,0.46755,0.75188,0.10115,1.0,0.6017,1.069519,0.02385,0.0,-0.13415,-0.317639,-0.4644298963444457,learned
iron_heel_035,iron_heel,gemma,gemma3:4b,0.2193,1.0,0.191453,1.111111,0.11315,1.0,0.407175,0.735294,0.10615,0.0,-0.215722,0.375817,-0.5245491892029533,learned
iron_heel_036,iron_heel,gemma,gemma3:4b,0.1591,1.0,0.26747,1.129944,0.43125,1.0,0.44388,1.840491,-0.27215,0.0,-0.17641,-0.710547,-0.7125800116586924,learned
iron_heel_037,iron_heel,gemma,gemma3:4b,0.29975,1.0,0.26493,2.259887,0.4037,1.0,0.4843,0.510204,-0.10395,0.0,-0.21937,1.749683,-0.22256222556930222,learned
iron_heel_038,iron_heel,gemma,gemma3:4b,0.49105,1.0,0.302389,2.824859,0.49375,1.0,0.65354,1.442308,-0.0027,0.0,-0.351151,1.382551,-0.6843109352950448,learned
iron_heel_039,iron_heel,gemma,gemma3:4b,0.4822,1.0,0.283022,0.0,0.2553,1.0,0.68934,0.512821,0.2269,0.0,-0.406318,-0.512821,-1.2818812311138286,learned
iron_heel_040,iron_heel,gemma,gemma3:4b,0.07155,1.0,0.1533,0.515464,0.4812,1.0,0.55542,0.606061,-0.40965,0.0,-0.40212,-0.090597,-1.2314564799472811,learned
iron_heel_041,iron_heel,gemma,gemma3:4b,0.4074,1.0,0.42706,1.818182,0.42955,1.0,0.571875,0.0,-0.02215,0.0,-0.144815,1.818182,0.018909873462950255,learned
iron_heel_042,iron_heel,gemma,gemma3:4b,0.3953,1.0,0.3295,0.0,0.33525,1.0,0.41686,0.588235,0.06005,0.0,-0.08736,-0.588235,-0.3906108795863309,learned
iron_heel_043,iron_heel,gemma,gemma3:4b,0.43205,1.0,0.2922,0.0,0.47115,1.0,0.61546,2.247191,-0.0391,0.0,-0.32326,-2.247191,-1.488944627105211,learned
iron_heel_044,iron_heel,gemma,gemma3:4b,0.3982,1.0,0.24952,1.020408,0.4329,1.0,0.37924,0.518135,-0.0347,0.0,-0.12972,0.502273,-0.25825728605702375,learned
iron_heel_045,iron_heel,gemma,gemma3:4b,0.4745,1.0,0.20103,0.0,0.45305,1.0,0.37872,1.282051,0.02145,0.0,-0.17769,-1.282051,-0.8254776770333283,learned
iron_heel_046,iron_heel,gemma,gemma3:4b,0.463,1.0,0.243444,2.97619,0.17985,1.0,0.3201,1.485149,0.28315,0.0,-0.076656,1.491041,0.16826818653956416,learned
iron_heel_047,iron_heel,gemma,gemma3:4b,0.4214,1.0,0.31015,3.703704,0.494,1.0,0.7124,1.123596,-0.0726,0.0,-0.40225,2.580108,-0.5488174305720994,learned
iron_heel_048,iron_heel,gemma,gemma3:4b,0.44285,1.0,0.2657,0.0,0.1806,1.0,0.23134,1.111111,0.26225,0.0,0.03436,-1.111111,-0.14366091828859578,learned
iron_heel_049,iron_heel,gemma,gemma3:4b,0.4252,1.0,0.44739,0.0,0.468,1.0,0.52282,0.507614,-0.0428,0.0,-0.07543,-0.507614,-0.34676800284794485,learned
time_machine_000,time_machine,gemma,gemma3:4b,0.4157,1.0,0.31992,0.540541,0.4957,1.0,0.77554,1.069519,-0.08,0.0,-0.45562,-0.528978,-1.4600438391819588,learned
time_machine_001,time_machine,gemma,gemma3:4b,0.42765,1.0,0.294686,0.526316,0.4898,1.0,0.5999,0.574713,-0.06215,0.0,-0.305214,-0.048397,-0.9045872085446328,learned
time_machine_002,time_machine,gemma,gemma3:4b,0.33285,1.0,0.185146,0.0,0.4882,1.0,0.54378,1.257862,-0.15535,0.0,-0.358634,-1.257862,-1.3630577811299336,learned
time_machine_003,time_machine,gemma,gemma3:4b,0.15225,1.0,0.239012,0.555556,0.0386,1.0,0.27832,0.510204,0.11365,0.0,-0.039308,0.045352,-0.09166535465063133,learned
time_machine_004,time_machine,gemma,gemma3:4b,0.44415,1.0,0.383514,1.530612,0.47065,1.0,0.38504,0.990099,-0.0265,0.0,-0.001526,0.540513,0.12422373688689974,learned
time_machine_005,time_machine,gemma,gemma3:4b,0.4814,1.0,0.177757,0.515464,0.44425,1.0,0.34298,0.526316,0.03715,0.0,-0.165223,-0.010852,-0.47879751545640103,learned
time_machine_006,time_machine,gemma,gemma3:4b,0.41665,1.0,0.203845,1.081081,0.49015,1.0,0.6959,0.613497,-0.0735,0.0,-0.492055,0.467584,-1.32306991721161,learned
time_machine_007,time_machine,gemma,gemma3:4b,0.2117,1.0,0.077911,1.257862,0.4511,1.0,0.4459,0.574713,-0.2394,0.0,-0.367989,0.683149,-0.9270957946624313,learned
time_machine_008,time_machine,gemma,gemma3:4b,0.45895,1.0,0.316231,0.0,0.48145,1.0,0.5165,0.534759,-0.0225,0.0,-0.200269,-0.534759,-0.7139263094706275,learned
time_machine_009,time_machine,gemma,gemma3:4b,0.2787,1.0,0.148518,1.734104,0.48285,1.0,0.61582,0.636943,-0.20415,0.0,-0.467302,1.097161,-1.1114042461852902,learned
time_machine_010,time_machine,gemma,gemma3:4b,0.1161,1.0,0.422333,0.520833,0.3238,1.0,0.290033,1.104972,-0.2077,0.0,0.1323,-0.584139,0.2213498313247136,learned
time_machine_011,time_machine,gemma,gemma3:4b,0.20195,1.0,0.101946,0.485437,0.436,1.0,0.727025,1.360544,-0.23405,0.0,-0.625079,-0.875107,-2.0519447554830315,learned
time_machine_012,time_machine,gemma,gemma3:4b,0.3089,1.0,0.201644,1.183432,0.1806,1.0,0.234425,1.428571,0.1283,0.0,-0.032781,-0.245139,-0.14180984437098293,learned
time_machine_013,time_machine,gemma,gemma3:4b,0.27495,1.0,0.230436,0.0,0.42775,1.0,0.463833,0.458716,-0.1528,0.0,-0.233397,-0.458716,-0.8048495728569889,learned
time_machine_014,time_machine,gemma,gemma3:4b,0.4015,1.0,0.177912,0.0,0.45005,1.0,0.57888,1.25,-0.04855,0.0,-0.400968,-1.25,-1.4733147043970685,learned
time_machine_015,time_machine,gemma,gemma3:4b,0.49675,1.0,0.513733,1.734104,0.4495,1.0,0.4067,1.807229,0.04725,0.0,0.107033,-0.073125,0.2979040232897055,learned
time_machine_016,time_machine,gemma,gemma3:4b,0.1508,1.0,0.277864,1.578947,0.2958,1.0,0.40854,1.052632,-0.145,0.0,-0.130676,0.526315,-0.26634492145863053,learned
time_machine_017,time_machine,gemma,gemma3:4b,0.2188,1.0,0.318975,1.086957,0.4824,1.0,0.62272,0.518135,-0.2636,0.0,-0.303745,0.568822,-0.7707151600129438,learned
time_machine_018,time_machine,gemma,gemma3:4b,0.0871,1.0,0.078992,0.555556,0.064,1.0,0.21176,0.0,0.0231,0.0,-0.132768,0.555556,-0.24831957099597937,learned
time_machine_019,time_machine,gemma,gemma3:4b,0.41495,1.0,0.343293,0.546448,0.48735,1.0,0.5713,1.734104,-0.0724,0.0,-0.228007,-1.187656,-0.9581844311630819,learned
time_machine_020,time_machine,gemma,gemma3:4b,0.38075,1.0,0.20965,2.684564,0.148,1.0,0.311475,2.877698,0.23275,0.0,-0.101825,-0.193134,-0.31916188027875647,learned
time_machine_021,time_machine,gemma,gemma3:4b,0.4696,1.0,0.18332,1.04712,0.4847,1.0,0.55512,1.123596,-0.0151,0.0,-0.3718,-0.076476,-1.1000624643666754,learned
time_machine_022,time_machine,gemma,gemma3:4b,0.466,1.0,0.119008,1.020408,0.2611,1.0,0.28538,0.0,0.2049,0.0,-0.166372,1.020408,-0.2145944442570483,learned
time_machine_023,time_machine,gemma,gemma3:4b,0.48315,1.0,0.338471,1.030928,0.17765,1.0,0.4268,1.058201,0.3055,0.0,-0.088329,-0.027273,-0.23230323545234322,learned
time_machine_024,time_machine,gemma,gemma3:4b,0.4835,1.0,0.184685,0.0,0.41125,1.0,0.368675,1.298701,0.07225,0.0,-0.18399,-1.298701,-0.8426862622995861,learned
time_machine_025,time_machine,gemma,gemma3:4b,0.3753,1.0,0.219225,1.257862,0.455,1.0,0.57326,1.041667,-0.0797,0.0,-0.354035,0.216195,-0.9838787386477122,learned
time_machine_026,time_machine,gemma,gemma3:4b,0.48945,1.0,0.271308,0.438596,0.38785,1.0,0.55618,0.0,0.1016,0.0,-0.284872,0.438596,-0.7106123572698249,learned
time_machine_027,time_machine,gemma,gemma3:4b,0.47945,1.0,0.217636,1.5625,0.49585,1.0,0.75084,1.342282,-0.0164,0.0,-0.533204,0.220218,-1.4969262271178312,learned
time_machine_028,time_machine,gemma,gemma3:4b,0.4531,1.0,0.314129,1.273885,0.28075,1.0,0.3925,0.529101,0.17235,0.0,-0.078371,0.744784,-0.029244536088168238,learned
time_machine_029,time_machine,gemma,gemma3:4b,0.23105,1.0,0.150458,0.574713,0.418,1.0,0.37326,0.595238,-0.18695,0.0,-0.222802,-0.020525,-0.6710544821581417,learned
time_machine_030,time_machine,gemma,gemma3:4b,0.43465,1.0,0.283653,0.510204,0.42405,1.0,0.31574,0.0,0.0106,0.0,-0.032087,0.510204,0.03184101339245356,learned
time_machine_031,time_machine,gemma,gemma3:4b,0.3548,1.0,0.1418,0.584795,0.148,1.0,0.33678,1.010101,0.2068,0.0,-0.19498,-0.425306,-0.6487834458393373,learned
time_machine_032,time_machine,gemma,gemma3:4b,0.22485,1.0,0.242625,0.671141,0.492,1.0,0.72838,0.574713,-0.26715,0.0,-0.485755,0.096428,-1.4145355260326575,learned
time_machine_033,time_machine,gemma,gemma3:4b,0.35995,1.0,0.172656,0.888889,0.08895,1.0,0.18114,0.540541,0.271,0.0,-0.008484,0.348348,0.0874008272273035,learned
time_machine_034,time_machine,gemma,gemma3:4b,0.492,1.0,0.36172,1.724138,0.47465,1.0,0.5249,0.0,0.01735,0.0,-0.16318,1.724138,-0.053291475498314256,learned
time_machine_035,time_machine,gemma,gemma3:4b,0.4155,1.0,0.423237,0.0,0.10115,1.0,0.21792,0.520833,0.31435,0.0,0.205317,-0.520833,0.5016070367682337,learned
time_machine_036,time_machine,gemma,gemma3:4b,0.48675,1.0,0.3684,0.0,0.3715,1.0,0.30962,0.555556,0.11525,0.0,0.05878,-0.555556,0.047398209656704715,learned
time_machine_037,time_machine,gemma,gemma3:4b,0.26705,1.0,0.299381,0.966184,0.49215,1.0,0.59335,1.775148,-0.2251,0.0,-0.293969,-0.808964,-1.0732055652520733,learned
time_machine_038,time_machine,gemma,gemma3:4b,0.475,1.0,0.283144,2.01005,0.45645,1.0,0.50188,1.554404,0.01855,0.0,-0.218736,0.455646,-0.5227640735661131,learned
time_machine_039,time_machine,gemma,gemma3:4b,0.44665,1.0,0.37665,1.657459,0.092,1.0,0.4692,2.453988,0.35465,0.0,-0.09255,-0.796529,-0.4265106498409581,learned
time_machine_040,time_machine,gemma,gemma3:4b,0.2176,1.0,0.172673,0.621118,0.48355,1.0,0.5935,2.173913,-0.26595,0.0,-0.420827,-1.552795,-1.6265541682016378,learned
time_machine_041,time_machine,gemma,gemma3:4b,0.4198,1.0,0.217189,1.578947,0.23965,1.0,0.42018,1.058201,0.18015,0.0,-0.202991,0.520746,-0.4448723506240879,learned
time_machine_042,time_machine,gemma,gemma3:4b,0.3141,1.0,0.178986,1.428571,0.41715,1.0,0.6049,0.0,-0.10305,0.0,-0.425914,1.428571,-0.9004366008495315,learned
time_machine_043,time_machine,gemma,gemma3:4b,0.3505,1.0,0.4328,1.960784,0.4287,1.0,0.599,0.549451,-0.0782,0.0,-0.1662,1.411333,-0.14773117945054348,learned
time_machine_044,time_machine,gemma,gemma3:4b,0.38135,1.0,0.162323,1.176471,0.24445,1.0,0.520525,1.829268,0.1369,0.0,-0.358202,-0.652797,-1.1852323944697507,learned
time_machine_045,time_machine,gemma,gemma3:4b,0.2794,1.0,0.27219,0.529101,0.46625,1.0,0.482475,0.613497,-0.18685,0.0,-0.210285,-0.084396,-0.6502063131089203,learned
time_machine_046,time_machine,gemma,gemma3:4b,0.48655,1.0,0.260785,0.0,0.1366,1.0,0.44562,1.129944,0.34995,0.0,-0.184835,-1.129944,-0.776056913954989,learned
time_machine_047,time_machine,gemma,gemma3:4b,0.4786,1.0,0.31269,1.648352,0.4814,1.0,0.5968,1.538462,-0.0028,0.0,-0.28411,0.10989,-0.7988251453666293,learned
time_machine_048,time_machine,gemma,gemma3:4b,0.3766,1.0,0.247308,0.995025,0.0258,1.0,0.65296,0.549451,0.3508,0.0,-0.405652,0.445574,-1.034544920696454,learned
time_machine_049,time_machine,gemma,gemma3:4b,0.4422,1.0,0.154814,0.520833,0.43125,1.0,0.30262,0.543478,0.01095,0.0,-0.147806,-0.022645,-0.43372164174569616,learned
we_000,we,gemma,gemma3:4b,0.4218,1.0,0.360312,1.775148,0.47865,1.0,0.55735,3.759398,-0.05685,0.0,-0.197038,-1.98425,-1.0602168182094422,learned
we_001,we,gemma,gemma3:4b,0.48055,1.0,0.447562,2.116402,0.49245,1.0,0.70272,0.520833,-0.0119,0.0,-0.255158,1.595569,-0.354654109326911,learned
we_002,we,gemma,gemma3:4b,0.14545,1.0,0.323111,0.529101,0.44785,1.0,0.4601,1.052632,-0.3024,0.0,-0.136989,-0.523531,-0.5556921666455904,learned
we_003,we,gemma,gemma3:4b,0.4674,1.0,0.62114,0.75188,0.37805,1.0,0.46884,0.520833,0.08935,0.0,0.1523,0.231047,0.5075548973423619,learned
we_004,we,gemma,gemma3:4b,0.35215,1.0,0.317892,2.162162,0.47545,1.0,0.4709,0.0,-0.1233,0.0,-0.153008,2.162162,0.06846600199625719,learned
we_005,we,gemma,gemma3:4b,0.282,1.0,0.26392,0.564972,0.27115,1.0,0.32792,1.886792,0.01085,0.0,-0.064,-1.32182,-0.5059816583065003,learned
we_006,we,gemma,gemma3:4b,0.4916,1.0,0.5741,0.0,0.418,1.0,0.3799,0.990099,0.0736,0.0,0.1942,-0.990099,0.3309494814604036,learned
we_007,we,gemma,gemma3:4b,0.39675,1.0,0.333367,0.0,0.2202,1.0,0.5882,1.754386,0.17655,0.0,-0.254833,-1.754386,-1.1486392092081632,learned
we_008,we,gemma,gemma3:4b,0.3786,1.0,0.235478,1.538462,0.1366,1.0,0.36812,0.480769,0.242,0.0,-0.132642,1.057693,-0.10380932978767676,learned
we_009,we,gemma,gemma3:4b,0.4832,1.0,0.5621,2.797203,0.26035,1.0,0.3538,0.549451,0.22285,0.0,0.2083,2.247752,1.173740230609695,learned
we_010,we,gemma,gemma3:4b,0.23985,1.0,0.12265,3.125,0.3404,1.0,0.40148,0.531915,-0.10055,0.0,-0.27883,2.593085,-0.1899969305044813,learned
we_011,we,gemma,gemma3:4b,0.3434,1.0,0.142275,1.621622,0.46435,1.0,0.49102,0.552486,-0.12095,0.0,-0.348745,1.069136,-0.7654333924035288,learned
we_012,we,gemma,gemma3:4b,0.4445,1.0,0.3589,2.604167,0.36345,1.0,0.230625,0.632911,0.08105,0.0,0.128275,1.971256,0.8597731232938794,learned
we_013,we,gemma,gemma3:4b,0.45155,1.0,0.215825,1.807229,0.3953,1.0,0.26758,1.030928,0.05625,0.0,-0.051755,0.776301,0.043985020544645315,learned
we_014,we,gemma,gemma3:4b,0.143,1.0,0.089954,0.0,0.45765,1.0,0.4967,0.598802,-0.31465,0.0,-0.406746,-0.598802,-1.3587732577789378,learned
we_015,we,gemma,gemma3:4b,0.0322,1.0,0.116317,1.694915,0.31845,1.0,0.268425,2.580645,-0.28625,0.0,-0.152108,-0.88573,-0.6859831558228664,learned
we_016,we,gemma,gemma3:4b,0.3562,1.0,0.3637,0.0,0.0653,1.0,0.45574,0.512821,0.2909,0.0,-0.09204,-0.512821,-0.36253878041310533,learned
we_017,we,gemma,gemma3:4b,0.16,1.0,0.19445,2.162162,0.21075,1.0,0.51474,1.030928,-0.05075,0.0,-0.32029,1.131234,-0.6605944344261756,learned
we_018,we,gemma,gemma3:4b,0.36255,1.0,0.288571,1.098901,0.48815,1.0,0.68958,1.716738,-0.1256,0.0,-0.401009,-0.617837,-1.327619294025887,learned
we_019,we,gemma,gemma3:4b,0.4457,1.0,0.44185,0.564972,0.4458,1.0,0.5152,0.0,-0.0001,0.0,-0.07335,0.564972,-0.07578822453634226,learned
we_020,we,gemma,gemma3:4b,0.1396,1.0,0.18132,1.129944,0.4158,1.0,0.320475,0.0,-0.2762,0.0,-0.139155,1.129944,-0.1575675188530249,learned
we_021,we,gemma,gemma3:4b,0.1472,1.0,0.193114,1.95122,0.4158,1.0,0.48136,1.069519,-0.2686,0.0,-0.288246,0.881701,-0.6501769501012099,learned
we_022,we,gemma,gemma3:4b,0.4526,1.0,0.398875,1.142857,0.4934,1.0,0.54748,1.025641,-0.0408,0.0,-0.148605,0.117216,-0.4072910754842149,learned
we_023,we,gemma,gemma3:4b,0.0376,1.0,0.312571,1.219512,0.08585,1.0,0.20216,0.492611,-0.04825,0.0,0.110411,0.726901,0.4924528949557141,learned
we_024,we,gemma,gemma3:4b,0.37895,1.0,0.37878,0.574713,0.05135,1.0,0.39072,0.0,0.3276,0.0,-0.01194,0.574713,0.13808816461755596,learned
we_025,we,gemma,gemma3:4b,0.4416,1.0,0.201743,0.0,0.4348,1.0,0.47594,1.015228,0.0068,0.0,-0.274197,-1.015228,-1.0424455937913135,learned
we_026,we,gemma,gemma3:4b,0.37865,1.0,0.3325,1.136364,0.2294,1.0,0.57142,1.612903,0.14925,0.0,-0.23892,-0.476539,-0.7946820187567049,learned
we_027,we,gemma,gemma3:4b,0.44335,1.0,0.1935,2.762431,0.27005,1.0,0.25916,0.5,0.1733,0.0,-0.06566,2.262431,0.3765357503521339,learned
we_028,we,gemma,gemma3:4b,0.4624,1.0,0.3019,1.630435,0.3592,1.0,0.4751,4.046243,0.1032,0.0,-0.1732,-2.415808,-1.0796540538402446,learned
we_029,we,gemma,gemma3:4b,0.4871,1.0,0.207023,0.609756,0.3986,1.0,0.57016,1.086957,0.0885,0.0,-0.363137,-0.477201,-1.161793773656002,learned
we_030,we,gemma,gemma3:4b,0.35015,1.0,0.4286,2.352941,0.4201,1.0,0.41276,0.0,-0.06995,0.0,0.01584,2.352941,0.6106627770988707,learned
we_031,we,gemma,gemma3:4b,0.398,1.0,0.218536,0.558659,0.47425,1.0,0.602225,0.598802,-0.07625,0.0,-0.383689,-0.040143,-1.1319506338015684,learned
we_032,we,gemma,gemma3:4b,0.0866,1.0,0.213367,1.639344,0.0258,1.0,0.4861,1.863354,0.0608,0.0,-0.272733,-0.22401,-0.8404802902284394,learned
we_033,we,gemma,gemma3:4b,0.4675,1.0,0.17979,1.675978,0.4882,1.0,0.6359,0.970874,-0.0207,0.0,-0.45611,0.705104,-1.1556097407782064,learned
we_034,we,gemma,gemma3:4b,0.4323,1.0,0.258362,1.298701,0.1664,1.0,0.3279,0.970874,0.2659,0.0,-0.069538,0.327827,-0.0954423293631705,learned
we_035,we,gemma,gemma3:4b,0.2294,1.0,0.236643,4.232804,0.47445,1.0,0.67575,0.568182,-0.24505,0.0,-0.439107,3.664622,-0.40979228045587646,learned
we_036,we,gemma,gemma3:4b,0.4881,1.0,0.386925,0.543478,0.4531,1.0,0.413925,0.714286,0.035,0.0,-0.027,-0.170808,-0.11639048544682346,learned
we_037,we,gemma,gemma3:4b,0.08965,1.0,0.199958,1.507538,0.42875,1.0,0.3822,0.5,-0.3391,0.0,-0.182242,1.007538,-0.3188232208001396,learned
we_038,we,gemma,gemma3:4b,0.367,1.0,0.218625,0.628931,0.11315,1.0,0.21525,1.351351,0.25385,0.0,0.003375,-0.72242,-0.14006572945884857,learned
we_039,we,gemma,gemma3:4b,0.2325,1.0,0.212767,1.948052,0.42365,1.0,0.23962,0.543478,-0.19115,0.0,-0.026853,1.404574,0.24396188104943325,learned
we_040,we,gemma,gemma3:4b,0.4727,1.0,0.226615,0.540541,0.44425,1.0,0.33886,0.520833,0.02845,0.0,-0.112245,0.019708,-0.31836843461518166,learned
we_041,we,gemma,gemma3:4b,0.49225,1.0,0.632825,1.242236,0.4559,1.0,0.44222,0.520833,0.03635,0.0,0.190605,0.721403,0.7326074492659951,learned
we_042,we,gemma,gemma3:4b,0.48,1.0,0.31222,0.571429,0.4759,1.0,0.4803,0.584795,0.0041,0.0,-0.16808,-0.013366,-0.4910487261785747,learned
we_043,we,gemma,gemma3:4b,0.45995,1.0,0.13,0.571429,0.38885,1.0,0.51812,1.129944,0.0711,0.0,-0.38812,-0.558515,-1.2558782338522032,learned
we_044,we,gemma,gemma3:4b,0.31265,1.0,0.106611,0.52356,0.0386,1.0,0.29774,1.111111,0.27405,0.0,-0.191129,-0.587551,-0.6702206986451005,learned
we_045,we,gemma,gemma3:4b,0.47465,1.0,0.530783,5.063291,0.44,1.0,0.40444,1.036269,0.03465,0.0,0.126343,4.027022,1.3489868221249153,learned
we_046,we,gemma,gemma3:4b,0.49105,1.0,0.380878,2.116402,0.2997,1.0,0.38116,1.129944,0.19135,0.0,-0.000282,0.986458,0.25822149820090007,learned
we_047,we,gemma,gemma3:4b,0.3609,1.0,0.500383,0.0,0.4063,1.0,0.522425,1.875,-0.0454,0.0,-0.022042,-1.875,-0.524208945253621,learned
we_048,we,gemma,gemma3:4b,0.12165,1.0,0.403045,2.185792,0.4037,1.0,0.43028,0.990099,-0.28205,0.0,-0.027235,1.195693,0.18290665304376502,learned
we_049,we,gemma,gemma3:4b,0.25635,1.0,0.276486,0.546448,0.3243,1.0,0.28932,1.630435,-0.06795,0.0,-0.012834,-1.083987,-0.3075398286886417,learned
1984_000,1984,phi,phi4-mini,0.16565,1.0,0.2849,0.621118,0.48595,1.0,0.59728,1.923077,-0.3203,0.0,-0.31238,-1.301959,-1.2560987152482348,learned
1984_001,1984,phi,phi4-mini,0.25465,1.0,0.250308,2.941176,0.43125,1.0,0.6346,6.451613,-0.1766,0.0,-0.384292,-3.510437,-1.987072612224904,learned
1984_002,1984,phi,phi4-mini,0.1423,1.0,0.224067,0.595238,0.4623,1.0,0.57615,3.546099,-0.32,0.0,-0.352083,-2.950861,-1.7720480356342723,learned
1984_003,1984,phi,phi4-mini,0.4488,1.0,0.40975,1.785714,0.4909,1.0,0.646767,1.086957,-0.0421,0.0,-0.237017,0.698757,-0.5229246582537866,learned
1984_004,1984,phi,phi4-mini,0.43145,1.0,0.299367,2.906977,0.49065,1.0,0.465662,2.5,-0.0592,0.0,-0.166295,0.406977,-0.39012787178353153,learned
1984_005,1984,phi,phi4-mini,0.15205,1.0,0.27796,0.628931,0.46295,1.0,0.439786,2.45098,-0.3109,0.0,-0.161826,-1.822049,-0.944213057817979,learned
1984_006,1984,phi,phi4-mini,0.40125,1.0,0.3417,0.662252,0.48895,1.0,0.697267,1.73913,-0.0877,0.0,-0.355567,-1.076878,-1.3033328845736067,learned
1984_007,1984,phi,phi4-mini,0.4789,1.0,0.40302,1.219512,0.4647,1.0,0.6277,1.612903,0.0142,0.0,-0.22468,-0.393391,-0.746771140729476,learned
1984_008,1984,phi,phi4-mini,0.237,1.0,0.097408,2.777778,0.4604,1.0,0.33576,2.373887,-0.2234,0.0,-0.238352,0.403891,-0.6167814288774318,learned
1984_009,1984,phi,phi4-mini,0.4648,1.0,0.368046,0.60241,0.49245,1.0,0.72275,0.662252,-0.02765,0.0,-0.354704,-0.059842,-1.0476315266797644,learned
1984_010,1984,phi,phi4-mini,0.3208,1.0,0.33515,1.30719,0.27415,1.0,0.595783,3.535354,0.04665,0.0,-0.260633,-2.228164,-1.2937408210660273,learned
1984_011,1984,phi,phi4-mini,0.4201,1.0,0.293611,0.598802,0.4909,1.0,0.69245,2.453988,-0.0708,0.0,-0.398839,-1.855186,-1.6164305777975334,learned
1984_012,1984,phi,phi4-mini,0.2851,1.0,0.381643,1.388889,0.3807,1.0,0.6712,1.25,-0.0956,0.0,-0.289557,0.138889,-0.8169836990237831,learned
1984_013,1984,phi,phi4-mini,0.43825,1.0,0.20112,1.067616,0.1909,1.0,0.616575,3.007519,0.24735,0.0,-0.415455,-1.939903,-1.6531106779659979,learned
1984_014,1984,phi,phi4-mini,0.4732,1.0,0.425756,1.685393,0.45805,1.0,0.350557,1.538462,0.01515,0.0,0.075199,0.146931,0.2556613035353456,learned
1984_015,1984,phi,phi4-mini,0.49345,1.0,0.429029,0.632911,0.49695,1.0,0.590911,1.818182,-0.0035,0.0,-0.161882,-1.185271,-0.7585675750774777,learned
1984_016,1984,phi,phi4-mini,0.3527,1.0,0.631667,0.746269,0.49645,1.0,0.6048,2.180685,-0.14375,0.0,0.026867,-1.434416,-0.2850345317108909,learned
1984_017,1984,phi,phi4-mini,0.4088,1.0,0.553457,1.212121,0.4887,1.0,0.6454,1.612903,-0.0799,0.0,-0.091943,-0.400782,-0.37252551099240505,learned
1984_018,1984,phi,phi4-mini,0.41205,1.0,0.369417,1.459854,0.45845,1.0,0.354,3.030303,-0.0464,0.0,0.015417,-1.570449,-0.34150348122246355,learned
1984_019,1984,phi,phi4-mini,0.4883,1.0,0.63075,1.25,0.4843,1.0,0.51128,2.409639,0.004,0.0,0.11947,-1.159639,0.06565133680141255,learned
1984_020,1984,phi,phi4-mini,0.34795,1.0,0.372029,0.632911,0.1858,1.0,0.421471,1.941748,0.16215,0.0,-0.049442,-1.308837,-0.4452427837359736,learned
1984_021,1984,phi,phi4-mini,0.4531,1.0,0.225125,1.169591,0.2059,1.0,0.148,1.111111,0.2472,0.0,0.077125,0.05848,0.2632264528962948,learned
1984_022,1984,phi,phi4-mini,0.2761,1.0,0.280629,0.694444,0.47585,1.0,0.523525,2.255639,-0.19975,0.0,-0.242896,-1.561195,-1.1050722646289557,learned
1984_023,1984,phi,phi4-mini,0.4359,1.0,0.37002,0.0,0.4944,1.0,0.81214,3.954802,-0.0585,0.0,-0.44212,-3.954802,-2.2510754753484084,learned
1984_024,1984,phi,phi4-mini,0.0147,1.0,0.363529,0.0,0.4721,1.0,0.620667,2.164502,-0.4574,0.0,-0.257138,-2.164502,-1.3190854126980582,learned
1984_025,1984,phi,phi4-mini,0.377,1.0,0.1961,2.312139,0.4672,1.0,0.55944,2.933333,-0.0902,0.0,-0.36334,-0.621194,-1.2154399383944887,learned
1984_026,1984,phi,phi4-mini,0.2294,1.0,0.17078,2.5,0.4736,1.0,0.49742,2.346041,-0.2442,0.0,-0.32664,0.153959,-0.9360606671992713,learned
1984_027,1984,phi,phi4-mini,0.4221,1.0,0.3628,0.0,0.49895,1.0,0.626711,1.592357,-0.07685,0.0,-0.263911,-1.592357,-1.161258993585618,learned
1984_028,1984,phi,phi4-mini,0.2427,1.0,0.514233,1.360544,0.4956,1.0,0.415421,2.595628,-0.2529,0.0,0.098812,-1.235084,-0.038660568907274484,learned
1984_029,1984,phi,phi4-mini,0.29735,1.0,0.3478,0.666667,0.47255,1.0,0.5379,3.272727,-0.1752,0.0,-0.1901,-2.60606,-1.2031203337893088,learned
1984_030,1984,phi,phi4-mini,0.4638,1.0,0.3258,1.242236,0.48285,1.0,0.460257,1.666667,-0.01905,0.0,-0.134457,-0.424431,-0.4956079926156934,learned
1984_031,1984,phi,phi4-mini,0.48315,1.0,0.273244,1.273885,0.2264,1.0,0.2893,1.442308,0.25675,0.0,-0.016056,-0.168423,-0.06160089984579483,learned
1984_032,1984,phi,phi4-mini,0.42865,1.0,0.313367,0.574713,0.476,1.0,0.4803,3.097345,-0.04735,0.0,-0.166933,-2.522632,-1.102629319578074,learned
1984_033,1984,phi,phi4-mini,0.0497,1.0,0.322337,1.724138,0.4202,1.0,0.434486,0.896861,-0.3705,0.0,-0.112149,0.827277,-0.16220209038140557,learned
1984_034,1984,phi,phi4-mini,0.46085,1.0,0.288325,3.184713,0.4623,1.0,0.452225,2.645503,-0.00145,0.0,-0.1639,0.53921,-0.3452015959565916,learned
1984_035,1984,phi,phi4-mini,0.4637,1.0,0.7326,0.0,0.48055,1.0,0.531529,1.408451,-0.01685,0.0,0.201071,-1.408451,0.2401092840168117,learned
1984_036,1984,phi,phi4-mini,0.07655,1.0,0.201283,1.273885,0.07655,1.0,0.42856,3.550296,0.0,0.0,-0.227277,-2.276411,-1.2132929877592482,learned
1984_037,1984,phi,phi4-mini,0.30515,1.0,0.427157,3.75,0.46875,1.0,0.453317,1.298701,-0.1636,0.0,-0.02616,2.451299,0.5030972613155231,learned
1984_038,1984,phi,phi4-mini,0.1628,1.0,0.465817,1.818182,0.4037,1.0,0.50865,2.083333,-0.2409,0.0,-0.042833,-0.265151,-0.21320041491960204,learned
1984_039,1984,phi,phi4-mini,0.2418,1.0,0.19589,1.438849,0.48525,1.0,0.722817,1.568627,-0.24345,0.0,-0.526927,-0.129778,-1.5866942341979298,learned
1984_040,1984,phi,phi4-mini,0.2495,1.0,0.492283,2.906977,0.42145,1.0,0.6689,3.351955,-0.17195,0.0,-0.176617,-0.444978,-0.6385210488856106,learned
1984_041,1984,phi,phi4-mini,0.288,1.0,0.36742,2.531646,0.49025,1.0,0.5405,1.449275,-0.20225,0.0,-0.17308,1.082371,-0.26019043608893855,learned
1984_042,1984,phi,phi4-mini,0.2294,1.0,0.299229,0.657895,0.4562,1.0,0.470775,2.352941,-0.2268,0.0,-0.171546,-1.695046,-0.9330832787120465,learned
1984_043,1984,phi,phi4-mini,0.46585,1.0,0.268864,1.169591,0.4449,1.0,0.78265,3.361345,0.02095,0.0,-0.513786,-2.191754,-2.0228162223261172,learned
1984_044,1984,phi,phi4-mini,0.47525,1.0,0.26716,0.609756,0.4471,1.0,0.5657,2.5,0.02815,0.0,-0.29854,-1.890244,-1.323609438431554,learned
1984_045,1984,phi,phi4-mini,0.2954,1.0,0.21908,1.587302,0.27115,1.0,0.4776,4.918033,0.02425,0.0,-0.25852,-3.330731,-1.5577736771808703,learned
1984_046,1984,phi,phi4-mini,0.409,1.0,0.155987,2.197802,0.4789,1.0,0.74795,1.25,-0.0699,0.0,-0.591963,0.947802,-1.4962198570590894,learned
1984_047,1984,phi,phi4-mini,0.45905,1.0,0.359314,3.184713,0.4305,1.0,0.664425,2.259887,0.02855,0.0,-0.305111,0.924826,-0.6586401625947366,learned
1984_048,1984,phi,phi4-mini,0.19945,1.0,0.072536,1.176471,0.473,1.0,0.46878,1.069519,-0.27355,0.0,-0.396244,0.106952,-1.1526262930676996,learned
1984_049,1984,phi,phi4-mini,0.4125,1.0,0.29622,1.630435,0.4807,1.0,0.5893,2.212389,-0.0682,0.0,-0.29308,-0.581954,-0.9995992753576614,learned
animal_farm_000,animal_farm,phi,phi4-mini,0.3633,1.0,0.302467,1.351351,0.3005,1.0,0.28622,1.666667,0.0628,0.0,0.016247,-0.315316,-0.023074726624822274,learned
animal_farm_001,animal_farm,phi,phi4-mini,0.41815,1.0,0.23958,1.851852,0.49475,1.0,0.91,0.769231,-0.0766,0.0,-0.67042,1.082621,-1.6920295762958666,learned
animal_farm_002,animal_farm,phi,phi4-mini,0.2998,1.0,0.25226,0.662252,0.46085,1.0,0.76445,1.111111,-0.16105,0.0,-0.51219,-0.448859,-1.6130880496157347,learned
animal_farm_003,animal_farm,phi,phi4-mini,0.40965,1.0,0.402725,1.156069,0.4829,1.0,0.592687,3.125,-0.07325,0.0,-0.189962,-1.968931,-1.0375993944754938,learned
animal_farm_004,animal_farm,phi,phi4-mini,0.4589,1.0,0.292843,1.986755,0.48485,1.0,0.605333,1.265823,-0.02595,0.0,-0.31249,0.720932,-0.7351270967227438,learned
animal_farm_005,animal_farm,phi,phi4-mini,0.45765,1.0,0.226278,0.632911,0.36755,1.0,0.283967,2.912621,0.0901,0.0,-0.057689,-2.27971,-0.7123886574399901,learned
animal_farm_006,animal_farm,phi,phi4-mini,0.4716,1.0,0.374914,1.142857,0.47015,1.0,0.639111,2.42915,0.00145,0.0,-0.264197,-1.286293,-1.0798042245347803,learned
animal_farm_007,animal_farm,phi,phi4-mini,0.13085,1.0,0.57775,0.621118,0.3715,1.0,0.258075,0.826446,-0.24065,0.0,0.319675,-0.205328,0.85432402419562,learned
animal_farm_008,animal_farm,phi,phi4-mini,0.20095,1.0,0.1855,0.729927,0.0258,1.0,0.161837,2.641509,0.17515,0.0,0.023663,-1.911582,-0.3780400775324799,learned
animal_farm_009,animal_farm,phi,phi4-mini,0.4341,1.0,0.2049,0.606061,0.49345,1.0,0.6035,3.731343,-0.05935,0.0,-0.3986,-3.125282,-1.923190920758119,learned
animal_farm_010,animal_farm,phi,phi4-mini,0.4612,1.0,0.36578,2.531646,0.46435,1.0,0.3513,1.578947,-0.00315,0.0,0.01448,0.952699,0.27323107374909766,learned
animal_farm_011,animal_farm,phi,phi4-mini,0.2284,1.0,0.17428,2.040816,0.488,1.0,0.543233,2.293578,-0.2596,0.0,-0.368953,-0.252762,-1.1593492037635116,learned
animal_farm_012,animal_farm,phi,phi4-mini,0.49335,1.0,0.380943,0.0,0.1909,1.0,0.213125,1.176471,0.30245,0.0,0.167818,-1.176471,0.23217272583341508,learned
animal_farm_013,animal_farm,phi,phi4-mini,0.4734,1.0,0.46387,0.689655,0.48855,1.0,0.653171,1.694915,-0.01515,0.0,-0.189301,-1.00526,-0.7956487562323963,learned
animal_farm_014,animal_farm,phi,phi4-mini,0.46585,1.0,0.468175,2.112676,0.4778,1.0,0.695333,1.923077,-0.01195,0.0,-0.227158,0.189599,-0.61495604579437,learned
animal_farm_015,animal_farm,phi,phi4-mini,0.4217,1.0,0.4105,1.459854,0.20095,1.0,0.20095,1.754386,0.22075,0.0,0.20955,-0.294532,0.5594258375706976,learned
animal_farm_016,animal_farm,phi,phi4-mini,0.0386,1.0,0.239917,0.60241,0.31845,1.0,0.452757,1.626016,-0.27985,0.0,-0.21284,-1.023606,-0.8952435507433705,learned
animal_farm_017,animal_farm,phi,phi4-mini,0.38075,1.0,0.257522,1.724138,0.43125,1.0,0.461067,2.189781,-0.0505,0.0,-0.203545,-0.465643,-0.7094790579028145,learned
animal_farm_018,animal_farm,phi,phi4-mini,0.23835,1.0,0.175975,0.662252,0.4714,1.0,0.475033,2.970297,-0.23305,0.0,-0.299058,-2.308045,-1.4530430683194187,learned
animal_farm_019,animal_farm,phi,phi4-mini,0.35885,1.0,0.403087,0.0,0.2014,1.0,0.519,3.389831,0.15745,0.0,-0.115913,-3.389831,-1.1444408461380138,learned
animal_farm_020,animal_farm,phi,phi4-mini,0.3592,1.0,0.2949,0.598802,0.41235,1.0,0.29345,1.652893,-0.05315,0.0,0.00145,-1.054091,-0.2572889574101783,learned
animal_farm_021,animal_farm,phi,phi4-mini,0.46855,1.0,0.294,1.360544,0.4375,1.0,0.4595,1.5625,0.03105,0.0,-0.1655,-0.201956,-0.5266539916843852,learned
animal_farm_022,animal_farm,phi,phi4-mini,0.4583,1.0,0.112707,0.0,0.48005,1.0,0.731867,1.886792,-0.02175,0.0,-0.61916,-1.886792,-2.2591088052879997,learned
animal_farm_023,animal_farm,phi,phi4-mini,0.34915,1.0,0.203444,1.388889,0.1851,1.0,0.438587,2.287582,0.16405,0.0,-0.235143,-0.898693,-0.884791089247866,learned
animal_farm_024,animal_farm,phi,phi4-mini,0.4746,1.0,0.439433,2.040816,0.4952,1.0,0.447312,1.30719,-0.0206,0.0,-0.007879,0.733626,0.15329023637973913,learned
animal_farm_025,animal_farm,phi,phi4-mini,0.1806,1.0,0.093975,1.829268,0.4699,1.0,0.34075,2.347418,-0.2893,0.0,-0.246775,-0.51815,-0.8719513211675087,learned
animal_farm_026,animal_farm,phi,phi4-mini,0.3951,1.0,0.319533,2.424242,0.492,1.0,0.657217,2.846975,-0.0969,0.0,-0.337684,-0.422733,-1.093372645375688,learned
animal_farm_027,animal_farm,phi,phi4-mini,0.3548,1.0,0.26227,0.0,0.5,1.0,0.176926,1.110993,-0.1452,0.0,0.085344,-1.110993,-0.036738801424678724,learned
animal_farm_028,animal_farm,phi,phi4-mini,0.2353,1.0,0.189912,1.041667,0.08895,1.0,0.1633,0.507614,0.14635,0.0,0.026612,0.534053,0.22186254320834162,learned
animal_farm_029,animal_farm,phi,phi4-mini,0.418,1.0,0.3908,1.212121,0.2787,1.0,0.1858,1.020408,0.1393,0.0,0.205,0.191713,0.6561235813313774,learned
animal_farm_030,animal_farm,phi,phi4-mini,0.19695,1.0,0.188825,0.606061,0.45345,1.0,0.3514,0.303951,-0.2565,0.0,-0.162575,0.30211,-0.4247527501883332,learned
animal_farm_031,animal_farm,phi,phi4-mini,0.1909,0.0,0.3818,0.0,0.2997,1.0,0.08895,0.490196,-0.1088,-1.0,0.29285,-0.490196,0.72051980263686,learned
animal_farm_032,animal_farm,phi,phi4-mini,0.2981,1.0,0.259343,0.0,0.4417,1.0,0.388225,0.0,-0.1436,0.0,-0.128882,0.0,-0.3888782261071987,learned
animal_farm_033,animal_farm,phi,phi4-mini,0.1911,1.0,0.478689,2.409639,0.26335,1.0,0.0841,1.320132,-0.07225,0.0,0.394589,1.089507,1.4035744708449736,learned
animal_farm_034,animal_farm,phi,phi4-mini,0.28945,1.0,0.401767,0.0,0.3625,1.0,0.111167,1.403509,-0.07305,0.0,0.2906,-1.403509,0.4956791201821351,learned
animal_farm_035,animal_farm,phi,phi4-mini,0.17635,1.0,0.127155,0.0,0.4776,1.0,0.35725,0.304878,-0.30125,0.0,-0.230095,-0.304878,-0.7728882802668733,learned
animal_farm_036,animal_farm,phi,phi4-mini,0.4847,1.0,0.390089,0.0,0.2997,1.0,0.14985,1.142857,0.185,0.0,0.240239,-1.142857,0.4388233550913928,learned
animal_farm_037,animal_farm,phi,phi4-mini,0.31845,1.0,0.43964,0.60241,0.41125,1.0,0.293617,0.743494,-0.0928,0.0,0.146023,-0.141084,0.3804832283763194,learned
animal_farm_038,animal_farm,phi,phi4-mini,0.4211,1.0,0.3572,0.595238,0.4316,1.0,0.229714,0.96463,-0.0105,0.0,0.127486,-0.369392,0.279485917802359,learned
animal_farm_039,animal_farm,phi,phi4-mini,0.34965,1.0,0.35226,0.558659,0.17,1.0,0.08885,0.42735,0.17965,0.0,0.26341,0.131309,0.8151875543603287,learned
animal_farm_040,animal_farm,phi,phi4-mini,0.4902,1.0,0.49825,0.584795,0.4423,1.0,0.42064,1.060071,0.0479,0.0,0.07761,-0.475276,0.11478985025140188,learned
animal_farm_041,animal_farm,phi,phi4-mini,0.20155,1.0,0.40464,1.923077,0.455,1.0,0.202671,1.655629,-0.25345,0.0,0.201969,0.267448,0.6260104029889486,learned
animal_farm_042,animal_farm,phi,phi4-mini,0.46965,1.0,0.438333,0.632911,0.23835,1.0,0.18316,0.0,0.2313,0.0,0.255173,0.632911,0.9183652323262834,learned
animal_farm_043,animal_farm,phi,phi4-mini,0.4762,1.0,0.49616,0.0,0.3943,1.0,0.276557,0.849858,0.0819,0.0,0.219603,-0.849858,0.4396520705757868,learned
animal_farm_044,animal_farm,phi,phi4-mini,0.4158,1.0,0.22798,0.0,0.3548,1.0,0.342575,1.25,0.061,0.0,-0.114595,-1.25,-0.6304212192521151,learned
animal_farm_045,animal_farm,phi,phi4-mini,0.4603,1.0,0.276929,0.613497,0.0129,1.0,0.1254,0.0,0.4474,0.0,0.151529,0.613497,0.6344473489421381,learned
animal_farm_046,animal_farm,phi,phi4-mini,0.4683,1.0,0.23666,1.219512,0.2787,1.0,0.281567,0.49505,0.1896,0.0,-0.044907,0.724462,0.06476333078532934,learned
animal_farm_047,animal_farm,phi,phi4-mini,0.2294,1.0,0.334571,0.0,0.2997,1.0,0.118133,1.219512,-0.0703,0.0,0.216438,-1.219512,0.3252498654126549,learned
animal_farm_048,animal_farm,phi,phi4-mini,0.3592,1.0,0.328483,1.818182,0.3454,1.0,0.20395,1.102941,0.0138,0.0,0.124533,0.715241,0.5369133047563,learned
animal_farm_049,animal_farm,phi,phi4-mini,0.4531,1.0,0.29918,0.671141,0.125,1.0,0.12755,0.571429,0.3281,0.0,0.17163,0.099712,0.5559301267073485,learned
fahrenheit_000,fahrenheit,phi,phi4-mini,0.4662,1.0,0.30654,0.561798,0.4375,1.0,0.6697,0.584795,0.0287,0.0,-0.36316,-0.022997,-1.057542996125285,learned
fahrenheit_001,fahrenheit,phi,phi4-mini,0.4228,1.0,0.16605,1.129944,0.05135,1.0,0.434633,1.156069,0.37145,0.0,-0.268583,-0.026125,-0.748932914225185,learned
fahrenheit_002,fahrenheit,phi,phi4-mini,0.44415,1.0,0.106092,1.075269,0.32765,1.0,0.067527,0.3663,0.1165,0.0,0.038565,0.708969,0.29606548115275955,learned
fahrenheit_003,fahrenheit,phi,phi4-mini,0.04425,1.0,0.242708,2.259887,0.3953,1.0,0.259075,0.657895,-0.35105,0.0,-0.016367,1.601992,0.30622175695027587,learned
fahrenheit_004,fahrenheit,phi,phi4-mini,0.4729,1.0,0.413967,0.684932,0.44025,1.0,0.18972,0.682594,0.03265,0.0,0.224247,0.002338,0.6552310914819413,learned
fahrenheit_005,fahrenheit,phi,phi4-mini,0.38195,1.0,0.186277,1.807229,0.45405,1.0,0.364933,0.625,-0.0721,0.0,-0.178656,1.182229,-0.23896334392545743,learned
fahrenheit_006,fahrenheit,phi,phi4-mini,0.29295,1.0,0.107536,0.537634,0.418,1.0,0.14315,1.056338,-0.12505,0.0,-0.035614,-0.518704,-0.24212708405328576,learned
fahrenheit_007,fahrenheit,phi,phi4-mini,0.47985,1.0,0.39804,2.205882,0.44515,1.0,0.194637,1.176471,0.0347,0.0,0.203403,1.029411,0.8444553183468135,learned
fahrenheit_008,fahrenheit,phi,phi4-mini,0.4423,1.0,0.144028,0.515464,0.401,1.0,0.3426,1.886792,0.0413,0.0,-0.198572,-1.371328,-0.9058185967064973,learned
fahrenheit_009,fahrenheit,phi,phi4-mini,0.3716,1.0,0.375525,1.183432,0.3953,1.0,0.4076,0.706714,-0.0237,0.0,-0.032075,0.476718,0.020271205530075873,learned
fahrenheit_010,fahrenheit,phi,phi4-mini,0.28235,1.0,0.4117,0.787402,0.31245,1.0,0.170086,0.60423,-0.0301,0.0,0.241614,0.183172,0.7432712799841376,learned
fahrenheit_011,fahrenheit,phi,phi4-mini,0.1174,1.0,0.4106,1.875,0.32985,1.0,0.2721,0.526316,-0.21245,0.0,0.1385,1.348684,0.7085224179873468,learned
fahrenheit_012,fahrenheit,phi,phi4-mini,0.4482,1.0,0.109964,0.549451,0.4734,1.0,0.331367,0.358423,-0.0252,0.0,-0.221403,0.191028,-0.5992322193504278,learned
fahrenheit_013,fahrenheit,phi,phi4-mini,0.4781,1.0,0.411827,0.0,0.32985,1.0,0.125875,0.346021,0.14825,0.0,0.285952,-0.346021,0.7615062638353047,learned
fahrenheit_014,fahrenheit,phi,phi4-mini,0.42405,1.0,0.231443,0.0,0.38835,1.0,0.1838,1.119403,0.0357,0.0,0.047643,-1.119403,-0.12999989866632972,learned
fahrenheit_015,fahrenheit,phi,phi4-mini,0.46365,1.0,0.42845,1.369863,0.2896,1.0,0.424475,0.315457,0.17405,0.0,0.003975,1.054406,0.28534765482483354,learned
fahrenheit_016,fahrenheit,phi,phi4-mini,0.479,1.0,0.075978,1.826484,0.21075,1.0,0.189143,0.406504,0.26825,0.0,-0.113165,1.41998,0.043448681264223854,learned
fahrenheit_017,fahrenheit,phi,phi4-mini,0.2151,1.0,0.244615,1.630435,0.1691,1.0,0.264,0.352113,0.046,0.0,-0.019385,1.278322,0.25895531791743476,learned
fahrenheit_018,fahrenheit,phi,phi4-mini,0.45435,1.0,0.281825,0.546448,0.46185,1.0,0.32055,0.828729,-0.0075,0.0,-0.038725,-0.282281,-0.18183097177829238,learned
fahrenheit_019,fahrenheit,phi,phi4-mini,0.4337,1.0,0.253815,0.591716,0.28595,1.0,0.167725,0.0,0.14775,0.0,0.08609,0.591716,0.40877873111544527,learned
fahrenheit_020,fahrenheit,phi,phi4-mini,0.4763,1.0,0.407267,0.0,0.44995,1.0,0.198175,0.0,0.02635,0.0,0.209092,0.0,0.6100058438960433,learned
fahrenheit_021,fahrenheit,phi,phi4-mini,0.24955,1.0,0.318736,1.5625,0.42955,1.0,0.2735,1.060071,-0.18,0.0,0.045236,0.502429,0.23527715577307753,learned
fahrenheit_022,fahrenheit,phi,phi4-mini,0.3671,1.0,0.169571,1.449275,0.3448,1.0,0.155787,0.589971,0.0223,0.0,0.013784,0.859304,0.2510892765099574,learned
fahrenheit_023,fahrenheit,phi,phi4-mini,0.3508,1.0,0.249633,1.234568,0.2997,1.0,0.4313,0.0,0.0511,0.0,-0.181667,1.234568,-0.22253484784739053,learned
fahrenheit_024,fahrenheit,phi,phi4-mini,0.12405,1.0,0.229833,2.12766,0.425,1.0,0.220357,0.309598,-0.30095,0.0,0.009476,1.818062,0.4388540438920651,learned
fahrenheit_025,fahrenheit,phi,phi4-mini,0.3286,1.0,0.24165,0.0,0.45845,1.0,0.24415,1.449275,-0.12985,0.0,-0.0025,-1.449275,-0.37254077918474193,learned
fahrenheit_026,fahrenheit,phi,phi4-mini,0.42465,1.0,0.217309,0.0,0.21075,1.0,0.187225,1.408451,0.2139,0.0,0.030084,-1.408451,-0.23321868120478942,learned
fahrenheit_027,fahrenheit,phi,phi4-mini,0.4572,1.0,0.320042,3.067485,0.125,1.0,0.187475,0.0,0.3322,0.0,0.132567,3.067485,1.1639995400699497,learned
fahrenheit_028,fahrenheit,phi,phi4-mini,0.0258,1.0,0.343667,2.068966,0.20095,1.0,0.142457,0.0,-0.17515,0.0,0.20121,2.068966,1.0694618093625,learned
fahrenheit_029,fahrenheit,phi,phi4-mini,0.17,1.0,0.34,0.990099,0.17,1.0,0.09095,1.657459,0.0,0.0,0.24905,-0.66736,0.561248615727974,learned
fahrenheit_030,fahrenheit,phi,phi4-mini,0.4403,1.0,0.397075,0.606061,0.31845,1.0,0.1561,0.0,0.12185,0.0,0.240975,0.606061,0.8595340964616578,learned
fahrenheit_031,fahrenheit,phi,phi4-mini,0.42595,1.0,0.124433,1.212121,0.46685,1.0,0.520867,1.086957,-0.0409,0.0,-0.396434,0.125164,-1.1252293997820795,learned
fahrenheit_032,fahrenheit,phi,phi4-mini,0.33225,1.0,0.254382,0.0,0.2287,1.0,0.07075,0.740741,0.10355,0.0,0.183632,-0.740741,0.36387116313488665,learned
fahrenheit_033,fahrenheit,phi,phi4-mini,0.366,1.0,0.33338,0.0,0.39225,1.0,0.27414,1.388889,-0.02625,0.0,0.05924,-1.388889,-0.1680590182312421,learned
fahrenheit_034,fahrenheit,phi,phi4-mini,0.27885,1.0,0.104221,2.197802,0.11235,1.0,0.153287,1.515152,0.1665,0.0,-0.049066,0.68265,0.04018754580808637,learned
fahrenheit_035,fahrenheit,phi,phi4-mini,0.3454,1.0,0.29238,0.719424,0.3753,1.0,0.1785,1.234568,-0.0299,0.0,0.11388,-0.515144,0.20258820660553997,learned
fahrenheit_036,fahrenheit,phi,phi4-mini,0.49045,1.0,0.326982,1.604278,0.3498,1.0,0.178462,0.361011,0.14065,0.0,0.14852,1.243267,0.7477149773358812,learned
fahrenheit_037,fahrenheit,phi,phi4-mini,0.44545,1.0,0.46131,0.0,0.20025,1.0,0.116271,0.716846,0.2452,0.0,0.345039,-0.716846,0.8528324382677996,learned
fahrenheit_038,fahrenheit,phi,phi4-mini,0.40475,1.0,0.115533,0.0,0.4417,1.0,0.148889,0.355872,-0.03695,0.0,-0.033356,-0.355872,-0.1870949662489647,learned
fahrenheit_039,fahrenheit,phi,phi4-mini,0.4245,1.0,0.203682,0.578035,0.23835,1.0,0.146322,0.931677,0.18615,0.0,0.05736,-0.353642,0.09950414362982223,learned
fahrenheit_040,fahrenheit,phi,phi4-mini,0.47775,1.0,0.184289,2.339181,0.21075,1.0,0.311157,0.363636,0.267,0.0,-0.126868,1.975545,0.13851279979383807,learned
fahrenheit_041,fahrenheit,phi,phi4-mini,0.4231,1.0,0.193054,0.0,0.37125,1.0,0.23746,0.324675,0.05185,0.0,-0.044406,-0.324675,-0.20263243439085266,learned
fahrenheit_042,fahrenheit,phi,phi4-mini,0.42075,1.0,0.169378,0.0,0.3825,1.0,0.218787,0.930233,0.03825,0.0,-0.049409,-0.930233,-0.36568013253106946,learned
fahrenheit_043,fahrenheit,phi,phi4-mini,0.15355,1.0,0.123146,0.0,0.36965,1.0,0.191417,0.634921,-0.2161,0.0,-0.068271,-0.634921,-0.37442962391477347,learned
fahrenheit_044,fahrenheit,phi,phi4-mini,0.47235,1.0,0.200978,2.068966,0.3238,1.0,0.133517,0.900901,0.14855,0.0,0.067461,1.168065,0.49479193125448506,learned
fahrenheit_045,fahrenheit,phi,phi4-mini,0.48445,1.0,0.160853,0.502513,0.22395,1.0,0.24362,1.129944,0.2605,0.0,-0.082767,-0.627431,-0.36652596809789717,learned
fahrenheit_046,fahrenheit,phi,phi4-mini,0.48995,1.0,0.292353,1.570681,0.443,1.0,0.227683,0.3663,0.04695,0.0,0.06467,1.204381,0.4852362890403451,learned
fahrenheit_047,fahrenheit,phi,phi4-mini,0.4791,1.0,0.34409,0.0,0.29295,1.0,0.22335,1.169591,0.18615,0.0,0.12074,-1.169591,0.08533952590750565,learned
fahrenheit_048,fahrenheit,phi,phi4-mini,0.4268,1.0,0.188,2.564103,0.10555,1.0,0.140611,0.0,0.32125,0.0,0.047389,2.564103,0.7931655969949368,learned
fahrenheit_049,fahrenheit,phi,phi4-mini,0.357,1.0,0.6983,0.0,0.4846,1.0,0.44735,1.265823,-0.1276,0.0,0.25095,-1.265823,0.40844906745625137,learned
iron_heel_000,iron_heel,phi,phi4-mini,0.4868,1.0,0.689367,1.30719,0.3889,1.0,0.22866,0.636943,0.0979,0.0,0.460707,0.670247,1.5109557741453223,learned
iron_heel_001,iron_heel,phi,phi4-mini,0.4736,1.0,0.321633,1.123596,0.276,1.0,0.184,0.0,0.1976,0.0,0.137633,1.123596,0.6927721471932505,learned
iron_heel_002,iron_heel,phi,phi4-mini,0.49545,1.0,0.568556,0.561798,0.0129,1.0,0.08995,0.0,0.48255,0.0,0.478606,0.561798,1.5754875029169522,learned
iron_heel_003,iron_heel,phi,phi4-mini,0.41025,1.0,0.278087,1.219512,0.4355,1.0,0.345525,1.030928,-0.02525,0.0,-0.067438,0.188584,-0.15261486230380192,learned
iron_heel_004,iron_heel,phi,phi4-mini,0.41125,1.0,0.25444,0.0,0.4556,1.0,0.238829,0.735294,-0.04435,0.0,0.015611,-0.735294,-0.13780387195772142,learned
iron_heel_005,iron_heel,phi,phi4-mini,0.4721,1.0,0.441067,2.380952,0.46765,1.0,0.238125,1.923077,0.00445,0.0,0.202942,0.457875,0.701183872018001,learned
iron_heel_006,iron_heel,phi,phi4-mini,0.03895,1.0,0.659917,0.574713,0.148,1.0,0.2993,0.0,-0.10905,0.0,0.360617,0.574713,1.1760899869267156,learned
iron_heel_007,iron_heel,phi,phi4-mini,0.38585,1.0,0.260915,2.312139,0.1366,1.0,0.083586,1.140684,0.24925,0.0,0.177329,1.171455,0.8249269518613649,learned
iron_heel_008,iron_heel,phi,phi4-mini,0.47745,1.0,0.380267,0.0,0.28595,1.0,0.202483,0.396825,0.1915,0.0,0.177784,-0.396825,0.4393433365942738,learned
iron_heel_009,iron_heel,phi,phi4-mini,0.3715,1.0,0.121845,3.314917,0.443,1.0,0.128754,0.319489,-0.0715,0.0,-0.006909,2.995428,0.7005415966822391,learned
iron_heel_010,iron_heel,phi,phi4-mini,0.46745,1.0,0.327486,0.657895,0.4078,1.0,0.283533,1.120448,0.05965,0.0,0.043953,-0.462553,0.021307182854114037,learned
iron_heel_011,iron_heel,phi,phi4-mini,0.37595,1.0,0.28287,0.598802,0.1806,1.0,0.204425,0.909091,0.19535,0.0,0.078445,-0.310289,0.17221322449118404,learned
iron_heel_012,iron_heel,phi,phi4-mini,0.2657,1.0,0.2228,0.531915,0.0,1.0,0.0,0.0,0.2657,0.0,0.2228,0.531915,0.8032704910602639,learned
iron_heel_013,iron_heel,phi,phi4-mini,0.3102,1.0,0.27632,2.030457,0.17,1.0,0.179033,0.606061,0.1402,0.0,0.097287,1.424396,0.6428662815556958,learned
iron_heel_014,iron_heel,phi,phi4-mini,0.48525,1.0,0.354433,1.675978,0.2787,1.0,0.294325,0.757576,0.20655,0.0,0.060108,0.918402,0.4186344410660603,learned
iron_heel_015,iron_heel,phi,phi4-mini,0.25,1.0,0.239025,0.0,0.3712,1.0,0.110767,1.269841,-0.1212,0.0,0.128258,-1.269841,0.05174109932852622,learned
iron_heel_016,iron_heel,phi,phi4-mini,0.4464,1.0,0.503233,1.020408,0.20095,1.0,0.177743,1.626016,0.24545,0.0,0.32549,-0.605608,0.8231034720975359,learned
iron_heel_017,iron_heel,phi,phi4-mini,0.49235,1.0,0.654443,0.0,0.451,1.0,0.59345,1.538462,0.04135,0.0,0.060993,-1.538462,-0.19247577661894597,learned
iron_heel_018,iron_heel,phi,phi4-mini,0.24535,1.0,0.23474,2.173913,0.19595,1.0,0.143943,1.574803,0.0494,0.0,0.090797,0.59911,0.4143032888216233,learned
iron_heel_019,iron_heel,phi,phi4-mini,0.47795,1.0,0.312123,1.06383,0.3715,1.0,0.149857,0.823045,0.10645,0.0,0.162266,0.240785,0.5405979348992438,learned
iron_heel_020,iron_heel,phi,phi4-mini,0.4871,1.0,0.443936,2.105263,0.38585,1.0,0.357133,1.260504,0.10125,0.0,0.086803,0.844759,0.46763333149206776,learned
iron_heel_021,iron_heel,phi,phi4-mini,0.2467,1.0,0.318017,0.512821,0.44965,1.0,0.461517,0.5,-0.20295,0.0,-0.1435,0.012821,-0.4342242436786168,learned
iron_heel_022,iron_heel,phi,phi4-mini,0.11315,1.0,0.3478,0.537634,0.1868,1.0,0.206412,0.35461,-0.07365,0.0,0.141388,0.183024,0.44770927728541715,learned
iron_heel_023,iron_heel,phi,phi4-mini,0.48295,1.0,0.412714,1.470588,0.43765,1.0,0.202,0.793651,0.0453,0.0,0.210714,0.676937,0.7811177404566537,learned
iron_heel_024,iron_heel,phi,phi4-mini,0.05185,1.0,0.340818,1.485149,0.38565,1.0,0.191425,0.749064,-0.3338,0.0,0.149393,0.736085,0.5790416262904722,learned
iron_heel_025,iron_heel,phi,phi4-mini,0.36345,1.0,0.306314,0.689655,0.08805,1.0,0.288487,1.875,0.2754,0.0,0.017827,-1.185345,-0.20839171008165278,learned
iron_heel_026,iron_heel,phi,phi4-mini,0.425,1.0,0.1671,0.609756,0.3905,1.0,0.173891,2.016129,0.0345,0.0,-0.006791,-1.406373,-0.3579625512378804,learned
iron_heel_027,iron_heel,phi,phi4-mini,0.48705,1.0,0.481629,2.873563,0.3825,1.0,0.141043,0.338983,0.10455,0.0,0.340586,2.53458,1.6157193040174047,learned
iron_heel_028,iron_heel,phi,phi4-mini,0.46155,1.0,0.426062,2.325581,0.3548,1.0,0.29186,0.595238,0.10675,0.0,0.134202,1.730343,0.8210497498048097,learned
iron_heel_029,iron_heel,phi,phi4-mini,0.0386,1.0,0.116677,0.505051,0.148,1.0,0.101967,0.0,-0.1094,0.0,0.01471,0.505051,0.15438501433326046,learned
iron_heel_030,iron_heel,phi,phi4-mini,0.4279,1.0,0.342983,0.5,0.0129,1.0,0.2194,0.684932,0.415,0.0,0.123583,-0.184932,0.3559926423609082,learned
iron_heel_031,iron_heel,phi,phi4-mini,0.2264,1.0,0.268557,1.796407,0.41125,1.0,0.2602,0.7109,-0.18485,0.0,0.008357,1.085507,0.26934403301601045,learned
iron_heel_032,iron_heel,phi,phi4-mini,0.48485,1.0,0.352378,0.0,0.26035,1.0,0.10414,2.202643,0.2245,0.0,0.248238,-2.202643,0.2085412078592983,learned
iron_heel_033,iron_heel,phi,phi4-mini,0.4862,1.0,0.318867,0.502513,0.10115,1.0,0.313917,0.769231,0.38505,0.0,0.00495,-0.266718,-0.011497037657429189,learned
iron_heel_034,iron_heel,phi,phi4-mini,0.125,1.0,0.46755,0.75188,0.20095,1.0,0.069533,0.526316,-0.07595,0.0,0.398017,0.225564,1.2032337060800633,learned
iron_heel_035,iron_heel,phi,phi4-mini,0.2193,1.0,0.191453,1.111111,0.28595,1.0,0.271357,1.041667,-0.06665,0.0,-0.079904,0.069444,-0.22195943450703773,learned
iron_heel_036,iron_heel,phi,phi4-mini,0.1591,1.0,0.26747,1.129944,0.148,1.0,0.148,0.75188,0.0111,0.0,0.11947,0.378064,0.44000557698902865,learned
iron_heel_037,iron_heel,phi,phi4-mini,0.29975,1.0,0.26493,2.259887,0.3548,1.0,0.39385,1.056338,-0.05505,0.0,-0.12892,1.203549,-0.0875927254610841,learned
iron_heel_038,iron_heel,phi,phi4-mini,0.49105,1.0,0.302389,2.824859,0.44035,1.0,0.4858,0.380228,0.0507,0.0,-0.183411,2.444631,0.06638423560624329,learned
iron_heel_039,iron_heel,phi,phi4-mini,0.4822,1.0,0.283022,0.0,0.42775,1.0,0.241514,0.980392,0.05445,0.0,0.041508,-0.980392,-0.11214679106120676,learned
iron_heel_040,iron_heel,phi,phi4-mini,0.07155,1.0,0.1533,0.515464,0.064,1.0,0.187512,0.687285,0.00755,0.0,-0.034212,-0.171821,-0.1403605566824048,learned
iron_heel_041,iron_heel,phi,phi4-mini,0.4074,1.0,0.42706,1.818182,0.42405,1.0,0.235871,0.974026,-0.01665,0.0,0.191189,0.844156,0.7587718131292207,learned
iron_heel_042,iron_heel,phi,phi4-mini,0.3953,1.0,0.3295,0.0,0.10115,1.0,0.10235,0.492611,0.29415,0.0,0.22715,-0.492611,0.5698395475680721,learned
iron_heel_043,iron_heel,phi,phi4-mini,0.43205,1.0,0.2922,0.0,0.45065,1.0,0.31035,1.030928,-0.0186,0.0,-0.01815,-1.030928,-0.3050987062697523,learned
iron_heel_044,iron_heel,phi,phi4-mini,0.3982,1.0,0.24952,1.020408,0.26335,1.0,0.263325,1.937984,0.13485,0.0,-0.013805,-0.917576,-0.24941974995401087,learned
iron_heel_045,iron_heel,phi,phi4-mini,0.4745,1.0,0.20103,0.0,0.43895,1.0,0.3179,0.70922,0.03555,0.0,-0.11687,-0.70922,-0.5082020305674638,learned
iron_heel_046,iron_heel,phi,phi4-mini,0.463,1.0,0.243444,2.97619,0.148,1.0,0.12366,1.526718,0.315,0.0,0.119784,1.449472,0.7319797829535495,learned
iron_heel_047,iron_heel,phi,phi4-mini,0.4214,1.0,0.31015,3.703704,0.4392,1.0,0.2431,0.982801,-0.0178,0.0,0.06705,2.720903,0.8540921390866822,learned
iron_heel_048,iron_heel,phi,phi4-mini,0.44285,1.0,0.2657,0.0,0.39645,1.0,0.27846,1.158301,0.0464,0.0,-0.01276,-1.158301,-0.3138198669190377,learned
iron_heel_049,iron_heel,phi,phi4-mini,0.4252,1.0,0.44739,0.0,0.42955,1.0,0.29096,1.470588,-0.00435,0.0,0.15643,-1.470588,0.0966079046586295,learned
time_machine_000,time_machine,phi,phi4-mini,0.4157,1.0,0.31992,0.540541,0.2294,1.0,0.2099,0.0,0.1863,0.0,0.11002,0.540541,0.46975045659691383,learned
time_machine_001,time_machine,phi,phi4-mini,0.42765,1.0,0.294686,0.526316,0.4037,1.0,0.275425,1.204819,0.02395,0.0,0.019261,-0.678503,-0.10649667625731274,learned
time_machine_002,time_machine,phi,phi4-mini,0.33285,1.0,0.185146,0.0,0.4691,1.0,0.340486,1.196172,-0.13625,0.0,-0.15534,-1.196172,-0.755636576506153,learned
time_machine_003,time_machine,phi,phi4-mini,0.15225,1.0,0.239012,0.555556,0.36345,1.0,0.237087,1.305483,-0.2112,0.0,0.001925,-0.749927,-0.1979830861508448,learned
time_machine_004,time_machine,phi,phi4-mini,0.44415,1.0,0.383514,1.530612,0.34,1.0,0.067608,0.8,0.10415,0.0,0.315906,0.730612,1.105657472301356,learned
time_machine_005,time_machine,phi,phi4-mini,0.4814,1.0,0.177757,0.515464,0.24975,1.0,0.23584,1.212121,0.23165,0.0,-0.058083,-0.696657,-0.314565129130826,learned
time_machine_006,time_machine,phi,phi4-mini,0.41665,1.0,0.203845,1.081081,0.35825,1.0,0.2891,2.222222,0.0584,0.0,-0.085255,-1.141141,-0.519010396521458,learned
time_machine_007,time_machine,phi,phi4-mini,0.2117,1.0,0.077911,1.257862,0.25475,1.0,0.128967,0.699301,-0.04305,0.0,-0.051056,0.558561,-0.016932193864573925,learned
time_machine_008,time_machine,phi,phi4-mini,0.45895,1.0,0.316231,0.0,0.3062,1.0,0.6124,0.0,0.15275,0.0,-0.296169,0.0,-0.844826035262617,learned
time_machine_009,time_machine,phi,phi4-mini,0.2787,1.0,0.148518,1.734104,0.45585,1.0,0.331467,0.738007,-0.17715,0.0,-0.182949,0.996097,-0.30728180060124355,learned
time_machine_010,time_machine,phi,phi4-mini,0.1161,1.0,0.422333,0.520833,0.252,1.0,0.091243,1.086957,-0.1359,0.0,0.33109,-0.566124,0.8104047078362662,learned
time_machine_011,time_machine,phi,phi4-mini,0.20195,1.0,0.101946,0.485437,0.1868,1.0,0.217143,0.0,0.01515,0.0,-0.115197,0.485437,-0.21512334803652033,learned
time_machine_012,time_machine,phi,phi4-mini,0.3089,1.0,0.201644,1.183432,0.4061,1.0,0.3,0.485437,-0.0972,0.0,-0.098356,0.697995,-0.1259177302698192,learned
time_machine_013,time_machine,phi,phi4-mini,0.27495,1.0,0.230436,0.0,0.455,1.0,0.235429,0.754717,-0.18005,0.0,-0.004993,-0.754717,-0.21609180777719,learned
time_machine_014,time_machine,phi,phi4-mini,0.4015,1.0,0.177912,0.0,0.125,1.0,0.27824,0.967742,0.2765,0.0,-0.100328,-0.967742,-0.49860688694245037,learned
time_machine_015,time_machine,phi,phi4-mini,0.49675,1.0,0.513733,1.734104,0.10115,1.0,0.10115,1.515152,0.3956,0.0,0.412583,0.218952,1.2916154801832551,learned
time_machine_016,time_machine,phi,phi4-mini,0.1508,1.0,0.277864,1.578947,0.1582,1.0,0.3164,0.0,-0.0074,0.0,-0.038536,1.578947,0.27097568397731436,learned
time_machine_017,time_machine,phi,phi4-mini,0.2188,1.0,0.318975,1.086957,0.24975,1.0,0.213057,0.591716,-0.03095,0.0,0.105918,0.495241,0.42486193483303164,learned
time_machine_018,time_machine,phi,phi4-mini,0.0871,1.0,0.078992,0.555556,0.38015,1.0,0.185887,0.341297,-0.29305,0.0,-0.106895,0.214259,-0.28806313612385465,learned
time_machine_019,time_machine,phi,phi4-mini,0.41495,1.0,0.343293,0.546448,0.4258,1.0,0.23365,0.732601,-0.01085,0.0,0.109643,-0.186153,0.2721466878870096,learned
time_machine_020,time_machine,phi,phi4-mini,0.38075,1.0,0.20965,2.684564,0.07655,1.0,0.246143,0.920245,0.3042,0.0,-0.036493,1.764319,0.35345854159013024,learned
time_machine_021,time_machine,phi,phi4-mini,0.4696,1.0,0.18332,1.04712,0.46625,1.0,0.605767,1.438849,0.00335,0.0,-0.422447,-0.391729,-1.321910623997948,learned
time_machine_022,time_machine,phi,phi4-mini,0.466,1.0,0.119008,1.020408,0.48425,1.0,0.352675,1.09589,-0.01825,0.0,-0.233667,-0.075482,-0.6989097822499569,learned
time_machine_023,time_machine,phi,phi4-mini,0.48315,1.0,0.338471,1.030928,0.3982,1.0,0.24795,0.0,0.08495,0.0,0.090521,1.030928,0.522020730842804,learned
time_machine_024,time_machine,phi,phi4-mini,0.4835,1.0,0.184685,0.0,0.1471,1.0,0.0917,0.0,0.3364,0.0,0.092985,0.0,0.3041038550548578,learned
time_machine_025,time_machine,phi,phi4-mini,0.3753,1.0,0.219225,1.257862,0.42995,1.0,0.174362,0.338983,-0.05465,0.0,0.044863,0.918879,0.34805847903494963,learned
time_machine_026,time_machine,phi,phi4-mini,0.48945,1.0,0.271308,0.438596,0.28595,1.0,0.257125,1.55642,0.2035,0.0,0.014183,-1.117824,-0.20983972265879489,learned
time_machine_027,time_machine,phi,phi4-mini,0.47945,1.0,0.217636,1.5625,0.38585,1.0,0.144686,1.438849,0.0936,0.0,0.07295,0.123651,0.25140425327002963,learned
time_machine_028,time_machine,phi,phi4-mini,0.4531,1.0,0.314129,1.273885,0.1909,1.0,0.3818,0.0,0.2622,0.0,-0.067671,1.273885,0.13948298005336876,learned
time_machine_029,time_machine,phi,phi4-mini,0.23105,1.0,0.150458,0.574713,0.4629,1.0,0.269875,0.613497,-0.23185,0.0,-0.119417,-0.038784,-0.3797325510414738,learned
time_machine_030,time_machine,phi,phi4-mini,0.43465,1.0,0.283653,0.510204,0.39075,1.0,0.10477,1.060071,0.0439,0.0,0.178883,-0.549867,0.39042484876569433,learned
time_machine_031,time_machine,phi,phi4-mini,0.3548,1.0,0.1418,0.584795,0.3548,1.0,0.376,1.219512,0.0,0.0,-0.2342,-0.634717,-0.8344975226600425,learned
time_machine_032,time_machine,phi,phi4-mini,0.22485,1.0,0.242625,0.671141,0.4654,1.0,0.186745,0.546448,-0.24055,0.0,0.05588,0.124693,0.16828849309424174,learned
time_machine_033,time_machine,phi,phi4-mini,0.35995,1.0,0.172656,0.888889,0.2553,1.0,0.135775,0.0,0.10465,0.0,0.036881,0.888889,0.33369343933597967,learned
time_machine_034,time_machine,phi,phi4-mini,0.492,1.0,0.36172,1.724138,0.47015,1.0,0.582567,0.35461,0.02185,0.0,-0.220847,1.369528,-0.3065039641675365,learned
time_machine_035,time_machine,phi,phi4-mini,0.4155,1.0,0.423237,0.0,0.4486,1.0,0.312064,1.092896,-0.0331,0.0,0.111173,-1.092896,0.05401756781694128,learned
time_machine_036,time_machine,phi,phi4-mini,0.48675,1.0,0.3684,0.0,0.35035,1.0,0.231067,1.534527,0.1364,0.0,0.137333,-1.534527,0.03983288757961495,learned
time_machine_037,time_machine,phi,phi4-mini,0.26705,1.0,0.299381,0.966184,0.41275,1.0,0.24232,0.869565,-0.1457,0.0,0.057061,0.096619,0.1744877972549014,learned
time_machine_038,time_machine,phi,phi4-mini,0.475,1.0,0.283144,2.01005,0.465,1.0,0.304329,0.0,0.01,0.0,-0.021185,2.01005,0.4278846958259528,learned
time_machine_039,time_machine,phi,phi4-mini,0.44665,1.0,0.37665,1.657459,0.1203,1.0,0.171043,1.052632,0.32635,0.0,0.205607,0.604827,0.777179453242904,learned
time_machine_040,time_machine,phi,phi4-mini,0.2176,1.0,0.172673,0.621118,0.25465,1.0,0.25465,1.25,-0.03705,0.0,-0.081977,-0.628882,-0.3946695481844583,learned
time_machine_041,time_machine,phi,phi4-mini,0.4198,1.0,0.217189,1.578947,0.4526,1.0,0.253362,0.641026,-0.0328,0.0,-0.036173,0.937921,0.11951247444325104,learned
time_machine_042,time_machine,phi,phi4-mini,0.3141,1.0,0.178986,1.428571,0.45555,1.0,0.541175,0.0,-0.14145,0.0,-0.362189,1.428571,-0.7192197008358439,learned
time_machine_043,time_machine,phi,phi4-mini,0.3505,1.0,0.4328,1.960784,0.20095,1.0,0.199217,0.0,0.14955,0.0,0.233583,1.960784,1.170038862738828,learned
time_machine_044,time_machine,phi,phi4-mini,0.38135,1.0,0.162323,1.176471,0.07155,1.0,0.1501,0.310559,0.3098,0.0,0.012223,0.865912,0.2772302583805206,learned
time_machine_045,time_machine,phi,phi4-mini,0.2794,1.0,0.27219,0.529101,0.08895,1.0,0.117825,0.595238,0.19045,0.0,0.154365,-0.066137,0.45156459791998,learned
time_machine_046,time_machine,phi,phi4-mini,0.48655,1.0,0.260785,0.0,0.27115,1.0,0.14985,0.869565,0.2154,0.0,0.110935,-0.869565,0.13271817104576775,learned
time_machine_047,time_machine,phi,phi4-mini,0.4786,1.0,0.31269,1.648352,0.36315,1.0,0.32792,0.395257,0.11545,0.0,-0.01523,1.253095,0.27191663099314634,learned
time_machine_048,time_machine,phi,phi4-mini,0.3766,1.0,0.247308,0.995025,0.11175,1.0,0.03725,0.684932,0.26485,0.0,0.210058,0.310093,0.7122742744709936,learned
time_machine_049,time_machine,phi,phi4-mini,0.4422,1.0,0.154814,0.520833,0.064,1.0,0.064,1.086957,0.3782,0.0,0.090814,-0.566124,0.16446553888685644,learned
we_000,we,phi,phi4-mini,0.4218,1.0,0.360312,1.775148,0.064,1.0,0.03225,0.613497,0.3578,0.0,0.328062,1.161651,1.2713487806343806,learned
we_001,we,phi,phi4-mini,0.48055,1.0,0.447562,2.116402,0.148,1.0,0.186175,1.195219,0.33255,0.0,0.261387,0.921183,1.0166976487089798,learned
we_002,we,phi,phi4-mini,0.14545,1.0,0.323111,0.529101,0.38585,1.0,0.329533,1.015228,-0.2404,0.0,-0.006422,-0.486127,-0.16108172247687622,learned
we_003,we,phi,phi4-mini,0.4674,1.0,0.62114,0.75188,0.45655,1.0,0.300717,0.3125,0.01085,0.0,0.320423,0.43938,1.038579586992309,learned
we_004,we,phi,phi4-mini,0.35215,1.0,0.317892,2.162162,0.4504,1.0,0.277686,1.403509,-0.09825,0.0,0.040206,0.758653,0.2911907490753768,learned
we_005,we,phi,phi4-mini,0.282,1.0,0.26392,0.564972,0.34435,1.0,0.17724,1.365188,-0.06235,0.0,0.08668,-0.800216,0.05103256690085051,learned
we_006,we,phi,phi4-mini,0.4916,1.0,0.5741,0.0,0.443,1.0,0.195233,0.561798,0.0486,0.0,0.378867,-0.561798,0.96888693550026,learned
we_007,we,phi,phi4-mini,0.39675,1.0,0.333367,0.0,0.46155,1.0,0.43504,1.010101,-0.0648,0.0,-0.101673,-1.010101,-0.5473155095669325,learned
we_008,we,phi,phi4-mini,0.3786,1.0,0.235478,1.538462,0.1242,1.0,0.104737,1.181102,0.2544,0.0,0.130741,0.35736,0.49231369305180217,learned
we_009,we,phi,phi4-mini,0.4832,1.0,0.5621,2.797203,0.29295,1.0,0.110667,1.904762,0.19025,0.0,0.451433,0.892441,1.5473450370970454,learned
we_010,we,phi,phi4-mini,0.23985,1.0,0.12265,3.125,0.3825,1.0,0.418475,0.398406,-0.14265,0.0,-0.295825,2.726594,-0.21117797365342972,learned
we_011,we,phi,phi4-mini,0.3434,1.0,0.142275,1.621622,0.1806,1.0,0.046987,0.406504,0.1628,0.0,0.095288,1.215118,0.5884938936220302,learned
we_012,we,phi,phi4-mini,0.4445,1.0,0.3589,2.604167,0.11315,1.0,0.293825,0.574713,0.33135,0.0,0.065075,2.029454,0.7156478238970192,learned
we_013,we,phi,phi4-mini,0.45155,1.0,0.215825,1.807229,0.4473,1.0,0.230836,0.298507,0.00425,0.0,-0.015011,1.508722,0.32342229067826933,learned
we_014,we,phi,phi4-mini,0.143,1.0,0.089954,0.0,0.05135,1.0,0.034233,0.0,0.09165,0.0,0.055721,0.0,0.17111752267200198,learned
we_015,we,phi,phi4-mini,0.0322,1.0,0.116317,1.694915,0.45155,1.0,0.231278,1.29199,-0.41935,0.0,-0.114961,0.402925,-0.27841979543745327,learned
we_016,we,phi,phi4-mini,0.3562,1.0,0.3637,0.0,0.11315,1.0,0.33305,0.0,0.24305,0.0,0.03065,0.0,0.11360300944207079,learned
we_017,we,phi,phi4-mini,0.16,1.0,0.19445,2.162162,0.0129,1.0,0.1744,0.775194,0.1471,0.0,0.02005,1.386968,0.41012219782076476,learned
we_018,we,phi,phi4-mini,0.36255,1.0,0.288571,1.098901,0.45455,1.0,0.229837,1.384083,-0.092,0.0,0.058734,-0.285182,0.09200566161019288,learned
we_019,we,phi,phi4-mini,0.4457,1.0,0.44185,0.564972,0.064,1.0,0.127156,0.298507,0.3817,0.0,0.314694,0.266465,1.017420458227656,learned
we_020,we,phi,phi4-mini,0.1396,1.0,0.18132,1.129944,0.4763,1.0,0.484675,1.04712,-0.3367,0.0,-0.303355,0.082824,-0.8950630455039476,learned
we_021,we,phi,phi4-mini,0.1472,1.0,0.193114,1.95122,0.064,1.0,0.09518,0.0,0.0832,0.0,0.097934,1.95122,0.7669917511168385,learned
we_022,we,phi,phi4-mini,0.4526,1.0,0.398875,1.142857,0.35015,1.0,0.23096,1.069519,0.10245,0.0,0.167915,0.073338,0.5159150778088951,learned
we_023,we,phi,phi4-mini,0.0376,1.0,0.312571,1.219512,0.4063,1.0,0.307825,0.0,-0.3687,0.0,0.004746,1.219512,0.2728269645669324,learned
we_024,we,phi,phi4-mini,0.37895,1.0,0.37878,0.574713,0.1909,1.0,0.215675,0.625,0.18805,0.0,0.163105,-0.050287,0.4805599626551523,learned
we_025,we,phi,phi4-mini,0.4416,1.0,0.201743,0.0,0.3715,1.0,0.2741,0.383142,0.0701,0.0,-0.072357,-0.383142,-0.2961818675351401,learned
we_026,we,phi,phi4-mini,0.37865,1.0,0.3325,1.136364,0.29015,1.0,0.2106,0.75188,0.0885,0.0,0.1219,0.384484,0.4564498805052797,learned
we_027,we,phi,phi4-mini,0.44335,1.0,0.1935,2.762431,0.125,1.0,0.162171,0.566572,0.31835,0.0,0.031329,2.195859,0.6567463141939957,learned
we_028,we,phi,phi4-mini,0.4624,1.0,0.3019,1.630435,0.4741,1.0,0.312812,1.033592,-0.0117,0.0,-0.010912,0.596843,0.11214428579901796,learned
we_029,we,phi,phi4-mini,0.4871,1.0,0.207023,0.609756,0.1806,1.0,0.351433,1.067616,0.3065,0.0,-0.14441,-0.45786,-0.49972397233088633,learned
we_030,we,phi,phi4-mini,0.35015,1.0,0.4286,2.352941,0.4158,1.0,0.315329,1.897019,-0.06565,0.0,0.113271,0.455922,0.4331574828218733,learned
we_031,we,phi,phi4-mini,0.398,1.0,0.218536,0.558659,0.4088,1.0,0.171417,0.716846,-0.0108,0.0,0.047119,-0.158187,0.09733593958348308,learned
we_032,we,phi,phi4-mini,0.0866,1.0,0.213367,1.639344,0.1806,1.0,0.07464,0.0,-0.094,0.0,0.138727,1.639344,0.791783984115056,learned
we_033,we,phi,phi4-mini,0.4675,1.0,0.17979,1.675978,0.36755,1.0,0.36755,0.657895,0.09995,0.0,-0.18776,1.018083,-0.2878959290591785,learned
we_034,we,phi,phi4-mini,0.4323,1.0,0.258362,1.298701,0.35015,1.0,0.18845,0.967742,0.08215,0.0,0.069912,0.330959,0.2917945740251626,learned
we_035,we,phi,phi4-mini,0.2294,1.0,0.236643,4.232804,0.31245,1.0,0.6249,0.0,-0.08305,0.0,-0.388257,4.232804,-0.1076513682194582,learned
we_036,we,phi,phi4-mini,0.4881,1.0,0.386925,0.543478,0.43895,1.0,0.33774,0.613497,0.04915,0.0,0.049185,-0.070019,0.1308219618693496,learned
we_037,we,phi,phi4-mini,0.08965,1.0,0.199958,1.507538,0.21645,1.0,0.161325,1.503759,-0.1268,0.0,0.038633,0.003779,0.10031311201819153,learned
we_038,we,phi,phi4-mini,0.367,1.0,0.218625,0.628931,0.3204,1.0,0.26243,0.318471,0.0466,0.0,-0.043805,0.31046,-0.047090286567961395,learned
we_039,we,phi,phi4-mini,0.2325,1.0,0.212767,1.948052,0.4559,1.0,0.35236,1.0,-0.2234,0.0,-0.139593,0.948052,-0.1976978214308871,learned
we_040,we,phi,phi4-mini,0.4727,1.0,0.226615,0.540541,0.3243,1.0,0.08182,0.398406,0.1484,0.0,0.144795,0.142135,0.4701218948717122,learned
we_041,we,phi,phi4-mini,0.49225,1.0,0.632825,1.242236,0.47985,1.0,0.323771,0.726392,0.0124,0.0,0.309054,0.515844,1.024292693892134,learned
we_042,we,phi,phi4-mini,0.48,1.0,0.31222,0.571429,0.25465,1.0,0.27405,0.346021,0.22535,0.0,0.03817,0.225408,0.18842680407109164,learned
we_043,we,phi,phi4-mini,0.45995,1.0,0.13,0.571429,0.36345,1.0,0.308267,0.3861,0.0965,0.0,-0.178267,0.185329,-0.4630162315630325,learned
we_044,we,phi,phi4-mini,0.31265,1.0,0.106611,0.52356,0.4422,1.0,0.183062,0.75188,-0.12955,0.0,-0.076451,-0.22832,-0.2906412615592886,learned
we_045,we,phi,phi4-mini,0.47465,1.0,0.530783,5.063291,0.3548,1.0,0.258778,0.359712,0.11985,0.0,0.272005,4.703579,1.9450925096535108,learned
we_046,we,phi,phi4-mini,0.49105,1.0,0.380878,2.116402,0.4365,1.0,0.25845,1.098901,0.05455,0.0,0.122428,1.017501,0.6083634522229647,learned
we_047,we,phi,phi4-mini,0.3609,1.0,0.500383,0.0,0.46075,1.0,0.187291,1.477833,-0.09985,0.0,0.313092,-1.477833,0.5402414891626014,learned
we_048,we,phi,phi4-mini,0.12165,1.0,0.403045,2.185792,0.41265,1.0,0.270367,1.381215,-0.291,0.0,0.132678,0.804577,0.551460191778013,learned
we_049,we,phi,phi4-mini,0.25635,1.0,0.276486,0.546448,0.35625,1.0,0.239171,0.729927,-0.0999,0.0,0.037315,-0.183479,0.05370407292005426,learned
1984_000,1984,qwen,qwen2.5:14b,0.16565,1.0,0.2849,0.621118,0.1806,1.0,0.655725,2.189781,-0.01495,0.0,-0.370825,-1.568663,-1.459791967858526,learned
1984_001,1984,qwen,qwen2.5:14b,0.25465,1.0,0.250308,2.941176,0.45765,1.0,0.44155,3.875969,-0.203,0.0,-0.191242,-0.934793,-0.8031581661026901,learned
1984_002,1984,qwen,qwen2.5:14b,0.1423,1.0,0.224067,0.595238,0.46845,1.0,0.491925,2.439024,-0.32615,0.0,-0.267858,-1.843786,-1.2590238442504738,learned
1984_003,1984,qwen,qwen2.5:14b,0.4488,1.0,0.40975,1.785714,0.47975,1.0,0.5697,0.787402,-0.03095,0.0,-0.15995,0.998312,-0.22515678888626658,learned
1984_004,1984,qwen,qwen2.5:14b,0.43145,1.0,0.299367,2.906977,0.4593,1.0,0.4243,0.819672,-0.02785,0.0,-0.124933,2.087305,0.1414764553935386,learned
1984_005,1984,qwen,qwen2.5:14b,0.15205,1.0,0.27796,0.628931,0.42555,1.0,0.35345,1.574803,-0.2735,0.0,-0.07549,-0.945872,-0.47675811224406733,learned
1984_006,1984,qwen,qwen2.5:14b,0.40125,1.0,0.3417,0.662252,0.47885,1.0,0.552325,2.5,-0.0776,0.0,-0.210625,-1.837748,-1.0661829618443743,learned
1984_007,1984,qwen,qwen2.5:14b,0.4789,1.0,0.40302,1.219512,0.1673,1.0,0.333775,0.806452,0.3116,0.0,0.069245,0.41306,0.33300635551567026,learned
1984_008,1984,qwen,qwen2.5:14b,0.237,1.0,0.097408,2.777778,0.29295,1.0,0.220133,3.191489,-0.05595,0.0,-0.122725,-0.413711,-0.46265672751952025,learned
1984_009,1984,qwen,qwen2.5:14b,0.4648,1.0,0.368046,0.60241,0.43895,1.0,0.3607,1.694915,0.02585,0.0,0.007346,-1.092505,-0.2415092367470077,learned
1984_010,1984,qwen,qwen2.5:14b,0.3208,1.0,0.33515,1.30719,0.46965,1.0,0.388625,3.478261,-0.14885,0.0,-0.053475,-2.171071,-0.6979115020501365,learned
1984_011,1984,qwen,qwen2.5:14b,0.4201,1.0,0.293611,0.598802,0.4806,1.0,0.710375,2.34375,-0.0605,0.0,-0.416764,-1.744948,-1.6406691870618715,learned
1984_012,1984,qwen,qwen2.5:14b,0.2851,1.0,0.381643,1.388889,0.32985,1.0,0.459675,0.943396,-0.04475,0.0,-0.078032,0.445493,-0.12293389217794369,learned
1984_013,1984,qwen,qwen2.5:14b,0.43825,1.0,0.20112,1.067616,0.38935,1.0,0.3442,1.123596,0.0489,0.0,-0.14308,-0.05598,-0.4242568851708933,learned
1984_014,1984,qwen,qwen2.5:14b,0.4732,1.0,0.425756,1.685393,0.26335,1.0,0.41805,2.803738,0.20985,0.0,0.007706,-1.118345,-0.22813775460402605,learned
1984_015,1984,qwen,qwen2.5:14b,0.49345,1.0,0.429029,0.632911,0.4593,1.0,0.363025,2.777778,0.03415,0.0,0.066004,-2.144867,-0.32599488490941797,learned
1984_016,1984,qwen,qwen2.5:14b,0.3527,1.0,0.631667,0.746269,0.0129,1.0,0.2562,2.752294,0.3398,0.0,0.375467,-2.006025,0.6375314916218748,learned
1984_017,1984,qwen,qwen2.5:14b,0.4088,1.0,0.553457,1.212121,0.24795,1.0,0.322225,2.5,0.16085,0.0,0.231232,-1.287879,0.37498128261681524,learned
1984_018,1984,qwen,qwen2.5:14b,0.41205,1.0,0.369417,1.459854,0.455,1.0,0.573167,2.150538,-0.04295,0.0,-0.20375,-0.690684,-0.7639923566723905,learned
1984_019,1984,qwen,qwen2.5:14b,0.4883,1.0,0.63075,1.25,0.47465,1.0,0.475325,0.0,0.01365,0.0,0.155425,1.25,0.7565665284604166,learned
1984_020,1984,qwen,qwen2.5:14b,0.34795,1.0,0.372029,0.632911,0.48005,1.0,0.669725,0.826446,-0.1321,0.0,-0.297696,-0.193535,-0.9250888314179478,learned
1984_021,1984,qwen,qwen2.5:14b,0.4531,1.0,0.225125,1.169591,0.2339,1.0,0.2731,1.41844,0.2192,0.0,-0.047975,-0.248849,-0.17765371995743773,learned
1984_022,1984,qwen,qwen2.5:14b,0.2761,1.0,0.280629,0.694444,0.4806,1.0,0.619375,1.37931,-0.2045,0.0,-0.338746,-0.684866,-1.1710309572741873,learned
1984_023,1984,qwen,qwen2.5:14b,0.4359,1.0,0.37002,0.0,0.47285,1.0,0.661867,2.970297,-0.03695,0.0,-0.291847,-2.970297,-1.5731858705985062,learned
1984_024,1984,qwen,qwen2.5:14b,0.0147,1.0,0.363529,0.0,0.17,1.0,0.144467,3.669725,-0.1553,0.0,0.219062,-3.669725,-0.27108392904166834,learned
1984_025,1984,qwen,qwen2.5:14b,0.377,1.0,0.1961,2.312139,0.4798,1.0,0.7159,3.571429,-0.1028,0.0,-0.5198,-1.25929,-1.8262240921521045,learned
1984_026,1984,qwen,qwen2.5:14b,0.2294,1.0,0.17078,2.5,0.23835,1.0,0.4121,2.247191,-0.00895,0.0,-0.24132,0.252809,-0.6404295503515169,learned
1984_027,1984,qwen,qwen2.5:14b,0.4221,1.0,0.3628,0.0,0.47505,1.0,0.51155,1.73913,-0.05295,0.0,-0.14875,-1.73913,-0.8600020732580984,learned
1984_028,1984,qwen,qwen2.5:14b,0.2427,1.0,0.514233,1.360544,0.39005,1.0,0.4703,1.190476,-0.14735,0.0,0.043933,0.170068,0.15403545244475542,learned
1984_029,1984,qwen,qwen2.5:14b,0.29735,1.0,0.3478,0.666667,0.35275,1.0,0.438667,2.816901,-0.0554,0.0,-0.090867,-2.150234,-0.7920107134257097,learned
1984_030,1984,qwen,qwen2.5:14b,0.4638,1.0,0.3258,1.242236,0.2787,1.0,0.4188,2.721088,0.1851,0.0,-0.093,-1.478852,-0.6107543667372546,learned
1984_031,1984,qwen,qwen2.5:14b,0.48315,1.0,0.273244,1.273885,0.4495,1.0,0.374125,0.0,0.03365,0.0,-0.100881,1.273885,0.019910151386216934,learned
1984_032,1984,qwen,qwen2.5:14b,0.42865,1.0,0.313367,0.574713,0.45845,1.0,0.384725,2.380952,-0.0298,0.0,-0.071358,-1.806239,-0.6491701284996823,learned
1984_033,1984,qwen,qwen2.5:14b,0.0497,1.0,0.322337,1.724138,0.4221,1.0,0.3591,1.37931,-0.3724,0.0,-0.036763,0.344828,-0.06065047546924321,learned
1984_034,1984,qwen,qwen2.5:14b,0.46085,1.0,0.288325,3.184713,0.468,1.0,0.38732,1.550388,-0.00715,0.0,-0.098995,1.634325,0.10884394648817014,learned
1984_035,1984,qwen,qwen2.5:14b,0.4637,1.0,0.7326,0.0,0.48545,1.0,0.5442,0.0,-0.02175,0.0,0.1884,0.0,0.5450391227312061,learned
1984_036,1984,qwen,qwen2.5:14b,0.07655,1.0,0.201283,1.273885,0.44425,1.0,0.55015,0.806452,-0.3677,0.0,-0.348867,0.467433,-0.9369408553625665,learned
1984_037,1984,qwen,qwen2.5:14b,0.30515,1.0,0.427157,3.75,0.4919,1.0,0.52035,1.886792,-0.18675,0.0,-0.093193,1.863208,0.16315196546029448,learned
1984_038,1984,qwen,qwen2.5:14b,0.1628,1.0,0.465817,1.818182,0.0386,1.0,0.3619,0.877193,0.1242,0.0,0.103917,0.940989,0.5430465165240377,learned
1984_039,1984,qwen,qwen2.5:14b,0.2418,1.0,0.19589,1.438849,0.4844,1.0,0.53015,2.380952,-0.2426,0.0,-0.33426,-0.942103,-1.2243573166858166,learned
1984_040,1984,qwen,qwen2.5:14b,0.2495,1.0,0.492283,2.906977,0.3953,1.0,0.520967,2.542373,-0.1458,0.0,-0.028684,0.364604,-0.00946663104100752,learned
1984_041,1984,qwen,qwen2.5:14b,0.288,1.0,0.36742,2.531646,0.4664,1.0,0.6229,1.030928,-0.1784,0.0,-0.25548,1.500718,-0.39547167815416784,learned
1984_042,1984,qwen,qwen2.5:14b,0.2294,1.0,0.299229,0.657895,0.4552,1.0,0.546925,0.735294,-0.2258,0.0,-0.247696,-0.077399,-0.7611107517270953,learned
1984_043,1984,qwen,qwen2.5:14b,0.46585,1.0,0.268864,1.169591,0.39865,1.0,0.542433,4.347826,0.0672,0.0,-0.273569,-3.178235,-1.5600891982600098,learned
1984_044,1984,qwen,qwen2.5:14b,0.47525,1.0,0.26716,0.609756,0.36755,1.0,0.4077,1.980198,0.1077,0.0,-0.14054,-1.370442,-0.7303261797341106,learned
1984_045,1984,qwen,qwen2.5:14b,0.2954,1.0,0.21908,1.587302,0.3679,1.0,0.452633,1.020408,-0.0725,0.0,-0.233553,0.566894,-0.5479772198336283,learned
1984_046,1984,qwen,qwen2.5:14b,0.409,1.0,0.155987,2.197802,0.44785,1.0,0.43195,2.222222,-0.03885,0.0,-0.275963,-0.02442,-0.8114410352354862,learned
1984_047,1984,qwen,qwen2.5:14b,0.45905,1.0,0.359314,3.184713,0.16485,1.0,0.3845,2.941176,0.2942,0.0,-0.025186,0.243537,0.015765612705106576,learned
1984_048,1984,qwen,qwen2.5:14b,0.19945,1.0,0.072536,1.176471,0.42455,1.0,0.432625,2.702703,-0.2251,0.0,-0.360089,-1.526232,-1.4395460466948193,learned
1984_049,1984,qwen,qwen2.5:14b,0.4125,1.0,0.29622,1.630435,0.3454,1.0,0.4916,3.797468,0.0671,0.0,-0.19538,-2.167033,-1.0872813723767223,learned
animal_farm_000,animal_farm,qwen,qwen2.5:14b,0.3633,1.0,0.302467,1.351351,0.3938,1.0,0.5567,2.142857,-0.0305,0.0,-0.254233,-0.791506,-0.9338676402092574,learned
animal_farm_001,animal_farm,qwen,qwen2.5:14b,0.41815,1.0,0.23958,1.851852,0.17,1.0,0.3203,0.934579,0.24815,0.0,-0.08072,0.917273,0.013508625392524953,learned
animal_farm_002,animal_farm,qwen,qwen2.5:14b,0.2998,1.0,0.25226,0.662252,0.34975,1.0,0.355925,2.12766,-0.04995,0.0,-0.103665,-1.465408,-0.6622321484466547,learned
animal_farm_003,animal_farm,qwen,qwen2.5:14b,0.40965,1.0,0.402725,1.156069,0.10115,1.0,0.603733,0.952381,0.3085,0.0,-0.201008,0.203688,-0.5031745996388801,learned
animal_farm_004,animal_farm,qwen,qwen2.5:14b,0.4589,1.0,0.292843,1.986755,0.4945,1.0,0.847433,0.78125,-0.0356,0.0,-0.55459,1.205505,-1.3215782496226351,learned
animal_farm_005,animal_farm,qwen,qwen2.5:14b,0.45765,1.0,0.226278,0.632911,0.4455,1.0,0.430333,4.494382,0.01215,0.0,-0.204055,-3.861471,-1.529755742151355,learned
animal_farm_006,animal_farm,qwen,qwen2.5:14b,0.4716,1.0,0.374914,1.142857,0.31245,1.0,0.51722,2.205882,0.15915,0.0,-0.142306,-1.063025,-0.6555563944766168,learned
animal_farm_007,animal_farm,qwen,qwen2.5:14b,0.13085,1.0,0.57775,0.621118,0.37935,1.0,0.41755,1.41844,-0.2485,0.0,0.1602,-0.797322,0.2464646161062608,learned
animal_farm_008,animal_farm,qwen,qwen2.5:14b,0.20095,1.0,0.1855,0.729927,0.36345,1.0,0.348167,3.448276,-0.1625,0.0,-0.162667,-2.718349,-1.1494369965600149,learned
animal_farm_009,animal_farm,qwen,qwen2.5:14b,0.4341,1.0,0.2049,0.606061,0.4389,1.0,0.634567,0.909091,-0.0048,0.0,-0.429667,-0.30303,-1.3221539532317368,learned
animal_farm_010,animal_farm,qwen,qwen2.5:14b,0.4612,1.0,0.36578,2.531646,0.43445,1.0,0.457533,2.654867,0.02675,0.0,-0.091753,-0.123221,-0.29374737170217907,learned
animal_farm_011,animal_farm,qwen,qwen2.5:14b,0.2284,1.0,0.17428,2.040816,0.01085,1.0,0.229475,0.892857,0.21755,0.0,-0.055195,1.147959,0.14060898652626916,learned
animal_farm_012,animal_farm,qwen,qwen2.5:14b,0.49335,1.0,0.380943,0.0,0.4856,1.0,0.645575,1.666667,0.00775,0.0,-0.264632,-1.666667,-1.1728553299087352,learned
animal_farm_013,animal_farm,qwen,qwen2.5:14b,0.4734,1.0,0.46387,0.689655,0.465,1.0,0.472725,3.333333,0.0084,0.0,-0.008855,-2.643678,-0.6672413935032666,learned
animal_farm_014,animal_farm,qwen,qwen2.5:14b,0.46585,1.0,0.468175,2.112676,0.46945,1.0,0.4136,3.488372,-0.0036,0.0,0.054575,-1.375696,-0.1761134124646627,learned
animal_farm_015,animal_farm,qwen,qwen2.5:14b,0.4217,1.0,0.4105,1.459854,0.3715,1.0,0.469567,0.0,0.0502,0.0,-0.059067,1.459854,0.18822646162982656,learned
animal_farm_016,animal_farm,qwen,qwen2.5:14b,0.0386,1.0,0.239917,0.60241,0.4037,1.0,0.545125,1.818182,-0.3651,0.0,-0.305208,-1.215772,-1.2188542577225137,learned
animal_farm_017,animal_farm,qwen,qwen2.5:14b,0.38075,1.0,0.257522,1.724138,0.23835,1.0,0.241625,0.75188,0.1424,0.0,0.015897,0.972258,0.2968162552905059,learned
animal_farm_018,animal_farm,qwen,qwen2.5:14b,0.23835,1.0,0.175975,0.662252,0.23835,1.0,0.304367,4.807692,0.0,0.0,-0.128392,-4.14544,-1.380208576452732,learned
animal_farm_019,animal_farm,qwen,qwen2.5:14b,0.35885,1.0,0.403087,0.0,0.48995,1.0,0.740325,5.825243,-0.1311,0.0,-0.337238,-5.825243,-2.4082555863295534,learned
animal_farm_020,animal_farm,qwen,qwen2.5:14b,0.3592,1.0,0.2949,0.598802,0.1423,1.0,0.39475,0.0,0.2169,0.0,-0.09985,0.598802,-0.12260046296994503,learned
animal_farm_021,animal_farm,qwen,qwen2.5:14b,0.46855,1.0,0.294,1.360544,0.418,1.0,0.475025,0.819672,0.05055,0.0,-0.181025,0.540872,-0.3892822996782046,learned
animal_farm_022,animal_farm,qwen,qwen2.5:14b,0.4583,1.0,0.112707,0.0,0.33915,1.0,0.425467,3.478261,0.11915,0.0,-0.31276,-3.478261,-1.7415744113163742,learned
animal_farm_023,animal_farm,qwen,qwen2.5:14b,0.34915,1.0,0.203444,1.388889,0.43445,1.0,0.4177,0.757576,-0.0853,0.0,-0.214256,0.631313,-0.4775674360238127,learned
animal_farm_024,animal_farm,qwen,qwen2.5:14b,0.4746,1.0,0.439433,2.040816,0.09335,1.0,0.3516,2.222222,0.38125,0.0,0.087833,-0.181406,0.24959523084204294,learned
animal_farm_025,animal_farm,qwen,qwen2.5:14b,0.1806,1.0,0.093975,1.829268,0.24695,1.0,0.243725,2.631579,-0.06635,0.0,-0.14975,-0.802311,-0.6366301338000542,learned
animal_farm_026,animal_farm,qwen,qwen2.5:14b,0.3951,1.0,0.319533,2.424242,0.26335,1.0,0.336325,3.333333,0.13175,0.0,-0.016792,-0.909091,-0.25634770585038086,learned
animal_farm_027,animal_farm,qwen,qwen2.5:14b,0.3548,1.0,0.26227,0.0,0.45005,1.0,0.550975,2.325581,-0.09525,0.0,-0.288705,-2.325581,-1.4132989119554624,learned
animal_farm_028,animal_farm,qwen,qwen2.5:14b,0.2353,1.0,0.189912,1.041667,0.2215,1.0,0.223525,1.941748,0.0138,0.0,-0.033613,-0.900081,-0.3149438307993762,learned
animal_farm_029,animal_farm,qwen,qwen2.5:14b,0.418,1.0,0.3908,1.212121,0.46745,1.0,0.602767,3.191489,-0.04945,0.0,-0.211967,-1.979368,-1.1016460458100603,learned
animal_farm_030,animal_farm,qwen,qwen2.5:14b,0.19695,1.0,0.188825,0.606061,0.41125,1.0,0.463233,0.909091,-0.2143,0.0,-0.274408,-0.30303,-0.8923618927994685,learned
animal_farm_031,animal_farm,qwen,qwen2.5:14b,0.1909,0.0,0.3818,0.0,0.28595,1.0,0.23148,1.923077,-0.09505,-1.0,0.15032,-1.923077,-0.040257711659454465,learned
animal_farm_032,animal_farm,qwen,qwen2.5:14b,0.2981,1.0,0.259343,0.0,0.4561,1.0,0.548,1.960784,-0.158,0.0,-0.288657,-1.960784,-1.3308646015613617,learned
animal_farm_033,animal_farm,qwen,qwen2.5:14b,0.1911,1.0,0.478689,2.409639,0.1858,1.0,0.3565,3.0,0.0053,0.0,0.122189,-0.590361,0.21200567830583147,learned
animal_farm_034,animal_farm,qwen,qwen2.5:14b,0.28945,1.0,0.401767,0.0,0.418,1.0,0.6692,0.0,-0.12855,0.0,-0.267433,0.0,-0.7898003058168779,learned
animal_farm_035,animal_farm,qwen,qwen2.5:14b,0.17635,1.0,0.127155,0.0,0.436,1.0,0.358825,1.626016,-0.25965,0.0,-0.23167,-1.626016,-1.094271531688221,learned
animal_farm_036,animal_farm,qwen,qwen2.5:14b,0.4847,1.0,0.390089,0.0,0.48875,1.0,0.624375,0.78125,-0.00405,0.0,-0.234286,-0.78125,-0.8707619156625931,learned
animal_farm_037,animal_farm,qwen,qwen2.5:14b,0.31845,1.0,0.43964,0.60241,0.49245,1.0,0.7894,0.0,-0.174,0.0,-0.34976,0.60241,-0.8871522677884756,learned
animal_farm_038,animal_farm,qwen,qwen2.5:14b,0.4211,1.0,0.3572,0.595238,0.12385,1.0,0.406567,1.904762,0.29725,0.0,-0.049367,-1.309524,-0.4315317149649045,learned
animal_farm_039,animal_farm,qwen,qwen2.5:14b,0.34965,1.0,0.35226,0.558659,0.46565,1.0,0.467425,0.847458,-0.116,0.0,-0.115165,-0.288799,-0.41641767655456935,learned
animal_farm_040,animal_farm,qwen,qwen2.5:14b,0.4902,1.0,0.49825,0.584795,0.40305,1.0,0.615267,0.0,0.08715,0.0,-0.117017,0.584795,-0.18898746493198176,learned
animal_farm_041,animal_farm,qwen,qwen2.5:14b,0.20155,1.0,0.40464,1.923077,0.3849,1.0,0.361567,0.909091,-0.18335,0.0,0.043073,1.013986,0.35295552352286896,learned
animal_farm_042,animal_farm,qwen,qwen2.5:14b,0.46965,1.0,0.438333,0.632911,0.468,1.0,0.46165,0.769231,0.00165,0.0,-0.023317,-0.13632,-0.10068466810735308,learned
animal_farm_043,animal_farm,qwen,qwen2.5:14b,0.4762,1.0,0.49616,0.0,0.4913,1.0,0.717367,1.020408,-0.0151,0.0,-0.221207,-1.020408,-0.8920005551412457,learned
animal_farm_044,animal_farm,qwen,qwen2.5:14b,0.4158,1.0,0.22798,0.0,0.38075,1.0,0.3705,0.757576,0.03505,0.0,-0.14252,-0.757576,-0.5945068698549065,learned
animal_farm_045,animal_farm,qwen,qwen2.5:14b,0.4603,1.0,0.276929,0.613497,0.4876,1.0,0.680725,0.0,-0.0273,0.0,-0.403796,0.613497,-1.0265815781948489,learned
animal_farm_046,animal_farm,qwen,qwen2.5:14b,0.4683,1.0,0.23666,1.219512,0.4643,1.0,0.69085,0.917431,0.004,0.0,-0.45419,0.302081,-1.245463249595534,learned
animal_farm_047,animal_farm,qwen,qwen2.5:14b,0.2294,1.0,0.334571,0.0,0.4531,1.0,0.777467,0.0,-0.2237,0.0,-0.442896,0.0,-1.3090817394495,learned
animal_farm_048,animal_farm,qwen,qwen2.5:14b,0.3592,1.0,0.328483,1.818182,0.29295,1.0,0.48165,1.801802,0.06625,0.0,-0.153167,0.01638,-0.43421964579924005,learned
animal_farm_049,animal_farm,qwen,qwen2.5:14b,0.4531,1.0,0.29918,0.671141,0.36755,1.0,0.533033,1.626016,0.08555,0.0,-0.233853,-0.954875,-0.902632614598768,learned
fahrenheit_000,fahrenheit,qwen,qwen2.5:14b,0.4662,1.0,0.30654,0.561798,0.44035,1.0,0.473425,2.877698,0.02585,0.0,-0.166885,-2.3159,-1.0448560916242058,learned
fahrenheit_001,fahrenheit,qwen,qwen2.5:14b,0.4228,1.0,0.16605,1.129944,0.45845,1.0,0.42535,5.6,-0.03565,0.0,-0.2593,-4.470056,-1.8429329821074254,learned
fahrenheit_002,fahrenheit,qwen,qwen2.5:14b,0.44415,1.0,0.106092,1.075269,0.47065,1.0,0.4758,4.347826,-0.0265,0.0,-0.369708,-3.272557,-1.8717333056480943,learned
fahrenheit_003,fahrenheit,qwen,qwen2.5:14b,0.04425,1.0,0.242708,2.259887,0.4455,1.0,0.55275,2.4,-0.40125,0.0,-0.310042,-0.140113,-0.9751832565456872,learned
fahrenheit_004,fahrenheit,qwen,qwen2.5:14b,0.4729,1.0,0.413967,0.684932,0.31845,1.0,0.2123,4.040404,0.15445,0.0,0.201667,-3.355472,-0.21393299739423122,learned
fahrenheit_005,fahrenheit,qwen,qwen2.5:14b,0.38195,1.0,0.186277,1.807229,0.35015,1.0,0.561233,1.123596,0.0318,0.0,-0.374956,0.683633,-0.9197935610142317,learned
fahrenheit_006,fahrenheit,qwen,qwen2.5:14b,0.29295,1.0,0.107536,0.537634,0.41355,1.0,0.509975,1.869159,-0.1206,0.0,-0.402439,-1.331525,-1.504681761762517,learned
fahrenheit_007,fahrenheit,qwen,qwen2.5:14b,0.47985,1.0,0.39804,2.205882,0.4559,1.0,0.5377,5.208333,0.02395,0.0,-0.13966,-3.002451,-1.132789300853339,learned
fahrenheit_008,fahrenheit,qwen,qwen2.5:14b,0.4423,1.0,0.144028,0.515464,0.4739,1.0,0.576975,1.626016,-0.0316,0.0,-0.432947,-1.110552,-1.5306054947860157,learned
fahrenheit_009,fahrenheit,qwen,qwen2.5:14b,0.3716,1.0,0.375525,1.183432,0.4169,1.0,0.52595,1.639344,-0.0453,0.0,-0.150425,-0.455912,-0.5522931686242327,learned
fahrenheit_010,fahrenheit,qwen,qwen2.5:14b,0.28235,1.0,0.4117,0.787402,0.2427,1.0,0.404867,1.869159,0.03965,0.0,0.006833,-1.081757,-0.23899240520017417,learned
fahrenheit_011,fahrenheit,qwen,qwen2.5:14b,0.1174,1.0,0.4106,1.875,0.42825,1.0,0.434375,4.237288,-0.31085,0.0,-0.023775,-2.362288,-0.6744856523173439,learned
fahrenheit_012,fahrenheit,qwen,qwen2.5:14b,0.4482,1.0,0.109964,0.549451,0.41415,1.0,0.561125,3.355705,0.03405,0.0,-0.451161,-2.806254,-1.9889005315540234,learned
fahrenheit_013,fahrenheit,qwen,qwen2.5:14b,0.4781,1.0,0.411827,0.0,0.24695,1.0,0.34915,0.961538,0.23115,0.0,0.062677,-0.961538,-0.02821041188199791,learned
fahrenheit_014,fahrenheit,qwen,qwen2.5:14b,0.42405,1.0,0.231443,0.0,0.3243,1.0,0.5724,3.076923,0.09975,0.0,-0.340957,-3.076923,-1.7279202390525892,learned
fahrenheit_015,fahrenheit,qwen,qwen2.5:14b,0.46365,1.0,0.42845,1.369863,0.47465,1.0,0.506925,2.459016,-0.011,0.0,-0.078475,-1.089153,-0.49370169695736027,learned
fahrenheit_016,fahrenheit,qwen,qwen2.5:14b,0.479,1.0,0.075978,1.826484,0.42525,1.0,0.421433,4.123711,0.05375,0.0,-0.345455,-2.297227,-1.556183323581984,learned
fahrenheit_017,fahrenheit,qwen,qwen2.5:14b,0.2151,1.0,0.244615,1.630435,0.42595,1.0,0.4095,3.174603,-0.21085,0.0,-0.164885,-1.544168,-0.8754617454030728,learned
fahrenheit_018,fahrenheit,qwen,qwen2.5:14b,0.45435,1.0,0.281825,0.546448,0.4838,1.0,0.57015,0.680272,-0.02945,0.0,-0.288325,-0.133824,-0.8729813773334241,learned
fahrenheit_019,fahrenheit,qwen,qwen2.5:14b,0.4337,1.0,0.253815,0.591716,0.4037,1.0,0.816833,2.884615,0.03,0.0,-0.563018,-2.292899,-2.189480036242125,learned
fahrenheit_020,fahrenheit,qwen,qwen2.5:14b,0.4763,1.0,0.407267,0.0,0.48615,1.0,0.686567,4.0,-0.00985,0.0,-0.2793,-4.0,-1.7842017263727283,learned
fahrenheit_021,fahrenheit,qwen,qwen2.5:14b,0.24955,1.0,0.318736,1.5625,0.4158,1.0,0.39915,2.631579,-0.16625,0.0,-0.080414,-1.069079,-0.5101537301898543,learned
fahrenheit_022,fahrenheit,qwen,qwen2.5:14b,0.3671,1.0,0.169571,1.449275,0.4017,1.0,0.5689,3.361345,-0.0346,0.0,-0.399329,-1.91207,-1.6280154992390359,learned
fahrenheit_023,fahrenheit,qwen,qwen2.5:14b,0.3508,1.0,0.249633,1.234568,0.32985,1.0,0.496,1.492537,0.02095,0.0,-0.246367,-0.257969,-0.7761767386630793,learned
fahrenheit_024,fahrenheit,qwen,qwen2.5:14b,0.12405,1.0,0.229833,2.12766,0.32985,1.0,0.2672,2.608696,-0.2058,0.0,-0.037367,-0.481036,-0.24623100117853192,learned
fahrenheit_025,fahrenheit,qwen,qwen2.5:14b,0.3286,1.0,0.24165,0.0,0.4037,1.0,0.630567,2.803738,-0.0751,0.0,-0.388917,-2.803738,-1.8185277202739558,learned
fahrenheit_026,fahrenheit,qwen,qwen2.5:14b,0.42465,1.0,0.217309,0.0,0.4037,1.0,0.388,2.173913,0.02095,0.0,-0.170691,-2.173913,-1.021906192212829,learned
fahrenheit_027,fahrenheit,qwen,qwen2.5:14b,0.4572,1.0,0.320042,3.067485,0.4822,1.0,0.550675,5.30303,-0.025,0.0,-0.230633,-2.235545,-1.2156390568701867,learned
fahrenheit_028,fahrenheit,qwen,qwen2.5:14b,0.0258,1.0,0.343667,2.068966,0.33525,1.0,0.4356,3.296703,-0.30945,0.0,-0.091933,-1.227737,-0.5966429462655469,learned
fahrenheit_029,fahrenheit,qwen,qwen2.5:14b,0.17,1.0,0.34,0.990099,0.21075,1.0,0.4147,2.040816,-0.04075,0.0,-0.0747,-1.050717,-0.4764053511415759,learned
fahrenheit_030,fahrenheit,qwen,qwen2.5:14b,0.4403,1.0,0.397075,0.606061,0.46005,1.0,0.391,1.948052,-0.01975,0.0,0.006075,-1.341991,-0.31043270537469536,learned
fahrenheit_031,fahrenheit,qwen,qwen2.5:14b,0.42595,1.0,0.124433,1.212121,0.4769,1.0,0.625633,2.912621,-0.05095,0.0,-0.5012,-1.7005,-1.87416147506588,learned
fahrenheit_032,fahrenheit,qwen,qwen2.5:14b,0.33225,1.0,0.254382,0.0,0.0129,1.0,0.766233,1.869159,0.31935,0.0,-0.511851,-1.869159,-1.9086388233185279,learned
fahrenheit_033,fahrenheit,qwen,qwen2.5:14b,0.366,1.0,0.33338,0.0,0.1591,1.0,0.205667,0.8,0.2069,0.0,0.127713,-0.8,0.19749628332309221,learned
fahrenheit_034,fahrenheit,qwen,qwen2.5:14b,0.27885,1.0,0.104221,2.197802,0.476,1.0,0.564925,2.325581,-0.19715,0.0,-0.460704,-0.127779,-1.3891716302605768,learned
fahrenheit_035,fahrenheit,qwen,qwen2.5:14b,0.3454,1.0,0.29238,0.719424,0.3903,1.0,0.380667,1.041667,-0.0449,0.0,-0.088287,-0.322243,-0.3392834929611161,learned
fahrenheit_036,fahrenheit,qwen,qwen2.5:14b,0.49045,1.0,0.326982,1.604278,0.49115,1.0,0.6062,2.112676,-0.0007,0.0,-0.279218,-0.508398,-0.9346369445940941,learned
fahrenheit_037,fahrenheit,qwen,qwen2.5:14b,0.44545,1.0,0.46131,0.0,0.09505,1.0,0.212475,2.238806,0.3504,0.0,0.248835,-2.238806,0.21421820517491663,learned
fahrenheit_038,fahrenheit,qwen,qwen2.5:14b,0.40475,1.0,0.115533,0.0,0.47015,1.0,0.461125,1.470588,-0.0654,0.0,-0.345592,-1.470588,-1.3677691047157807,learned
fahrenheit_039,fahrenheit,qwen,qwen2.5:14b,0.4245,1.0,0.203682,0.578035,0.3243,1.0,0.2329,1.834862,0.1002,0.0,-0.029218,-1.256827,-0.38012518456364175,learned
fahrenheit_040,fahrenheit,qwen,qwen2.5:14b,0.47775,1.0,0.184289,2.339181,0.3404,1.0,0.6276,0.75188,0.13735,0.0,-0.443311,1.587301,-0.8880930653909789,learned
fahrenheit_041,fahrenheit,qwen,qwen2.5:14b,0.4231,1.0,0.193054,0.0,0.3548,1.0,0.547733,3.658537,0.0683,0.0,-0.354679,-3.658537,-1.912280527055137,learned
fahrenheit_042,fahrenheit,qwen,qwen2.5:14b,0.42075,1.0,0.169378,0.0,0.10645,1.0,0.102133,2.040816,0.3143,0.0,0.067245,-2.040816,-0.26878117483275754,learned
fahrenheit_043,fahrenheit,qwen,qwen2.5:14b,0.15355,1.0,0.123146,0.0,0.2553,1.0,0.320567,2.040816,-0.10175,0.0,-0.197421,-2.040816,-1.0796138058047302,learned
fahrenheit_044,fahrenheit,qwen,qwen2.5:14b,0.47235,1.0,0.200978,2.068966,0.4531,1.0,0.619675,4.615385,0.01925,0.0,-0.418697,-2.546419,-1.8329644377763357,learned
fahrenheit_045,fahrenheit,qwen,qwen2.5:14b,0.48445,1.0,0.160853,0.502513,0.443,1.0,0.39165,2.439024,0.04145,0.0,-0.230797,-1.936511,-1.1367362625528004,learned
fahrenheit_046,fahrenheit,qwen,qwen2.5:14b,0.48995,1.0,0.292353,1.570681,0.37895,1.0,0.360525,3.703704,0.111,0.0,-0.068172,-2.133023,-0.7050824893291702,learned
fahrenheit_047,fahrenheit,qwen,qwen2.5:14b,0.4791,1.0,0.34409,0.0,0.47465,1.0,0.595233,5.607477,0.00445,0.0,-0.251143,-5.607477,-2.091559544522012,learned
fahrenheit_048,fahrenheit,qwen,qwen2.5:14b,0.4268,1.0,0.188,2.564103,0.0,1.0,0.2057,5.30303,0.4268,0.0,-0.0177,-2.738927,-0.673772050983453,learned
fahrenheit_049,fahrenheit,qwen,qwen2.5:14b,0.357,1.0,0.6983,0.0,0.4455,1.0,0.4746,2.173913,-0.0885,0.0,0.2237,-2.173913,0.11259966397501098,learned
iron_heel_000,iron_heel,qwen,qwen2.5:14b,0.4868,1.0,0.689367,1.30719,0.4843,1.0,0.504925,1.769912,0.0025,0.0,0.184442,-0.462722,0.423560643553326,learned
iron_heel_001,iron_heel,qwen,qwen2.5:14b,0.4736,1.0,0.321633,1.123596,0.46855,1.0,0.6612,3.921569,0.00505,0.0,-0.339567,-2.797973,-1.6656777798542497,learned
iron_heel_002,iron_heel,qwen,qwen2.5:14b,0.49545,1.0,0.568556,0.561798,0.1806,1.0,0.5023,2.5,0.31485,0.0,0.066256,-1.938202,-0.2466647724633983,learned
iron_heel_003,iron_heel,qwen,qwen2.5:14b,0.41025,1.0,0.278087,1.219512,0.3062,1.0,0.448925,0.970874,0.10405,0.0,-0.170838,0.248638,-0.42529106959985175,learned
iron_heel_004,iron_heel,qwen,qwen2.5:14b,0.41125,1.0,0.25444,0.0,0.25845,1.0,0.48415,2.173913,0.1528,0.0,-0.22971,-2.173913,-1.180004894120693,learned
iron_heel_005,iron_heel,qwen,qwen2.5:14b,0.4721,1.0,0.441067,2.380952,0.3753,1.0,0.350967,4.255319,0.0968,0.0,0.0901,-1.874367,-0.18394250620896796,learned
iron_heel_006,iron_heel,qwen,qwen2.5:14b,0.03895,1.0,0.659917,0.574713,0.4841,1.0,0.548425,1.980198,-0.44515,0.0,0.111492,-1.405485,-0.06267274058354999,learned
iron_heel_007,iron_heel,qwen,qwen2.5:14b,0.38585,1.0,0.260915,2.312139,0.47255,1.0,0.692467,1.010101,-0.0867,0.0,-0.431552,1.302038,-0.945905335578723,learned
iron_heel_008,iron_heel,qwen,qwen2.5:14b,0.47745,1.0,0.380267,0.0,0.41275,1.0,0.521,0.0,0.0647,0.0,-0.140733,0.0,-0.4022398714018804,learned
iron_heel_009,iron_heel,qwen,qwen2.5:14b,0.3715,1.0,0.121845,3.314917,0.29295,1.0,0.17255,4.424779,0.07855,0.0,-0.050705,-1.109862,-0.40901665585850766,learned
iron_heel_010,iron_heel,qwen,qwen2.5:14b,0.46745,1.0,0.327486,0.657895,0.33755,1.0,0.353575,0.793651,0.1299,0.0,-0.026089,-0.135756,-0.09563181241573691,learned
iron_heel_011,iron_heel,qwen,qwen2.5:14b,0.37595,1.0,0.28287,0.598802,0.4012,1.0,0.3038,2.479339,-0.02525,0.0,-0.02093,-1.880537,-0.5202869660090035,learned
iron_heel_012,iron_heel,qwen,qwen2.5:14b,0.2657,1.0,0.2228,0.531915,0.43125,1.0,0.493033,1.923077,-0.16555,0.0,-0.270233,-1.391162,-1.1397037949583828,learned
iron_heel_013,iron_heel,qwen,qwen2.5:14b,0.3102,1.0,0.27632,2.030457,0.4577,1.0,0.5753,3.296703,-0.1475,0.0,-0.29898,-1.266246,-1.1910265308747476,learned
iron_heel_014,iron_heel,qwen,qwen2.5:14b,0.48525,1.0,0.354433,1.675978,0.1806,1.0,0.4028,0.0,0.30465,0.0,-0.048367,1.675978,0.29754868753169605,learned
iron_heel_015,iron_heel,qwen,qwen2.5:14b,0.25,1.0,0.239025,0.0,0.3787,1.0,0.46355,5.405405,-0.1287,0.0,-0.224525,-5.405405,-1.978606088849492,learned
iron_heel_016,iron_heel,qwen,qwen2.5:14b,0.4464,1.0,0.503233,1.020408,0.47655,1.0,0.663,2.4,-0.03015,0.0,-0.159767,-1.379592,-0.8023356168758623,learned
iron_heel_017,iron_heel,qwen,qwen2.5:14b,0.49235,1.0,0.654443,0.0,0.47785,1.0,0.8311,0.909091,0.0145,0.0,-0.176657,-0.909091,-0.7325567854174222,learned
iron_heel_018,iron_heel,qwen,qwen2.5:14b,0.24535,1.0,0.23474,2.173913,0.4109,1.0,0.391233,3.773585,-0.16555,0.0,-0.156493,-1.599672,-0.8599920293756889,learned
iron_heel_019,iron_heel,qwen,qwen2.5:14b,0.47795,1.0,0.312123,1.06383,0.4847,1.0,0.684667,1.785714,-0.00675,0.0,-0.372544,-0.721884,-1.2582027023050684,learned
iron_heel_020,iron_heel,qwen,qwen2.5:14b,0.4871,1.0,0.443936,2.105263,0.4511,1.0,0.471833,1.834862,0.036,0.0,-0.027897,0.270401,-0.01168837956652563,learned
iron_heel_021,iron_heel,qwen,qwen2.5:14b,0.2467,1.0,0.318017,0.512821,0.31845,1.0,0.45496,1.169591,-0.07175,0.0,-0.136943,-0.65677,-0.5646120794018936,learned
iron_heel_022,iron_heel,qwen,qwen2.5:14b,0.11315,1.0,0.3478,0.537634,0.4866,1.0,0.657825,0.854701,-0.37345,0.0,-0.310025,-0.317067,-1.0153198705395614,learned
iron_heel_023,iron_heel,qwen,qwen2.5:14b,0.48295,1.0,0.412714,1.470588,0.3222,1.0,0.297275,0.826446,0.16075,0.0,0.115439,0.644142,0.5080807495747369,learned
iron_heel_024,iron_heel,qwen,qwen2.5:14b,0.05185,1.0,0.340818,1.485149,0.47695,1.0,0.676633,4.379562,-0.4251,0.0,-0.335815,-2.894413,-1.7217058748045555,learned
iron_heel_025,iron_heel,qwen,qwen2.5:14b,0.36345,1.0,0.306314,0.689655,0.20765,1.0,0.3294,1.904762,0.1558,0.0,-0.023086,-1.215107,-0.34655473603632453,learned
iron_heel_026,iron_heel,qwen,qwen2.5:14b,0.425,1.0,0.1671,0.609756,0.05215,1.0,0.291625,3.731343,0.37285,0.0,-0.124525,-3.121587,-1.0824975535762715,learned
iron_heel_027,iron_heel,qwen,qwen2.5:14b,0.48705,1.0,0.481629,2.873563,0.44435,1.0,0.42445,6.19469,0.0427,0.0,0.057179,-3.321127,-0.6365757129077437,learned
iron_heel_028,iron_heel,qwen,qwen2.5:14b,0.46155,1.0,0.426062,2.325581,0.4329,1.0,0.627633,0.943396,0.02865,0.0,-0.201571,1.382185,-0.24675070332456606,learned
iron_heel_029,iron_heel,qwen,qwen2.5:14b,0.0386,1.0,0.116677,0.505051,0.3339,1.0,0.49755,3.333333,-0.2953,0.0,-0.380873,-2.828282,-1.8233911335453914,learned
iron_heel_030,iron_heel,qwen,qwen2.5:14b,0.4279,1.0,0.342983,0.5,0.4683,1.0,0.56055,1.769912,-0.0404,0.0,-0.217567,-1.269912,-0.9446110418385074,learned
iron_heel_031,iron_heel,qwen,qwen2.5:14b,0.2264,1.0,0.268557,1.796407,0.4201,1.0,0.30902,1.408451,-0.1937,0.0,-0.040463,0.387956,-0.0428497296625904,learned
iron_heel_032,iron_heel,qwen,qwen2.5:14b,0.48485,1.0,0.352378,0.0,0.49365,1.0,0.8223,1.680672,-0.0088,0.0,-0.469922,-1.680672,-1.7742297407109067,learned
iron_heel_033,iron_heel,qwen,qwen2.5:14b,0.4862,1.0,0.318867,0.502513,0.1591,1.0,0.48455,1.834862,0.3271,0.0,-0.165683,-1.332349,-0.7719182863187333,learned
iron_heel_034,iron_heel,qwen,qwen2.5:14b,0.125,1.0,0.46755,0.75188,0.28595,1.0,0.53815,2.238806,-0.16095,0.0,-0.0706,-1.486926,-0.582641385568005,learned
iron_heel_035,iron_heel,qwen,qwen2.5:14b,0.2193,1.0,0.191453,1.111111,0.1909,1.0,0.6063,1.526718,0.0284,0.0,-0.414847,-0.415607,-1.3031043118509167,learned
iron_heel_036,iron_heel,qwen,qwen2.5:14b,0.1591,1.0,0.26747,1.129944,0.14555,1.0,0.323,0.980392,0.01355,0.0,-0.05553,0.149552,-0.12358715613078947,learned
iron_heel_037,iron_heel,qwen,qwen2.5:14b,0.29975,1.0,0.26493,2.259887,0.3454,1.0,0.263433,1.904762,-0.04565,0.0,0.001497,0.355125,0.08602203446561095,learned
iron_heel_038,iron_heel,qwen,qwen2.5:14b,0.49105,1.0,0.302389,2.824859,0.19955,1.0,0.2735,1.666667,0.2915,0.0,0.028889,1.158192,0.3948082115309826,learned
iron_heel_039,iron_heel,qwen,qwen2.5:14b,0.4822,1.0,0.283022,0.0,0.148,0.0,0.098667,3.030303,0.3342,1.0,0.184355,-3.030303,-0.16703305234981425,learned
iron_heel_040,iron_heel,qwen,qwen2.5:14b,0.07155,1.0,0.1533,0.515464,0.487,1.0,0.62135,0.892857,-0.41545,0.0,-0.46805,-0.377393,-1.4932339586001908,learned
iron_heel_041,iron_heel,qwen,qwen2.5:14b,0.4074,1.0,0.42706,1.818182,0.46155,1.0,0.620367,0.0,-0.05415,0.0,-0.193307,1.818182,-0.12517855418825508,learned
iron_heel_042,iron_heel,qwen,qwen2.5:14b,0.3953,1.0,0.3295,0.0,0.4,1.0,0.2894,0.826446,-0.0047,0.0,0.0401,-0.826446,-0.0848109665474418,learned
iron_heel_043,iron_heel,qwen,qwen2.5:14b,0.43205,1.0,0.2922,0.0,0.37715,1.0,0.456175,1.840491,0.0549,0.0,-0.163975,-1.840491,-0.9179497302337867,learned
iron_heel_044,iron_heel,qwen,qwen2.5:14b,0.3982,1.0,0.24952,1.020408,0.3429,1.0,0.262175,2.362205,0.0553,0.0,-0.012655,-1.341797,-0.35720147353327003,learned
iron_heel_045,iron_heel,qwen,qwen2.5:14b,0.4745,1.0,0.20103,0.0,0.42775,1.0,0.456833,2.197802,0.04675,0.0,-0.255803,-2.197802,-1.2723237302139387,learned
iron_heel_046,iron_heel,qwen,qwen2.5:14b,0.463,1.0,0.243444,2.97619,0.10115,1.0,0.376767,1.075269,0.36185,0.0,-0.133323,1.900921,0.11122122728136657,learned
iron_heel_047,iron_heel,qwen,qwen2.5:14b,0.4214,1.0,0.31015,3.703704,0.4467,1.0,0.6038,0.862069,-0.0253,0.0,-0.29365,2.841635,-0.16504185574038754,learned
iron_heel_048,iron_heel,qwen,qwen2.5:14b,0.44285,1.0,0.2657,0.0,0.06505,1.0,0.4535,0.980392,0.3778,0.0,-0.1878,-0.980392,-0.7455146262540353,learned
iron_heel_049,iron_heel,qwen,qwen2.5:14b,0.4252,1.0,0.44739,0.0,0.47825,1.0,0.489125,3.508772,-0.05305,0.0,-0.041735,-3.508772,-0.9791634779629171,learned
time_machine_000,time_machine,qwen,qwen2.5:14b,0.4157,1.0,0.31992,0.540541,0.48165,1.0,0.678933,1.960784,-0.06595,0.0,-0.359013,-1.420243,-1.3945751820914647,learned
time_machine_001,time_machine,qwen,qwen2.5:14b,0.42765,1.0,0.294686,0.526316,0.47495,1.0,0.578025,1.923077,-0.0473,0.0,-0.283339,-1.396761,-1.167176335760934,learned
time_machine_002,time_machine,qwen,qwen2.5:14b,0.33285,1.0,0.185146,0.0,0.45405,1.0,0.49505,1.449275,-0.1212,0.0,-0.309904,-1.449275,-1.2645708417608992,learned
time_machine_003,time_machine,qwen,qwen2.5:14b,0.15225,1.0,0.239012,0.555556,0.2997,1.0,0.665625,3.252033,-0.14745,0.0,-0.426613,-2.696477,-1.909274617310157,learned
time_machine_004,time_machine,qwen,qwen2.5:14b,0.44415,1.0,0.383514,1.530612,0.4637,1.0,0.482375,2.362205,-0.01955,0.0,-0.098861,-0.831593,-0.49119782388821454,learned
time_machine_005,time_machine,qwen,qwen2.5:14b,0.4814,1.0,0.177757,0.515464,0.4221,1.0,0.516375,4.0,0.0593,0.0,-0.338618,-3.484536,-1.8242593955306896,learned
time_machine_006,time_machine,qwen,qwen2.5:14b,0.41665,1.0,0.203845,1.081081,0.48155,1.0,0.59345,1.941748,-0.0649,0.0,-0.389605,-0.860667,-1.3473607350738162,learned
time_machine_007,time_machine,qwen,qwen2.5:14b,0.2117,1.0,0.077911,1.257862,0.4845,1.0,0.6196,1.526718,-0.2728,0.0,-0.541689,-0.268856,-1.6663341214266196,learned
time_machine_008,time_machine,qwen,qwen2.5:14b,0.45895,1.0,0.316231,0.0,0.0129,1.0,0.277775,0.819672,0.44605,0.0,0.038456,-0.819672,-0.04236430199486027,learned
time_machine_009,time_machine,qwen,qwen2.5:14b,0.2787,1.0,0.148518,1.734104,0.4839,1.0,0.7259,2.173913,-0.2052,0.0,-0.577382,-0.439809,-1.8047138337634354,learned
time_machine_010,time_machine,qwen,qwen2.5:14b,0.1161,1.0,0.422333,0.520833,0.43895,1.0,0.64875,3.225806,-0.32285,0.0,-0.226417,-2.704973,-1.3475722554617287,learned
time_machine_011,time_machine,qwen,qwen2.5:14b,0.20195,1.0,0.101946,0.485437,0.4037,1.0,0.2804,0.840336,-0.20175,0.0,-0.178454,-0.354899,-0.6249823277509143,learned
time_machine_012,time_machine,qwen,qwen2.5:14b,0.3089,1.0,0.201644,1.183432,0.27175,1.0,0.27025,2.325581,0.03715,0.0,-0.068606,-1.142149,-0.47304422545149405,learned
time_machine_013,time_machine,qwen,qwen2.5:14b,0.27495,1.0,0.230436,0.0,0.46965,1.0,0.5975,0.806452,-0.1947,0.0,-0.367064,-0.806452,-1.2818376636866295,learned
time_machine_014,time_machine,qwen,qwen2.5:14b,0.4015,1.0,0.177912,0.0,0.3548,1.0,0.267233,3.508772,0.0467,0.0,-0.089321,-3.508772,-1.1072988563718735,learned
time_machine_015,time_machine,qwen,qwen2.5:14b,0.49675,1.0,0.513733,1.734104,0.4858,1.0,0.648775,3.125,0.01095,0.0,-0.135042,-1.390896,-0.7291088588285433,learned
time_machine_016,time_machine,qwen,qwen2.5:14b,0.1508,1.0,0.277864,1.578947,0.2787,1.0,0.46894,2.758621,-0.1279,0.0,-0.191076,-1.179674,-0.8545845521983423,learned
time_machine_017,time_machine,qwen,qwen2.5:14b,0.2188,1.0,0.318975,1.086957,0.4907,1.0,0.774625,2.5,-0.2719,0.0,-0.45565,-1.413043,-1.6943474007972688,learned
time_machine_018,time_machine,qwen,qwen2.5:14b,0.0871,1.0,0.078992,0.555556,0.28595,1.0,0.275825,1.851852,-0.19885,0.0,-0.196833,-1.296296,-0.9068177572346572,learned
time_machine_019,time_machine,qwen,qwen2.5:14b,0.41495,1.0,0.343293,0.546448,0.4913,1.0,0.77145,1.980198,-0.07635,0.0,-0.428157,-1.43375,-1.5997486577607822,learned
time_machine_020,time_machine,qwen,qwen2.5:14b,0.38075,1.0,0.20965,2.684564,0.05135,1.0,0.4767,3.252033,0.3294,0.0,-0.26705,-0.567469,-0.8802694234728792,learned
time_machine_021,time_machine,qwen,qwen2.5:14b,0.4696,1.0,0.18332,1.04712,0.3243,1.0,0.4955,1.587302,0.1453,0.0,-0.31218,-0.540182,-1.0233411314492482,learned
time_machine_022,time_machine,qwen,qwen2.5:14b,0.466,1.0,0.119008,1.020408,0.08895,1.0,0.568967,0.934579,0.37705,0.0,-0.449959,0.085829,-1.247999674030235,learned
time_machine_023,time_machine,qwen,qwen2.5:14b,0.48315,1.0,0.338471,1.030928,0.47795,1.0,0.708767,2.654867,0.0052,0.0,-0.370296,-1.623939,-1.4696491593081802,learned
time_machine_024,time_machine,qwen,qwen2.5:14b,0.4835,1.0,0.184685,0.0,0.401,1.0,0.4738,4.424779,0.0825,0.0,-0.289115,-4.424779,-1.9065876041726568,learned
time_machine_025,time_machine,qwen,qwen2.5:14b,0.3753,1.0,0.219225,1.257862,0.3243,1.0,0.30295,3.539823,0.051,0.0,-0.083725,-2.281961,-0.7925148448077453,learned
time_machine_026,time_machine,qwen,qwen2.5:14b,0.48945,1.0,0.271308,0.438596,0.0129,1.0,0.23094,2.307692,0.47655,0.0,0.040368,-1.869096,-0.2887193342073319,learned
time_machine_027,time_machine,qwen,qwen2.5:14b,0.47945,1.0,0.217636,1.5625,0.4845,1.0,0.782567,1.111111,-0.00505,0.0,-0.564931,0.451389,-1.5317640973455207,learned
time_machine_028,time_machine,qwen,qwen2.5:14b,0.4531,1.0,0.314129,1.273885,0.36345,1.0,0.5483,3.883495,0.08965,0.0,-0.234171,-2.60961,-1.305214926479329,learned
time_machine_029,time_machine,qwen,qwen2.5:14b,0.23105,1.0,0.150458,0.574713,0.413,1.0,0.3452,0.826446,-0.18195,0.0,-0.194742,-0.251733,-0.6452238261566015,learned
time_machine_030,time_machine,qwen,qwen2.5:14b,0.43465,1.0,0.283653,0.510204,0.4811,1.0,0.5919,2.912621,-0.04645,0.0,-0.308247,-2.402417,-1.483797453144145,learned
time_machine_031,time_machine,qwen,qwen2.5:14b,0.3548,1.0,0.1418,0.584795,0.401,1.0,0.473867,0.0,-0.0462,0.0,-0.332067,0.584795,-0.8271182029197808,learned
time_machine_032,time_machine,qwen,qwen2.5:14b,0.22485,1.0,0.242625,0.671141,0.4781,1.0,0.7492,3.007519,-0.25325,0.0,-0.506575,-2.336378,-2.064736684253997,learned
time_machine_033,time_machine,qwen,qwen2.5:14b,0.35995,1.0,0.172656,0.888889,0.20095,1.0,0.4722,2.836879,0.159,0.0,-0.299544,-1.94799,-1.3273266147541167,learned
time_machine_034,time_machine,qwen,qwen2.5:14b,0.492,1.0,0.36172,1.724138,0.2202,1.0,0.449325,2.459016,0.2718,0.0,-0.087605,-0.734878,-0.40554400410693603,learned
time_machine_035,time_machine,qwen,qwen2.5:14b,0.4155,1.0,0.423237,0.0,0.44425,1.0,0.444275,4.255319,-0.02875,0.0,-0.021038,-4.255319,-1.0979872353085562,learned
time_machine_036,time_machine,qwen,qwen2.5:14b,0.48675,1.0,0.3684,0.0,0.38915,1.0,0.5704,0.862069,0.0976,0.0,-0.202,-0.862069,-0.7863417077435527,learned
time_machine_037,time_machine,qwen,qwen2.5:14b,0.26705,1.0,0.299381,0.966184,0.4918,1.0,0.79525,2.380952,-0.22475,0.0,-0.495869,-1.414768,-1.8068217407579061,learned
time_machine_038,time_machine,qwen,qwen2.5:14b,0.475,1.0,0.283144,2.01005,0.26335,1.0,0.373775,5.555556,0.21165,0.0,-0.090631,-3.545506,-1.1033513930047518,learned
time_machine_039,time_machine,qwen,qwen2.5:14b,0.44665,1.0,0.37665,1.657459,0.4455,1.0,0.512067,4.132231,0.00115,0.0,-0.135417,-2.474772,-0.9945529068637171,learned
time_machine_040,time_machine,qwen,qwen2.5:14b,0.2176,1.0,0.172673,0.621118,0.2294,1.0,0.4804,2.061856,-0.0118,0.0,-0.307727,-1.440738,-1.2451114573050306,learned
time_machine_041,time_machine,qwen,qwen2.5:14b,0.4198,1.0,0.217189,1.578947,0.3404,1.0,0.637467,1.801802,0.0794,0.0,-0.420278,-0.222855,-1.266887307461168,learned
time_machine_042,time_machine,qwen,qwen2.5:14b,0.3141,1.0,0.178986,1.428571,0.4417,1.0,0.3887,2.205882,-0.1276,0.0,-0.209714,-0.777311,-0.810923764769651,learned
time_machine_043,time_machine,qwen,qwen2.5:14b,0.3505,1.0,0.4328,1.960784,0.125,1.0,0.2389,4.166667,0.2255,0.0,0.1939,-2.205883,0.05002153648903884,learned
time_machine_044,time_machine,qwen,qwen2.5:14b,0.38135,1.0,0.162323,1.176471,0.0129,1.0,0.461167,6.666667,0.36845,0.0,-0.298844,-5.490196,-2.164812934660618,learned
time_machine_045,time_machine,qwen,qwen2.5:14b,0.2794,1.0,0.27219,0.529101,0.3548,1.0,0.35415,3.424658,-0.0754,0.0,-0.08196,-2.895557,-0.9492622570104515,learned
time_machine_046,time_machine,qwen,qwen2.5:14b,0.48655,1.0,0.260785,0.0,0.4841,1.0,0.473,3.100775,0.00245,0.0,-0.212215,-3.100775,-1.36960204015701,learned
time_machine_047,time_machine,qwen,qwen2.5:14b,0.4786,1.0,0.31269,1.648352,0.38195,1.0,0.406025,2.941176,0.09665,0.0,-0.093335,-1.292824,-0.5754690093573449,learned
time_machine_048,time_machine,qwen,qwen2.5:14b,0.3766,1.0,0.247308,0.995025,0.24695,1.0,0.673233,4.301075,0.12965,0.0,-0.425925,-3.30605,-2.027374382261608,learned
time_machine_049,time_machine,qwen,qwen2.5:14b,0.4422,1.0,0.154814,0.520833,0.43505,1.0,0.378575,4.040404,0.00715,0.0,-0.223761,-3.519571,-1.5044245310908053,learned
we_000,we,qwen,qwen2.5:14b,0.4218,1.0,0.360312,1.775148,0.44425,1.0,0.485,2.542373,-0.02245,0.0,-0.124688,-0.767225,-0.5508693914934303,learned
we_001,we,qwen,qwen2.5:14b,0.48055,1.0,0.447562,2.116402,0.0,1.0,0.407933,1.694915,0.48055,0.0,0.039629,0.421487,0.2661122803611751,learned
we_002,we,qwen,qwen2.5:14b,0.14545,1.0,0.323111,0.529101,0.46855,1.0,0.27665,4.081633,-0.3231,0.0,0.046461,-3.552532,-0.7609220057599866,learned
we_003,we,qwen,qwen2.5:14b,0.4674,1.0,0.62114,0.75188,0.47725,1.0,0.723633,1.709402,-0.00985,0.0,-0.102493,-0.957522,-0.5313654356649653,learned
we_004,we,qwen,qwen2.5:14b,0.35215,1.0,0.317892,2.162162,0.3953,1.0,0.337475,4.310345,-0.04315,0.0,-0.019583,-2.148183,-0.5832178234678483,learned
we_005,we,qwen,qwen2.5:14b,0.282,1.0,0.26392,0.564972,0.36345,1.0,0.38045,4.210526,-0.08145,0.0,-0.11653,-3.645554,-1.232524985186584,learned
we_006,we,qwen,qwen2.5:14b,0.4916,1.0,0.5741,0.0,0.31845,1.0,0.256467,0.892857,0.17315,0.0,0.317633,-0.892857,0.7231744430504075,learned
we_007,we,qwen,qwen2.5:14b,0.39675,1.0,0.333367,0.0,0.42595,1.0,0.385425,1.904762,-0.0292,0.0,-0.052058,-1.904762,-0.6169889441397423,learned
we_008,we,qwen,qwen2.5:14b,0.3786,1.0,0.235478,1.538462,0.1366,1.0,0.4477,1.470588,0.242,0.0,-0.212222,0.067874,-0.5754719367803034,learned
we_009,we,qwen,qwen2.5:14b,0.4832,1.0,0.5621,2.797203,0.01035,1.0,0.2888,4.379562,0.47285,0.0,0.2733,-1.582359,0.45716759108054655,learned
we_010,we,qwen,qwen2.5:14b,0.23985,1.0,0.12265,3.125,0.41355,1.0,0.547325,3.225806,-0.1737,0.0,-0.424675,-0.100806,-1.2755945137623348,learned
we_011,we,qwen,qwen2.5:14b,0.3434,1.0,0.142275,1.621622,0.1366,1.0,0.4149,1.886792,0.2068,0.0,-0.272625,-0.26517,-0.835405521832106,learned
we_012,we,qwen,qwen2.5:14b,0.4445,1.0,0.3589,2.604167,0.41125,1.0,0.29705,4.761905,0.03325,0.0,0.06185,-2.157738,-0.3412792902773875,learned
we_013,we,qwen,qwen2.5:14b,0.45155,1.0,0.215825,1.807229,0.48355,1.0,0.708467,1.818182,-0.032,0.0,-0.492642,-0.010953,-1.4368553927147947,learned
we_014,we,qwen,qwen2.5:14b,0.143,1.0,0.089954,0.0,0.3715,1.0,0.557833,1.652893,-0.2285,0.0,-0.467879,-1.652893,-1.7837598521323457,learned
we_015,we,qwen,qwen2.5:14b,0.0322,1.0,0.116317,1.694915,0.38585,1.0,0.564667,4.347826,-0.35365,0.0,-0.44835,-2.652911,-1.9826766047219038,learned
we_016,we,qwen,qwen2.5:14b,0.3562,1.0,0.3637,0.0,0.4063,1.0,0.28895,1.612903,-0.0501,0.0,0.07475,-1.612903,-0.179850909438476,learned
we_017,we,qwen,qwen2.5:14b,0.16,1.0,0.19445,2.162162,0.4375,1.0,0.780667,1.923077,-0.2775,0.0,-0.586217,0.239085,-1.6727268820671315,learned
we_018,we,qwen,qwen2.5:14b,0.36255,1.0,0.288571,1.098901,0.37345,1.0,0.457533,6.034483,-0.0109,0.0,-0.168962,-4.935582,-1.691144235860681,learned
we_019,we,qwen,qwen2.5:14b,0.4457,1.0,0.44185,0.564972,0.05135,1.0,0.398833,0.75188,0.39435,0.0,0.043017,-0.186908,0.11940756905145886,learned
we_020,we,qwen,qwen2.5:14b,0.1396,1.0,0.18132,1.129944,0.11315,1.0,0.306125,2.542373,0.02645,0.0,-0.124805,-1.412429,-0.7030387709703652,learned
we_021,we,qwen,qwen2.5:14b,0.1472,1.0,0.193114,1.95122,0.46085,1.0,0.414575,3.846154,-0.31365,0.0,-0.221461,-1.894934,-1.1354204717860985,learned
we_022,we,qwen,qwen2.5:14b,0.4526,1.0,0.398875,1.142857,0.4458,1.0,0.4455,3.809524,0.0068,0.0,-0.046625,-2.666667,-0.7826981964592373,learned
we_023,we,qwen,qwen2.5:14b,0.0376,1.0,0.312571,1.219512,0.47585,1.0,0.43995,2.654867,-0.43825,0.0,-0.127379,-1.435355,-0.7630724715197645,learned
we_024,we,qwen,qwen2.5:14b,0.37895,1.0,0.37878,0.574713,0.3062,1.0,0.435267,3.296703,0.07275,0.0,-0.056487,-2.72199,-0.8181182479263761,learned
we_025,we,qwen,qwen2.5:14b,0.4416,1.0,0.201743,0.0,0.211,1.0,0.271675,3.278689,0.2306,0.0,-0.069932,-3.278689,-0.9764796263637878,learned
we_026,we,qwen,qwen2.5:14b,0.37865,1.0,0.3325,1.136364,0.27585,1.0,0.4222,2.290076,0.1028,0.0,-0.0897,-1.153712,-0.5304868175101551,learned
we_027,we,qwen,qwen2.5:14b,0.44335,1.0,0.1935,2.762431,0.465,1.0,0.426625,2.238806,-0.02165,0.0,-0.233125,0.523625,-0.5521061604236303,learned
we_028,we,qwen,qwen2.5:14b,0.4624,1.0,0.3019,1.630435,0.4197,1.0,0.506125,4.794521,0.0427,0.0,-0.204225,-3.164086,-1.3577075823558147,learned
we_029,we,qwen,qwen2.5:14b,0.4871,1.0,0.207023,0.609756,0.38585,1.0,0.546625,0.75188,0.10125,0.0,-0.339602,-0.142124,-1.0107252276461858,learned
we_030,we,qwen,qwen2.5:14b,0.35015,1.0,0.4286,2.352941,0.23835,1.0,0.654575,3.424658,0.1118,0.0,-0.225975,-1.071717,-0.9054861843756175,learned
we_031,we,qwen,qwen2.5:14b,0.398,1.0,0.218536,0.558659,0.4593,1.0,0.429225,3.030303,-0.0613,0.0,-0.210689,-2.471644,-1.2187469689195698,learned
we_032,we,qwen,qwen2.5:14b,0.0866,1.0,0.213367,1.639344,0.37895,1.0,0.2171,3.389831,-0.29235,0.0,-0.003733,-1.750487,-0.4657423530188951,learned
we_033,we,qwen,qwen2.5:14b,0.4675,1.0,0.17979,1.675978,0.0036,1.0,0.488867,4.081633,0.4639,0.0,-0.309077,-2.405655,-1.4353929051088739,learned
we_034,we,qwen,qwen2.5:14b,0.4323,1.0,0.258362,1.298701,0.47115,1.0,0.499825,3.875969,-0.03885,0.0,-0.241463,-2.577268,-1.3315299642837384,learned
we_035,we,qwen,qwen2.5:14b,0.2294,1.0,0.236643,4.232804,0.47015,1.0,0.429425,3.0,-0.24075,0.0,-0.192782,1.232804,-0.28475814633487845,learned
we_036,we,qwen,qwen2.5:14b,0.4881,1.0,0.386925,0.543478,0.4329,1.0,0.387525,4.237288,0.0552,0.0,-0.0006,-3.69381,-0.8936960721194412,learned
we_037,we,qwen,qwen2.5:14b,0.08965,1.0,0.199958,1.507538,0.1806,1.0,0.2521,2.564103,-0.09095,0.0,-0.052142,-1.056565,-0.4173787476414863,learned
we_038,we,qwen,qwen2.5:14b,0.367,1.0,0.218625,0.628931,0.42595,1.0,0.4142,3.703704,-0.05895,0.0,-0.195575,-3.074773,-1.3211586508946849,learned
we_039,we,qwen,qwen2.5:14b,0.2325,1.0,0.212767,1.948052,0.3404,1.0,0.2136,2.702703,-0.1079,0.0,-0.000833,-0.754651,-0.1966971907440098,learned
we_040,we,qwen,qwen2.5:14b,0.4727,1.0,0.226615,0.540541,0.4181,1.0,0.441167,3.669725,0.0546,0.0,-0.214552,-3.129184,-1.3780201922280964,learned
we_041,we,qwen,qwen2.5:14b,0.49225,1.0,0.632825,1.242236,0.05315,1.0,0.32785,3.418803,0.4391,0.0,0.304975,-2.176567,0.4013775482711385,learned
we_042,we,qwen,qwen2.5:14b,0.48,1.0,0.31222,0.571429,0.49365,1.0,0.750975,4.166667,-0.01365,0.0,-0.438755,-3.595238,-2.1493983483048695,learned
we_043,we,qwen,qwen2.5:14b,0.45995,1.0,0.13,0.571429,0.148,1.0,0.2916,0.847458,0.31195,0.0,-0.1616,-0.276029,-0.5049221326573473,learned
we_044,we,qwen,qwen2.5:14b,0.31265,1.0,0.106611,0.52356,0.0898,1.0,0.27635,2.797203,0.22285,0.0,-0.169739,-2.273643,-1.0229593020155263,learned
we_045,we,qwen,qwen2.5:14b,0.47465,1.0,0.530783,5.063291,0.4522,1.0,0.574525,5.833333,0.02245,0.0,-0.043742,-0.770042,-0.31189321505520495,learned
we_046,we,qwen,qwen2.5:14b,0.49105,1.0,0.380878,2.116402,0.27115,1.0,0.456433,1.960784,0.2199,0.0,-0.075555,0.155618,-0.15941473723721866,learned
we_047,we,qwen,qwen2.5:14b,0.3609,1.0,0.500383,0.0,0.4329,1.0,0.525933,3.061224,-0.072,0.0,-0.02555,-3.061224,-0.8253208383578052,learned
we_048,we,qwen,qwen2.5:14b,0.12165,1.0,0.403045,2.185792,0.0258,1.0,0.311925,2.255639,0.09585,0.0,0.09112,-0.069847,0.25739265224704283,learned
we_049,we,qwen,qwen2.5:14b,0.25635,1.0,0.276486,0.546448,0.3661,1.0,0.44815,1.5625,-0.10975,0.0,-0.171664,-1.016052,-0.7566066495528532,learned
