passage_id,book,model_key,model_name,s_f1,s_f2,s_f3,s_f4,i_f1,i_f2,i_f3,i_f4,delta_f1,delta_f2,delta_f3,delta_f4
1984_000,1984,gemma,gemma3:4b,0.16565,1.0,0.2849,0.621118,0.46855,1.0,0.50504,0.930233,-0.3029,0.0,-0.22014,-0.309115
1984_001,1984,gemma,gemma3:4b,0.25465,1.0,0.250308,2.941176,0.2787,1.0,0.575025,1.111111,-0.02405,0.0,-0.324717,1.830065
1984_002,1984,gemma,gemma3:4b,0.1423,1.0,0.224067,0.595238,0.46215,1.0,0.38424,0.555556,-0.31985,0.0,-0.160173,0.039682
1984_003,1984,gemma,gemma3:4b,0.4488,1.0,0.40975,1.785714,0.28595,1.0,0.42418,0.613497,0.16285,0.0,-0.01443,1.172217
1984_004,1984,gemma,gemma3:4b,0.43145,1.0,0.299367,2.906977,0.28595,1.0,0.36886,1.639344,0.1455,0.0,-0.069493,1.267633
1984_005,1984,gemma,gemma3:4b,0.15205,1.0,0.27796,0.628931,0.31845,1.0,0.47252,0.574713,-0.1664,0.0,-0.19456,0.054218
1984_006,1984,gemma,gemma3:4b,0.40125,1.0,0.3417,0.662252,0.4866,1.0,0.5461,1.036269,-0.08535,0.0,-0.2044,-0.374017
1984_007,1984,gemma,gemma3:4b,0.4789,1.0,0.40302,1.219512,0.47975,1.0,0.42198,0.591716,-0.00085,0.0,-0.01896,0.627796
1984_008,1984,gemma,gemma3:4b,0.237,1.0,0.097408,2.777778,0.42395,1.0,0.55648,1.111111,-0.18695,0.0,-0.459072,1.666667
1984_009,1984,gemma,gemma3:4b,0.4648,1.0,0.368046,0.60241,0.3111,1.0,0.3403,0.0,0.1537,0.0,0.027746,0.60241
1984_010,1984,gemma,gemma3:4b,0.3208,1.0,0.33515,1.30719,0.24695,1.0,0.45268,0.502513,0.07385,0.0,-0.11753,0.804677
1984_011,1984,gemma,gemma3:4b,0.4201,1.0,0.293611,0.598802,0.46745,1.0,0.49694,0.0,-0.04735,0.0,-0.203329,0.598802
1984_012,1984,gemma,gemma3:4b,0.2851,1.0,0.381643,1.388889,0.11315,1.0,0.55494,1.111111,0.17195,0.0,-0.173297,0.277778
1984_013,1984,gemma,gemma3:4b,0.43825,1.0,0.20112,1.067616,0.47345,1.0,0.53054,0.588235,-0.0352,0.0,-0.32942,0.479381
1984_014,1984,gemma,gemma3:4b,0.4732,1.0,0.425756,1.685393,0.1591,1.0,0.6777,1.069519,0.3141,0.0,-0.251944,0.615874
1984_015,1984,gemma,gemma3:4b,0.49345,1.0,0.429029,0.632911,0.48615,1.0,0.65458,0.0,0.0073,0.0,-0.225551,0.632911
1984_016,1984,gemma,gemma3:4b,0.3527,1.0,0.631667,0.746269,0.42595,1.0,0.393025,1.503759,-0.07325,0.0,0.238642,-0.75749
1984_017,1984,gemma,gemma3:4b,0.4088,1.0,0.553457,1.212121,0.47725,1.0,0.45566,0.0,-0.06845,0.0,0.097797,1.212121
1984_018,1984,gemma,gemma3:4b,0.41205,1.0,0.369417,1.459854,0.4843,1.0,0.5981,0.529101,-0.07225,0.0,-0.228683,0.930753
1984_019,1984,gemma,gemma3:4b,0.4883,1.0,0.63075,1.25,0.0386,1.0,0.43165,0.680272,0.4497,0.0,0.1991,0.569728
1984_020,1984,gemma,gemma3:4b,0.34795,1.0,0.372029,0.632911,0.36345,1.0,0.63452,0.0,-0.0155,0.0,-0.262491,0.632911
1984_021,1984,gemma,gemma3:4b,0.4531,1.0,0.225125,1.169591,0.3953,1.0,0.38028,0.546448,0.0578,0.0,-0.155155,0.623143
1984_022,1984,gemma,gemma3:4b,0.2761,1.0,0.280629,0.694444,0.072,1.0,0.43525,0.632911,0.2041,0.0,-0.154621,0.061533
1984_023,1984,gemma,gemma3:4b,0.4359,1.0,0.37002,0.0,0.3953,1.0,0.34956,1.086957,0.0406,0.0,0.02046,-1.086957
1984_024,1984,gemma,gemma3:4b,0.0147,1.0,0.363529,0.0,0.42955,1.0,0.49736,1.5625,-0.41485,0.0,-0.133831,-1.5625
1984_025,1984,gemma,gemma3:4b,0.377,1.0,0.1961,2.312139,0.10115,1.0,0.466175,2.040816,0.27585,0.0,-0.270075,0.271323
1984_026,1984,gemma,gemma3:4b,0.2294,1.0,0.17078,2.5,0.4826,1.0,0.5007,0.0,-0.2532,0.0,-0.32992,2.5
1984_027,1984,gemma,gemma3:4b,0.4221,1.0,0.3628,0.0,0.4837,1.0,0.60866,1.092896,-0.0616,0.0,-0.24586,-1.092896
1984_028,1984,gemma,gemma3:4b,0.2427,1.0,0.514233,1.360544,0.41065,1.0,0.32034,1.169591,-0.16795,0.0,0.193893,0.190953
1984_029,1984,gemma,gemma3:4b,0.29735,1.0,0.3478,0.666667,0.44005,1.0,0.63648,0.537634,-0.1427,0.0,-0.28868,0.129033
1984_030,1984,gemma,gemma3:4b,0.4638,1.0,0.3258,1.242236,0.05945,1.0,0.46295,0.649351,0.40435,0.0,-0.13715,0.592885
1984_031,1984,gemma,gemma3:4b,0.48315,1.0,0.273244,1.273885,0.3548,1.0,0.5896,1.111111,0.12835,0.0,-0.316356,0.162774
1984_032,1984,gemma,gemma3:4b,0.42865,1.0,0.313367,0.574713,0.40185,1.0,0.4357,1.785714,0.0268,0.0,-0.122333,-1.211001
1984_033,1984,gemma,gemma3:4b,0.0497,1.0,0.322337,1.724138,0.4613,1.0,0.344425,0.0,-0.4116,0.0,-0.022088,1.724138
1984_034,1984,gemma,gemma3:4b,0.46085,1.0,0.288325,3.184713,0.45545,1.0,0.4451,0.714286,0.0054,0.0,-0.156775,2.470427
1984_035,1984,gemma,gemma3:4b,0.4637,1.0,0.7326,0.0,0.47655,1.0,0.63116,0.588235,-0.01285,0.0,0.10144,-0.588235
1984_036,1984,gemma,gemma3:4b,0.07655,1.0,0.201283,1.273885,0.37895,1.0,0.3072,0.75188,-0.3024,0.0,-0.105917,0.522005
1984_037,1984,gemma,gemma3:4b,0.30515,1.0,0.427157,3.75,0.4478,1.0,0.5253,0.578035,-0.14265,0.0,-0.098143,3.171965
1984_038,1984,gemma,gemma3:4b,0.1628,1.0,0.465817,1.818182,0.32985,1.0,0.39704,0.526316,-0.16705,0.0,0.068777,1.291866
1984_039,1984,gemma,gemma3:4b,0.2418,1.0,0.19589,1.438849,0.48285,1.0,0.52054,1.183432,-0.24105,0.0,-0.32465,0.255417
1984_040,1984,gemma,gemma3:4b,0.2495,1.0,0.492283,2.906977,0.45685,1.0,0.48398,0.531915,-0.20735,0.0,0.008303,2.375062
1984_041,1984,gemma,gemma3:4b,0.288,1.0,0.36742,2.531646,0.28595,1.0,0.54204,0.0,0.00205,0.0,-0.17462,2.531646
1984_042,1984,gemma,gemma3:4b,0.2294,1.0,0.299229,0.657895,0.45975,1.0,0.42394,1.111111,-0.23035,0.0,-0.124711,-0.453216
1984_043,1984,gemma,gemma3:4b,0.46585,1.0,0.268864,1.169591,0.28595,1.0,0.38118,0.0,0.1799,0.0,-0.112316,1.169591
1984_044,1984,gemma,gemma3:4b,0.47525,1.0,0.26716,0.609756,0.30935,1.0,0.3977,0.0,0.1659,0.0,-0.13054,0.609756
1984_045,1984,gemma,gemma3:4b,0.2954,1.0,0.21908,1.587302,0.45005,1.0,0.4191,2.150538,-0.15465,0.0,-0.20002,-0.563236
1984_046,1984,gemma,gemma3:4b,0.409,1.0,0.155987,2.197802,0.36245,1.0,0.33186,1.069519,0.04655,0.0,-0.175873,1.128283
1984_047,1984,gemma,gemma3:4b,0.45905,1.0,0.359314,3.184713,0.09505,1.0,0.1053,0.636943,0.364,0.0,0.254014,2.54777
1984_048,1984,gemma,gemma3:4b,0.19945,1.0,0.072536,1.176471,0.0258,1.0,0.32754,0.632911,0.17365,0.0,-0.255004,0.54356
1984_049,1984,gemma,gemma3:4b,0.4125,1.0,0.29622,1.630435,0.2748,1.0,0.29554,0.574713,0.1377,0.0,0.00068,1.055722
animal_farm_000,animal_farm,gemma,gemma3:4b,0.3633,1.0,0.302467,1.351351,0.35885,1.0,0.24068,1.630435,0.00445,0.0,0.061787,-0.279084
animal_farm_001,animal_farm,gemma,gemma3:4b,0.41815,1.0,0.23958,1.851852,0.4503,1.0,0.5154,0.0,-0.03215,0.0,-0.27582,1.851852
animal_farm_002,animal_farm,gemma,gemma3:4b,0.2998,1.0,0.25226,0.662252,0.42335,1.0,0.559325,0.0,-0.12355,0.0,-0.307065,0.662252
animal_farm_003,animal_farm,gemma,gemma3:4b,0.40965,1.0,0.402725,1.156069,0.1909,1.0,0.57772,1.069519,0.21875,0.0,-0.174995,0.08655
animal_farm_004,animal_farm,gemma,gemma3:4b,0.4589,1.0,0.292843,1.986755,0.47165,1.0,0.61808,1.058201,-0.01275,0.0,-0.325237,0.928554
animal_farm_005,animal_farm,gemma,gemma3:4b,0.45765,1.0,0.226278,0.632911,0.443,1.0,0.51204,1.840491,0.01465,0.0,-0.285762,-1.20758
animal_farm_006,animal_farm,gemma,gemma3:4b,0.4716,1.0,0.374914,1.142857,0.3982,1.0,0.45986,0.625,0.0734,0.0,-0.084946,0.517857
animal_farm_007,animal_farm,gemma,gemma3:4b,0.13085,1.0,0.57775,0.621118,0.45055,1.0,0.40236,0.549451,-0.3197,0.0,0.17539,0.071667
animal_farm_008,animal_farm,gemma,gemma3:4b,0.20095,1.0,0.1855,0.729927,0.05135,1.0,0.32362,1.075269,0.1496,0.0,-0.13812,-0.345342
animal_farm_009,animal_farm,gemma,gemma3:4b,0.4341,1.0,0.2049,0.606061,0.20865,1.0,0.41238,1.492537,0.22545,0.0,-0.20748,-0.886476
animal_farm_010,animal_farm,gemma,gemma3:4b,0.4612,1.0,0.36578,2.531646,0.3825,1.0,0.41342,0.552486,0.0787,0.0,-0.04764,1.97916
animal_farm_011,animal_farm,gemma,gemma3:4b,0.2284,1.0,0.17428,2.040816,0.05135,1.0,0.56995,0.724638,0.17705,0.0,-0.39567,1.316178
animal_farm_012,animal_farm,gemma,gemma3:4b,0.49335,1.0,0.380943,0.0,0.47625,1.0,0.41368,0.549451,0.0171,0.0,-0.032737,-0.549451
animal_farm_013,animal_farm,gemma,gemma3:4b,0.4734,1.0,0.46387,0.689655,0.4883,1.0,0.59922,0.558659,-0.0149,0.0,-0.13535,0.130996
animal_farm_014,animal_farm,gemma,gemma3:4b,0.46585,1.0,0.468175,2.112676,0.4604,1.0,0.4146,1.226994,0.00545,0.0,0.053575,0.885682
animal_farm_015,animal_farm,gemma,gemma3:4b,0.4217,1.0,0.4105,1.459854,0.3172,1.0,0.51116,0.531915,0.1045,0.0,-0.10066,0.927939
animal_farm_016,animal_farm,gemma,gemma3:4b,0.0386,1.0,0.239917,0.60241,0.4417,1.0,0.613025,2.027027,-0.4031,0.0,-0.373108,-1.424617
animal_farm_017,animal_farm,gemma,gemma3:4b,0.38075,1.0,0.257522,1.724138,0.4231,1.0,0.3484,2.298851,-0.04235,0.0,-0.090878,-0.574713
animal_farm_018,animal_farm,gemma,gemma3:4b,0.23835,1.0,0.175975,0.662252,0.27115,1.0,0.32382,0.526316,-0.0328,0.0,-0.147845,0.135936
animal_farm_019,animal_farm,gemma,gemma3:4b,0.35885,1.0,0.403087,0.0,0.443,1.0,0.6623,0.0,-0.08415,0.0,-0.259213,0.0
animal_farm_020,animal_farm,gemma,gemma3:4b,0.3592,1.0,0.2949,0.598802,0.43445,1.0,0.3208,0.0,-0.07525,0.0,-0.0259,0.598802
animal_farm_021,animal_farm,gemma,gemma3:4b,0.46855,1.0,0.294,1.360544,0.24695,1.0,0.4103,0.584795,0.2216,0.0,-0.1163,0.775749
animal_farm_022,animal_farm,gemma,gemma3:4b,0.4583,1.0,0.112707,0.0,0.45845,1.0,0.55145,0.0,-0.00015,0.0,-0.438743,0.0
animal_farm_023,animal_farm,gemma,gemma3:4b,0.34915,1.0,0.203444,1.388889,0.4471,1.0,0.47336,0.520833,-0.09795,0.0,-0.269916,0.868056
animal_farm_024,animal_farm,gemma,gemma3:4b,0.4746,1.0,0.439433,2.040816,0.37235,1.0,0.46632,1.020408,0.10225,0.0,-0.026887,1.020408
animal_farm_025,animal_farm,gemma,gemma3:4b,0.1806,1.0,0.093975,1.829268,0.0386,1.0,0.46388,0.0,0.142,0.0,-0.369905,1.829268
animal_farm_026,animal_farm,gemma,gemma3:4b,0.3951,1.0,0.319533,2.424242,0.36755,1.0,0.31736,1.212121,0.02755,0.0,0.002173,1.212121
animal_farm_027,animal_farm,gemma,gemma3:4b,0.3548,1.0,0.26227,0.0,0.08895,1.0,0.41782,0.526316,0.26585,0.0,-0.15555,-0.526316
animal_farm_028,animal_farm,gemma,gemma3:4b,0.2353,1.0,0.189912,1.041667,0.468,1.0,0.537925,0.0,-0.2327,0.0,-0.348013,1.041667
animal_farm_029,animal_farm,gemma,gemma3:4b,0.418,1.0,0.3908,1.212121,0.47795,1.0,0.46506,0.546448,-0.05995,0.0,-0.07426,0.665673
animal_farm_030,animal_farm,gemma,gemma3:4b,0.19695,1.0,0.188825,0.606061,0.4063,1.0,0.50088,0.990099,-0.20935,0.0,-0.312055,-0.384038
animal_farm_031,animal_farm,gemma,gemma3:4b,0.1909,0.0,0.3818,0.0,0.1872,1.0,0.39922,0.571429,0.0037,-1.0,-0.01742,-0.571429
animal_farm_032,animal_farm,gemma,gemma3:4b,0.2981,1.0,0.259343,0.0,0.4907,1.0,0.70976,0.917431,-0.1926,0.0,-0.450417,-0.917431
animal_farm_033,animal_farm,gemma,gemma3:4b,0.1911,1.0,0.478689,2.409639,0.473,1.0,0.50236,1.058201,-0.2819,0.0,-0.023671,1.351438
animal_farm_034,animal_farm,gemma,gemma3:4b,0.28945,1.0,0.401767,0.0,0.36345,1.0,0.52258,0.549451,-0.074,0.0,-0.120813,-0.549451
animal_farm_035,animal_farm,gemma,gemma3:4b,0.17635,1.0,0.127155,0.0,0.47115,1.0,0.5569,1.234568,-0.2948,0.0,-0.429745,-1.234568
animal_farm_036,animal_farm,gemma,gemma3:4b,0.4847,1.0,0.390089,0.0,0.4815,1.0,0.556,0.0,0.0032,0.0,-0.165911,0.0
animal_farm_037,animal_farm,gemma,gemma3:4b,0.31845,1.0,0.43964,0.60241,0.4843,1.0,0.63532,0.0,-0.16585,0.0,-0.19568,0.60241
animal_farm_038,animal_farm,gemma,gemma3:4b,0.4211,1.0,0.3572,0.595238,0.4946,1.0,0.73404,0.546448,-0.0735,0.0,-0.37684,0.04879
animal_farm_039,animal_farm,gemma,gemma3:4b,0.34965,1.0,0.35226,0.558659,0.3163,1.0,0.37058,0.555556,0.03335,0.0,-0.01832,0.003103
animal_farm_040,animal_farm,gemma,gemma3:4b,0.4902,1.0,0.49825,0.584795,0.48005,1.0,0.4781,1.197605,0.01015,0.0,0.02015,-0.61281
animal_farm_041,animal_farm,gemma,gemma3:4b,0.20155,1.0,0.40464,1.923077,0.0,1.0,0.26402,0.0,0.20155,0.0,0.14062,1.923077
animal_farm_042,animal_farm,gemma,gemma3:4b,0.46965,1.0,0.438333,0.632911,0.2723,1.0,0.71866,1.604278,0.19735,0.0,-0.280327,-0.971367
animal_farm_043,animal_farm,gemma,gemma3:4b,0.4762,1.0,0.49616,0.0,0.49365,1.0,0.62846,0.0,-0.01745,0.0,-0.1323,0.0
animal_farm_044,animal_farm,gemma,gemma3:4b,0.4158,1.0,0.22798,0.0,0.2787,1.0,0.527775,0.645161,0.1371,0.0,-0.299795,-0.645161
animal_farm_045,animal_farm,gemma,gemma3:4b,0.4603,1.0,0.276929,0.613497,0.4762,1.0,0.32512,0.0,-0.0159,0.0,-0.048191,0.613497
animal_farm_046,animal_farm,gemma,gemma3:4b,0.4683,1.0,0.23666,1.219512,0.49595,1.0,0.7342,1.648352,-0.02765,0.0,-0.49754,-0.42884
animal_farm_047,animal_farm,gemma,gemma3:4b,0.2294,1.0,0.334571,0.0,0.49145,1.0,0.684,0.543478,-0.26205,0.0,-0.349429,-0.543478
animal_farm_048,animal_farm,gemma,gemma3:4b,0.3592,1.0,0.328483,1.818182,0.3951,1.0,0.468775,1.398601,-0.0359,0.0,-0.140292,0.419581
animal_farm_049,animal_farm,gemma,gemma3:4b,0.4531,1.0,0.29918,0.671141,0.418,1.0,0.38938,0.555556,0.0351,0.0,-0.0902,0.115585
fahrenheit_000,fahrenheit,gemma,gemma3:4b,0.4662,1.0,0.30654,0.561798,0.4663,1.0,0.4745,1.030928,-0.0001,0.0,-0.16796,-0.46913
fahrenheit_001,fahrenheit,gemma,gemma3:4b,0.4228,1.0,0.16605,1.129944,0.17385,1.0,0.500825,1.290323,0.24895,0.0,-0.334775,-0.160379
fahrenheit_002,fahrenheit,gemma,gemma3:4b,0.44415,1.0,0.106092,1.075269,0.46565,1.0,0.52614,1.075269,-0.0215,0.0,-0.420048,0.0
fahrenheit_003,fahrenheit,gemma,gemma3:4b,0.04425,1.0,0.242708,2.259887,0.42365,1.0,0.40822,0.0,-0.3794,0.0,-0.165512,2.259887
fahrenheit_004,fahrenheit,gemma,gemma3:4b,0.4729,1.0,0.413967,0.684932,0.33525,1.0,0.46862,1.081081,0.13765,0.0,-0.054653,-0.396149
fahrenheit_005,fahrenheit,gemma,gemma3:4b,0.38195,1.0,0.186277,1.807229,0.47765,1.0,0.57116,0.526316,-0.0957,0.0,-0.384883,1.280913
fahrenheit_006,fahrenheit,gemma,gemma3:4b,0.29295,1.0,0.107536,0.537634,0.3525,1.0,0.3893,0.483092,-0.05955,0.0,-0.281764,0.054542
fahrenheit_007,fahrenheit,gemma,gemma3:4b,0.47985,1.0,0.39804,2.205882,0.2787,1.0,0.34958,0.943396,0.20115,0.0,0.04846,1.262486
fahrenheit_008,fahrenheit,gemma,gemma3:4b,0.4423,1.0,0.144028,0.515464,0.42405,1.0,0.45542,0.591716,0.01825,0.0,-0.311392,-0.076252
fahrenheit_009,fahrenheit,gemma,gemma3:4b,0.3716,1.0,0.375525,1.183432,0.44725,1.0,0.44925,1.398601,-0.07565,0.0,-0.073725,-0.215169
fahrenheit_010,fahrenheit,gemma,gemma3:4b,0.28235,1.0,0.4117,0.787402,0.2787,1.0,0.47672,1.273885,0.00365,0.0,-0.06502,-0.486483
fahrenheit_011,fahrenheit,gemma,gemma3:4b,0.1174,1.0,0.4106,1.875,0.3214,1.0,0.44996,1.162791,-0.204,0.0,-0.03936,0.712209
fahrenheit_012,fahrenheit,gemma,gemma3:4b,0.4482,1.0,0.109964,0.549451,0.064,1.0,0.32704,1.587302,0.3842,0.0,-0.217076,-1.037851
fahrenheit_013,fahrenheit,gemma,gemma3:4b,0.4781,1.0,0.411827,0.0,0.4511,1.0,0.39872,0.502513,0.027,0.0,0.013107,-0.502513
fahrenheit_014,fahrenheit,gemma,gemma3:4b,0.42405,1.0,0.231443,0.0,0.4734,1.0,0.49044,1.04712,-0.04935,0.0,-0.258997,-1.04712
fahrenheit_015,fahrenheit,gemma,gemma3:4b,0.46365,1.0,0.42845,1.369863,0.4879,1.0,0.5637,1.515152,-0.02425,0.0,-0.13525,-0.145289
fahrenheit_016,fahrenheit,gemma,gemma3:4b,0.479,1.0,0.075978,1.826484,0.44895,1.0,0.527625,2.631579,0.03005,0.0,-0.451647,-0.805095
fahrenheit_017,fahrenheit,gemma,gemma3:4b,0.2151,1.0,0.244615,1.630435,0.4893,1.0,0.58812,2.209945,-0.2742,0.0,-0.343505,-0.57951
fahrenheit_018,fahrenheit,gemma,gemma3:4b,0.45435,1.0,0.281825,0.546448,0.43125,1.0,0.43718,0.617284,0.0231,0.0,-0.155355,-0.070836
fahrenheit_019,fahrenheit,gemma,gemma3:4b,0.4337,1.0,0.253815,0.591716,0.47115,1.0,0.438175,1.234568,-0.03745,0.0,-0.18436,-0.642852
fahrenheit_020,fahrenheit,gemma,gemma3:4b,0.4763,1.0,0.407267,0.0,0.27115,1.0,0.3793,1.595745,0.20515,0.0,0.027967,-1.595745
fahrenheit_021,fahrenheit,gemma,gemma3:4b,0.24955,1.0,0.318736,1.5625,0.3816,1.0,0.3957,0.0,-0.13205,0.0,-0.076964,1.5625
fahrenheit_022,fahrenheit,gemma,gemma3:4b,0.3671,1.0,0.169571,1.449275,0.3825,1.0,0.43902,0.518135,-0.0154,0.0,-0.269449,0.93114
fahrenheit_023,fahrenheit,gemma,gemma3:4b,0.3508,1.0,0.249633,1.234568,0.465,1.0,0.507325,0.632911,-0.1142,0.0,-0.257692,0.601657
fahrenheit_024,fahrenheit,gemma,gemma3:4b,0.12405,1.0,0.229833,2.12766,0.47425,1.0,0.51676,1.104972,-0.3502,0.0,-0.286927,1.022688
fahrenheit_025,fahrenheit,gemma,gemma3:4b,0.3286,1.0,0.24165,0.0,0.4201,1.0,0.46512,1.058201,-0.0915,0.0,-0.22347,-1.058201
fahrenheit_026,fahrenheit,gemma,gemma3:4b,0.42465,1.0,0.217309,0.0,0.40685,1.0,0.45424,0.555556,0.0178,0.0,-0.236931,-0.555556
fahrenheit_027,fahrenheit,gemma,gemma3:4b,0.4572,1.0,0.320042,3.067485,0.49115,1.0,0.65772,1.025641,-0.03395,0.0,-0.337678,2.041844
fahrenheit_028,fahrenheit,gemma,gemma3:4b,0.0258,1.0,0.343667,2.068966,0.45805,1.0,0.58465,1.333333,-0.43225,0.0,-0.240983,0.735633
fahrenheit_029,fahrenheit,gemma,gemma3:4b,0.17,1.0,0.34,0.990099,0.3592,1.0,0.30856,0.526316,-0.1892,0.0,0.03144,0.463783
fahrenheit_030,fahrenheit,gemma,gemma3:4b,0.4403,1.0,0.397075,0.606061,0.4118,1.0,0.40018,0.0,0.0285,0.0,-0.003105,0.606061
fahrenheit_031,fahrenheit,gemma,gemma3:4b,0.42595,1.0,0.124433,1.212121,0.05135,1.0,0.32872,1.666667,0.3746,0.0,-0.204287,-0.454546
fahrenheit_032,fahrenheit,gemma,gemma3:4b,0.33225,1.0,0.254382,0.0,0.48645,1.0,0.614125,1.351351,-0.1542,0.0,-0.359743,-1.351351
fahrenheit_033,fahrenheit,gemma,gemma3:4b,0.366,1.0,0.33338,0.0,0.064,1.0,0.27622,0.970874,0.302,0.0,0.05716,-0.970874
fahrenheit_034,fahrenheit,gemma,gemma3:4b,0.27885,1.0,0.104221,2.197802,0.3911,1.0,0.471925,1.863354,-0.11225,0.0,-0.367704,0.334448
fahrenheit_035,fahrenheit,gemma,gemma3:4b,0.3454,1.0,0.29238,0.719424,0.48315,1.0,0.6254,0.578035,-0.13775,0.0,-0.33302,0.141389
fahrenheit_036,fahrenheit,gemma,gemma3:4b,0.49045,1.0,0.326982,1.604278,0.1806,1.0,0.26818,0.5,0.30985,0.0,0.058802,1.104278
fahrenheit_037,fahrenheit,gemma,gemma3:4b,0.44545,1.0,0.46131,0.0,0.38915,1.0,0.38218,0.512821,0.0563,0.0,0.07913,-0.512821
fahrenheit_038,fahrenheit,gemma,gemma3:4b,0.40475,1.0,0.115533,0.0,0.45405,1.0,0.36918,1.092896,-0.0493,0.0,-0.253647,-1.092896
fahrenheit_039,fahrenheit,gemma,gemma3:4b,0.4245,1.0,0.203682,0.578035,0.48415,1.0,0.64902,0.512821,-0.05965,0.0,-0.445338,0.065214
fahrenheit_040,fahrenheit,gemma,gemma3:4b,0.47775,1.0,0.184289,2.339181,0.47725,1.0,0.53306,0.970874,0.0005,0.0,-0.348771,1.368307
fahrenheit_041,fahrenheit,gemma,gemma3:4b,0.4231,1.0,0.193054,0.0,0.436,1.0,0.388425,1.25,-0.0129,0.0,-0.195371,-1.25
fahrenheit_042,fahrenheit,gemma,gemma3:4b,0.42075,1.0,0.169378,0.0,0.064,1.0,0.42124,0.564972,0.35675,0.0,-0.251862,-0.564972
fahrenheit_043,fahrenheit,gemma,gemma3:4b,0.15355,1.0,0.123146,0.0,0.49165,1.0,0.7103,1.041667,-0.3381,0.0,-0.587154,-1.041667
fahrenheit_044,fahrenheit,gemma,gemma3:4b,0.47235,1.0,0.200978,2.068966,0.2553,1.0,0.64622,1.136364,0.21705,0.0,-0.445242,0.932602
fahrenheit_045,fahrenheit,gemma,gemma3:4b,0.48445,1.0,0.160853,0.502513,0.3715,1.0,0.40474,0.578035,0.11295,0.0,-0.243887,-0.075522
fahrenheit_046,fahrenheit,gemma,gemma3:4b,0.48995,1.0,0.292353,1.570681,0.4531,1.0,0.3342,0.505051,0.03685,0.0,-0.041847,1.06563
fahrenheit_047,fahrenheit,gemma,gemma3:4b,0.4791,1.0,0.34409,0.0,0.4866,1.0,0.56388,1.694915,-0.0075,0.0,-0.21979,-1.694915
fahrenheit_048,fahrenheit,gemma,gemma3:4b,0.4268,1.0,0.188,2.564103,0.3404,1.0,0.205675,1.960784,0.0864,0.0,-0.017675,0.603319
fahrenheit_049,fahrenheit,gemma,gemma3:4b,0.357,1.0,0.6983,0.0,0.36375,1.0,0.35294,0.591716,-0.00675,0.0,0.34536,-0.591716
iron_heel_000,iron_heel,gemma,gemma3:4b,0.4868,1.0,0.689367,1.30719,0.4734,1.0,0.58634,0.0,0.0134,0.0,0.103027,1.30719
iron_heel_001,iron_heel,gemma,gemma3:4b,0.4736,1.0,0.321633,1.123596,0.49495,1.0,0.79718,1.117318,-0.02135,0.0,-0.475547,0.006278
iron_heel_002,iron_heel,gemma,gemma3:4b,0.49545,1.0,0.568556,0.561798,0.33525,1.0,0.46892,1.522843,0.1602,0.0,0.099636,-0.961045
iron_heel_003,iron_heel,gemma,gemma3:4b,0.41025,1.0,0.278087,1.219512,0.24695,1.0,0.47615,0.746269,0.1633,0.0,-0.198063,0.473243
iron_heel_004,iron_heel,gemma,gemma3:4b,0.41125,1.0,0.25444,0.0,0.3393,1.0,0.47894,0.568182,0.07195,0.0,-0.2245,-0.568182
iron_heel_005,iron_heel,gemma,gemma3:4b,0.4721,1.0,0.441067,2.380952,0.46855,1.0,0.51858,1.117318,0.00355,0.0,-0.077513,1.263634
iron_heel_006,iron_heel,gemma,gemma3:4b,0.03895,1.0,0.659917,0.574713,0.4638,1.0,0.493375,1.621622,-0.42485,0.0,0.166542,-1.046909
iron_heel_007,iron_heel,gemma,gemma3:4b,0.38585,1.0,0.260915,2.312139,0.45765,1.0,0.45702,1.025641,-0.0718,0.0,-0.196105,1.286498
iron_heel_008,iron_heel,gemma,gemma3:4b,0.47745,1.0,0.380267,0.0,0.4842,1.0,0.65778,0.0,-0.00675,0.0,-0.277513,0.0
iron_heel_009,iron_heel,gemma,gemma3:4b,0.3715,1.0,0.121845,3.314917,0.4359,1.0,0.36354,2.094241,-0.0644,0.0,-0.241695,1.220676
iron_heel_010,iron_heel,gemma,gemma3:4b,0.46745,1.0,0.327486,0.657895,0.49025,1.0,0.58905,1.428571,-0.0228,0.0,-0.261564,-0.770676
iron_heel_011,iron_heel,gemma,gemma3:4b,0.37595,1.0,0.28287,0.598802,0.418,1.0,0.3683,1.149425,-0.04205,0.0,-0.08543,-0.550623
iron_heel_012,iron_heel,gemma,gemma3:4b,0.2657,1.0,0.2228,0.531915,0.4708,1.0,0.57055,0.645161,-0.2051,0.0,-0.34775,-0.113246
iron_heel_013,iron_heel,gemma,gemma3:4b,0.3102,1.0,0.27632,2.030457,0.4902,1.0,0.6527,0.675676,-0.18,0.0,-0.37638,1.354781
iron_heel_014,iron_heel,gemma,gemma3:4b,0.48525,1.0,0.354433,1.675978,0.0987,1.0,0.300867,1.025641,0.38655,0.0,0.053566,0.650337
iron_heel_015,iron_heel,gemma,gemma3:4b,0.25,1.0,0.239025,0.0,0.47865,1.0,0.5684,1.315789,-0.22865,0.0,-0.329375,-1.315789
iron_heel_016,iron_heel,gemma,gemma3:4b,0.4464,1.0,0.503233,1.020408,0.401,1.0,0.39094,0.520833,0.0454,0.0,0.112293,0.499575
iron_heel_017,iron_heel,gemma,gemma3:4b,0.49235,1.0,0.654443,0.0,0.36345,1.0,0.36416,0.512821,0.1289,0.0,0.290283,-0.512821
iron_heel_018,iron_heel,gemma,gemma3:4b,0.24535,1.0,0.23474,2.173913,0.31245,1.0,0.46864,1.075269,-0.0671,0.0,-0.2339,1.098644
iron_heel_019,iron_heel,gemma,gemma3:4b,0.47795,1.0,0.312123,1.06383,0.4708,1.0,0.62774,0.515464,0.00715,0.0,-0.315617,0.548366
iron_heel_020,iron_heel,gemma,gemma3:4b,0.4871,1.0,0.443936,2.105263,0.47585,1.0,0.50574,1.149425,0.01125,0.0,-0.061804,0.955838
iron_heel_021,iron_heel,gemma,gemma3:4b,0.2467,1.0,0.318017,0.512821,0.22225,1.0,0.63494,0.555556,0.02445,0.0,-0.316923,-0.042735
iron_heel_022,iron_heel,gemma,gemma3:4b,0.11315,1.0,0.3478,0.537634,0.49335,1.0,0.7859,0.555556,-0.3802,0.0,-0.4381,-0.017922
iron_heel_023,iron_heel,gemma,gemma3:4b,0.48295,1.0,0.412714,1.470588,0.4849,1.0,0.611,0.0,-0.00195,0.0,-0.198286,1.470588
iron_heel_024,iron_heel,gemma,gemma3:4b,0.05185,1.0,0.340818,1.485149,0.37895,1.0,0.41934,2.380952,-0.3271,0.0,-0.078522,-0.895803
iron_heel_025,iron_heel,gemma,gemma3:4b,0.36345,1.0,0.306314,0.689655,0.47565,1.0,0.46544,0.520833,-0.1122,0.0,-0.159126,0.168822
iron_heel_026,iron_heel,gemma,gemma3:4b,0.425,1.0,0.1671,0.609756,0.4879,1.0,0.65952,0.546448,-0.0629,0.0,-0.49242,0.063308
iron_heel_027,iron_heel,gemma,gemma3:4b,0.48705,1.0,0.481629,2.873563,0.4923,1.0,0.66124,1.840491,-0.00525,0.0,-0.179611,1.033072
iron_heel_028,iron_heel,gemma,gemma3:4b,0.46155,1.0,0.426062,2.325581,0.4965,1.0,0.77366,0.0,-0.03495,0.0,-0.347598,2.325581
iron_heel_029,iron_heel,gemma,gemma3:4b,0.0386,1.0,0.116677,0.505051,0.10115,1.0,0.555325,2.702703,-0.06255,0.0,-0.438648,-2.197652
iron_heel_030,iron_heel,gemma,gemma3:4b,0.4279,1.0,0.342983,0.5,0.47755,1.0,0.50038,1.142857,-0.04965,0.0,-0.157397,-0.642857
iron_heel_031,iron_heel,gemma,gemma3:4b,0.2264,1.0,0.268557,1.796407,0.0129,1.0,0.310725,1.960784,0.2135,0.0,-0.042168,-0.164377
iron_heel_032,iron_heel,gemma,gemma3:4b,0.48485,1.0,0.352378,0.0,0.45685,1.0,0.65038,1.204819,0.028,0.0,-0.298002,-1.204819
iron_heel_033,iron_heel,gemma,gemma3:4b,0.4862,1.0,0.318867,0.502513,0.4733,1.0,0.5085,0.520833,0.0129,0.0,-0.189633,-0.01832
iron_heel_034,iron_heel,gemma,gemma3:4b,0.125,1.0,0.46755,0.75188,0.10115,1.0,0.6017,1.069519,0.02385,0.0,-0.13415,-0.317639
iron_heel_035,iron_heel,gemma,gemma3:4b,0.2193,1.0,0.191453,1.111111,0.11315,1.0,0.407175,0.735294,0.10615,0.0,-0.215722,0.375817
iron_heel_036,iron_heel,gemma,gemma3:4b,0.1591,1.0,0.26747,1.129944,0.43125,1.0,0.44388,1.840491,-0.27215,0.0,-0.17641,-0.710547
iron_heel_037,iron_heel,gemma,gemma3:4b,0.29975,1.0,0.26493,2.259887,0.4037,1.0,0.4843,0.510204,-0.10395,0.0,-0.21937,1.749683
iron_heel_038,iron_heel,gemma,gemma3:4b,0.49105,1.0,0.302389,2.824859,0.49375,1.0,0.65354,1.442308,-0.0027,0.0,-0.351151,1.382551
iron_heel_039,iron_heel,gemma,gemma3:4b,0.4822,1.0,0.283022,0.0,0.2553,1.0,0.68934,0.512821,0.2269,0.0,-0.406318,-0.512821
iron_heel_040,iron_heel,gemma,gemma3:4b,0.07155,1.0,0.1533,0.515464,0.4812,1.0,0.55542,0.606061,-0.40965,0.0,-0.40212,-0.090597
iron_heel_041,iron_heel,gemma,gemma3:4b,0.4074,1.0,0.42706,1.818182,0.42955,1.0,0.571875,0.0,-0.02215,0.0,-0.144815,1.818182
iron_heel_042,iron_heel,gemma,gemma3:4b,0.3953,1.0,0.3295,0.0,0.33525,1.0,0.41686,0.588235,0.06005,0.0,-0.08736,-0.588235
iron_heel_043,iron_heel,gemma,gemma3:4b,0.43205,1.0,0.2922,0.0,0.47115,1.0,0.61546,2.247191,-0.0391,0.0,-0.32326,-2.247191
iron_heel_044,iron_heel,gemma,gemma3:4b,0.3982,1.0,0.24952,1.020408,0.4329,1.0,0.37924,0.518135,-0.0347,0.0,-0.12972,0.502273
iron_heel_045,iron_heel,gemma,gemma3:4b,0.4745,1.0,0.20103,0.0,0.45305,1.0,0.37872,1.282051,0.02145,0.0,-0.17769,-1.282051
iron_heel_046,iron_heel,gemma,gemma3:4b,0.463,1.0,0.243444,2.97619,0.17985,1.0,0.3201,1.485149,0.28315,0.0,-0.076656,1.491041
iron_heel_047,iron_heel,gemma,gemma3:4b,0.4214,1.0,0.31015,3.703704,0.494,1.0,0.7124,1.123596,-0.0726,0.0,-0.40225,2.580108
iron_heel_048,iron_heel,gemma,gemma3:4b,0.44285,1.0,0.2657,0.0,0.1806,1.0,0.23134,1.111111,0.26225,0.0,0.03436,-1.111111
iron_heel_049,iron_heel,gemma,gemma3:4b,0.4252,1.0,0.44739,0.0,0.468,1.0,0.52282,0.507614,-0.0428,0.0,-0.07543,-0.507614
time_machine_000,time_machine,gemma,gemma3:4b,0.4157,1.0,0.31992,0.540541,0.4957,1.0,0.77554,1.069519,-0.08,0.0,-0.45562,-0.528978
time_machine_001,time_machine,gemma,gemma3:4b,0.42765,1.0,0.294686,0.526316,0.4898,1.0,0.5999,0.574713,-0.06215,0.0,-0.305214,-0.048397
time_machine_002,time_machine,gemma,gemma3:4b,0.33285,1.0,0.185146,0.0,0.4882,1.0,0.54378,1.257862,-0.15535,0.0,-0.358634,-1.257862
time_machine_003,time_machine,gemma,gemma3:4b,0.15225,1.0,0.239012,0.555556,0.0386,1.0,0.27832,0.510204,0.11365,0.0,-0.039308,0.045352
time_machine_004,time_machine,gemma,gemma3:4b,0.44415,1.0,0.383514,1.530612,0.47065,1.0,0.38504,0.990099,-0.0265,0.0,-0.001526,0.540513
time_machine_005,time_machine,gemma,gemma3:4b,0.4814,1.0,0.177757,0.515464,0.44425,1.0,0.34298,0.526316,0.03715,0.0,-0.165223,-0.010852
time_machine_006,time_machine,gemma,gemma3:4b,0.41665,1.0,0.203845,1.081081,0.49015,1.0,0.6959,0.613497,-0.0735,0.0,-0.492055,0.467584
time_machine_007,time_machine,gemma,gemma3:4b,0.2117,1.0,0.077911,1.257862,0.4511,1.0,0.4459,0.574713,-0.2394,0.0,-0.367989,0.683149
time_machine_008,time_machine,gemma,gemma3:4b,0.45895,1.0,0.316231,0.0,0.48145,1.0,0.5165,0.534759,-0.0225,0.0,-0.200269,-0.534759
time_machine_009,time_machine,gemma,gemma3:4b,0.2787,1.0,0.148518,1.734104,0.48285,1.0,0.61582,0.636943,-0.20415,0.0,-0.467302,1.097161
time_machine_010,time_machine,gemma,gemma3:4b,0.1161,1.0,0.422333,0.520833,0.3238,1.0,0.290033,1.104972,-0.2077,0.0,0.1323,-0.584139
time_machine_011,time_machine,gemma,gemma3:4b,0.20195,1.0,0.101946,0.485437,0.436,1.0,0.727025,1.360544,-0.23405,0.0,-0.625079,-0.875107
time_machine_012,time_machine,gemma,gemma3:4b,0.3089,1.0,0.201644,1.183432,0.1806,1.0,0.234425,1.428571,0.1283,0.0,-0.032781,-0.245139
time_machine_013,time_machine,gemma,gemma3:4b,0.27495,1.0,0.230436,0.0,0.42775,1.0,0.463833,0.458716,-0.1528,0.0,-0.233397,-0.458716
time_machine_014,time_machine,gemma,gemma3:4b,0.4015,1.0,0.177912,0.0,0.45005,1.0,0.57888,1.25,-0.04855,0.0,-0.400968,-1.25
time_machine_015,time_machine,gemma,gemma3:4b,0.49675,1.0,0.513733,1.734104,0.4495,1.0,0.4067,1.807229,0.04725,0.0,0.107033,-0.073125
time_machine_016,time_machine,gemma,gemma3:4b,0.1508,1.0,0.277864,1.578947,0.2958,1.0,0.40854,1.052632,-0.145,0.0,-0.130676,0.526315
time_machine_017,time_machine,gemma,gemma3:4b,0.2188,1.0,0.318975,1.086957,0.4824,1.0,0.62272,0.518135,-0.2636,0.0,-0.303745,0.568822
time_machine_018,time_machine,gemma,gemma3:4b,0.0871,1.0,0.078992,0.555556,0.064,1.0,0.21176,0.0,0.0231,0.0,-0.132768,0.555556
time_machine_019,time_machine,gemma,gemma3:4b,0.41495,1.0,0.343293,0.546448,0.48735,1.0,0.5713,1.734104,-0.0724,0.0,-0.228007,-1.187656
time_machine_020,time_machine,gemma,gemma3:4b,0.38075,1.0,0.20965,2.684564,0.148,1.0,0.311475,2.877698,0.23275,0.0,-0.101825,-0.193134
time_machine_021,time_machine,gemma,gemma3:4b,0.4696,1.0,0.18332,1.04712,0.4847,1.0,0.55512,1.123596,-0.0151,0.0,-0.3718,-0.076476
time_machine_022,time_machine,gemma,gemma3:4b,0.466,1.0,0.119008,1.020408,0.2611,1.0,0.28538,0.0,0.2049,0.0,-0.166372,1.020408
time_machine_023,time_machine,gemma,gemma3:4b,0.48315,1.0,0.338471,1.030928,0.17765,1.0,0.4268,1.058201,0.3055,0.0,-0.088329,-0.027273
time_machine_024,time_machine,gemma,gemma3:4b,0.4835,1.0,0.184685,0.0,0.41125,1.0,0.368675,1.298701,0.07225,0.0,-0.18399,-1.298701
time_machine_025,time_machine,gemma,gemma3:4b,0.3753,1.0,0.219225,1.257862,0.455,1.0,0.57326,1.041667,-0.0797,0.0,-0.354035,0.216195
time_machine_026,time_machine,gemma,gemma3:4b,0.48945,1.0,0.271308,0.438596,0.38785,1.0,0.55618,0.0,0.1016,0.0,-0.284872,0.438596
time_machine_027,time_machine,gemma,gemma3:4b,0.47945,1.0,0.217636,1.5625,0.49585,1.0,0.75084,1.342282,-0.0164,0.0,-0.533204,0.220218
time_machine_028,time_machine,gemma,gemma3:4b,0.4531,1.0,0.314129,1.273885,0.28075,1.0,0.3925,0.529101,0.17235,0.0,-0.078371,0.744784
time_machine_029,time_machine,gemma,gemma3:4b,0.23105,1.0,0.150458,0.574713,0.418,1.0,0.37326,0.595238,-0.18695,0.0,-0.222802,-0.020525
time_machine_030,time_machine,gemma,gemma3:4b,0.43465,1.0,0.283653,0.510204,0.42405,1.0,0.31574,0.0,0.0106,0.0,-0.032087,0.510204
time_machine_031,time_machine,gemma,gemma3:4b,0.3548,1.0,0.1418,0.584795,0.148,1.0,0.33678,1.010101,0.2068,0.0,-0.19498,-0.425306
time_machine_032,time_machine,gemma,gemma3:4b,0.22485,1.0,0.242625,0.671141,0.492,1.0,0.72838,0.574713,-0.26715,0.0,-0.485755,0.096428
time_machine_033,time_machine,gemma,gemma3:4b,0.35995,1.0,0.172656,0.888889,0.08895,1.0,0.18114,0.540541,0.271,0.0,-0.008484,0.348348
time_machine_034,time_machine,gemma,gemma3:4b,0.492,1.0,0.36172,1.724138,0.47465,1.0,0.5249,0.0,0.01735,0.0,-0.16318,1.724138
time_machine_035,time_machine,gemma,gemma3:4b,0.4155,1.0,0.423237,0.0,0.10115,1.0,0.21792,0.520833,0.31435,0.0,0.205317,-0.520833
time_machine_036,time_machine,gemma,gemma3:4b,0.48675,1.0,0.3684,0.0,0.3715,1.0,0.30962,0.555556,0.11525,0.0,0.05878,-0.555556
time_machine_037,time_machine,gemma,gemma3:4b,0.26705,1.0,0.299381,0.966184,0.49215,1.0,0.59335,1.775148,-0.2251,0.0,-0.293969,-0.808964
time_machine_038,time_machine,gemma,gemma3:4b,0.475,1.0,0.283144,2.01005,0.45645,1.0,0.50188,1.554404,0.01855,0.0,-0.218736,0.455646
time_machine_039,time_machine,gemma,gemma3:4b,0.44665,1.0,0.37665,1.657459,0.092,1.0,0.4692,2.453988,0.35465,0.0,-0.09255,-0.796529
time_machine_040,time_machine,gemma,gemma3:4b,0.2176,1.0,0.172673,0.621118,0.48355,1.0,0.5935,2.173913,-0.26595,0.0,-0.420827,-1.552795
time_machine_041,time_machine,gemma,gemma3:4b,0.4198,1.0,0.217189,1.578947,0.23965,1.0,0.42018,1.058201,0.18015,0.0,-0.202991,0.520746
time_machine_042,time_machine,gemma,gemma3:4b,0.3141,1.0,0.178986,1.428571,0.41715,1.0,0.6049,0.0,-0.10305,0.0,-0.425914,1.428571
time_machine_043,time_machine,gemma,gemma3:4b,0.3505,1.0,0.4328,1.960784,0.4287,1.0,0.599,0.549451,-0.0782,0.0,-0.1662,1.411333
time_machine_044,time_machine,gemma,gemma3:4b,0.38135,1.0,0.162323,1.176471,0.24445,1.0,0.520525,1.829268,0.1369,0.0,-0.358202,-0.652797
time_machine_045,time_machine,gemma,gemma3:4b,0.2794,1.0,0.27219,0.529101,0.46625,1.0,0.482475,0.613497,-0.18685,0.0,-0.210285,-0.084396
time_machine_046,time_machine,gemma,gemma3:4b,0.48655,1.0,0.260785,0.0,0.1366,1.0,0.44562,1.129944,0.34995,0.0,-0.184835,-1.129944
time_machine_047,time_machine,gemma,gemma3:4b,0.4786,1.0,0.31269,1.648352,0.4814,1.0,0.5968,1.538462,-0.0028,0.0,-0.28411,0.10989
time_machine_048,time_machine,gemma,gemma3:4b,0.3766,1.0,0.247308,0.995025,0.0258,1.0,0.65296,0.549451,0.3508,0.0,-0.405652,0.445574
time_machine_049,time_machine,gemma,gemma3:4b,0.4422,1.0,0.154814,0.520833,0.43125,1.0,0.30262,0.543478,0.01095,0.0,-0.147806,-0.022645
we_000,we,gemma,gemma3:4b,0.4218,1.0,0.360312,1.775148,0.47865,1.0,0.55735,3.759398,-0.05685,0.0,-0.197038,-1.98425
we_001,we,gemma,gemma3:4b,0.48055,1.0,0.447562,2.116402,0.49245,1.0,0.70272,0.520833,-0.0119,0.0,-0.255158,1.595569
we_002,we,gemma,gemma3:4b,0.14545,1.0,0.323111,0.529101,0.44785,1.0,0.4601,1.052632,-0.3024,0.0,-0.136989,-0.523531
we_003,we,gemma,gemma3:4b,0.4674,1.0,0.62114,0.75188,0.37805,1.0,0.46884,0.520833,0.08935,0.0,0.1523,0.231047
we_004,we,gemma,gemma3:4b,0.35215,1.0,0.317892,2.162162,0.47545,1.0,0.4709,0.0,-0.1233,0.0,-0.153008,2.162162
we_005,we,gemma,gemma3:4b,0.282,1.0,0.26392,0.564972,0.27115,1.0,0.32792,1.886792,0.01085,0.0,-0.064,-1.32182
we_006,we,gemma,gemma3:4b,0.4916,1.0,0.5741,0.0,0.418,1.0,0.3799,0.990099,0.0736,0.0,0.1942,-0.990099
we_007,we,gemma,gemma3:4b,0.39675,1.0,0.333367,0.0,0.2202,1.0,0.5882,1.754386,0.17655,0.0,-0.254833,-1.754386
we_008,we,gemma,gemma3:4b,0.3786,1.0,0.235478,1.538462,0.1366,1.0,0.36812,0.480769,0.242,0.0,-0.132642,1.057693
we_009,we,gemma,gemma3:4b,0.4832,1.0,0.5621,2.797203,0.26035,1.0,0.3538,0.549451,0.22285,0.0,0.2083,2.247752
we_010,we,gemma,gemma3:4b,0.23985,1.0,0.12265,3.125,0.3404,1.0,0.40148,0.531915,-0.10055,0.0,-0.27883,2.593085
we_011,we,gemma,gemma3:4b,0.3434,1.0,0.142275,1.621622,0.46435,1.0,0.49102,0.552486,-0.12095,0.0,-0.348745,1.069136
we_012,we,gemma,gemma3:4b,0.4445,1.0,0.3589,2.604167,0.36345,1.0,0.230625,0.632911,0.08105,0.0,0.128275,1.971256
we_013,we,gemma,gemma3:4b,0.45155,1.0,0.215825,1.807229,0.3953,1.0,0.26758,1.030928,0.05625,0.0,-0.051755,0.776301
we_014,we,gemma,gemma3:4b,0.143,1.0,0.089954,0.0,0.45765,1.0,0.4967,0.598802,-0.31465,0.0,-0.406746,-0.598802
we_015,we,gemma,gemma3:4b,0.0322,1.0,0.116317,1.694915,0.31845,1.0,0.268425,2.580645,-0.28625,0.0,-0.152108,-0.88573
we_016,we,gemma,gemma3:4b,0.3562,1.0,0.3637,0.0,0.0653,1.0,0.45574,0.512821,0.2909,0.0,-0.09204,-0.512821
we_017,we,gemma,gemma3:4b,0.16,1.0,0.19445,2.162162,0.21075,1.0,0.51474,1.030928,-0.05075,0.0,-0.32029,1.131234
we_018,we,gemma,gemma3:4b,0.36255,1.0,0.288571,1.098901,0.48815,1.0,0.68958,1.716738,-0.1256,0.0,-0.401009,-0.617837
we_019,we,gemma,gemma3:4b,0.4457,1.0,0.44185,0.564972,0.4458,1.0,0.5152,0.0,-0.0001,0.0,-0.07335,0.564972
we_020,we,gemma,gemma3:4b,0.1396,1.0,0.18132,1.129944,0.4158,1.0,0.320475,0.0,-0.2762,0.0,-0.139155,1.129944
we_021,we,gemma,gemma3:4b,0.1472,1.0,0.193114,1.95122,0.4158,1.0,0.48136,1.069519,-0.2686,0.0,-0.288246,0.881701
we_022,we,gemma,gemma3:4b,0.4526,1.0,0.398875,1.142857,0.4934,1.0,0.54748,1.025641,-0.0408,0.0,-0.148605,0.117216
we_023,we,gemma,gemma3:4b,0.0376,1.0,0.312571,1.219512,0.08585,1.0,0.20216,0.492611,-0.04825,0.0,0.110411,0.726901
we_024,we,gemma,gemma3:4b,0.37895,1.0,0.37878,0.574713,0.05135,1.0,0.39072,0.0,0.3276,0.0,-0.01194,0.574713
we_025,we,gemma,gemma3:4b,0.4416,1.0,0.201743,0.0,0.4348,1.0,0.47594,1.015228,0.0068,0.0,-0.274197,-1.015228
we_026,we,gemma,gemma3:4b,0.37865,1.0,0.3325,1.136364,0.2294,1.0,0.57142,1.612903,0.14925,0.0,-0.23892,-0.476539
we_027,we,gemma,gemma3:4b,0.44335,1.0,0.1935,2.762431,0.27005,1.0,0.25916,0.5,0.1733,0.0,-0.06566,2.262431
we_028,we,gemma,gemma3:4b,0.4624,1.0,0.3019,1.630435,0.3592,1.0,0.4751,4.046243,0.1032,0.0,-0.1732,-2.415808
we_029,we,gemma,gemma3:4b,0.4871,1.0,0.207023,0.609756,0.3986,1.0,0.57016,1.086957,0.0885,0.0,-0.363137,-0.477201
we_030,we,gemma,gemma3:4b,0.35015,1.0,0.4286,2.352941,0.4201,1.0,0.41276,0.0,-0.06995,0.0,0.01584,2.352941
we_031,we,gemma,gemma3:4b,0.398,1.0,0.218536,0.558659,0.47425,1.0,0.602225,0.598802,-0.07625,0.0,-0.383689,-0.040143
we_032,we,gemma,gemma3:4b,0.0866,1.0,0.213367,1.639344,0.0258,1.0,0.4861,1.863354,0.0608,0.0,-0.272733,-0.22401
we_033,we,gemma,gemma3:4b,0.4675,1.0,0.17979,1.675978,0.4882,1.0,0.6359,0.970874,-0.0207,0.0,-0.45611,0.705104
we_034,we,gemma,gemma3:4b,0.4323,1.0,0.258362,1.298701,0.1664,1.0,0.3279,0.970874,0.2659,0.0,-0.069538,0.327827
we_035,we,gemma,gemma3:4b,0.2294,1.0,0.236643,4.232804,0.47445,1.0,0.67575,0.568182,-0.24505,0.0,-0.439107,3.664622
we_036,we,gemma,gemma3:4b,0.4881,1.0,0.386925,0.543478,0.4531,1.0,0.413925,0.714286,0.035,0.0,-0.027,-0.170808
we_037,we,gemma,gemma3:4b,0.08965,1.0,0.199958,1.507538,0.42875,1.0,0.3822,0.5,-0.3391,0.0,-0.182242,1.007538
we_038,we,gemma,gemma3:4b,0.367,1.0,0.218625,0.628931,0.11315,1.0,0.21525,1.351351,0.25385,0.0,0.003375,-0.72242
we_039,we,gemma,gemma3:4b,0.2325,1.0,0.212767,1.948052,0.42365,1.0,0.23962,0.543478,-0.19115,0.0,-0.026853,1.404574
we_040,we,gemma,gemma3:4b,0.4727,1.0,0.226615,0.540541,0.44425,1.0,0.33886,0.520833,0.02845,0.0,-0.112245,0.019708
we_041,we,gemma,gemma3:4b,0.49225,1.0,0.632825,1.242236,0.4559,1.0,0.44222,0.520833,0.03635,0.0,0.190605,0.721403
we_042,we,gemma,gemma3:4b,0.48,1.0,0.31222,0.571429,0.4759,1.0,0.4803,0.584795,0.0041,0.0,-0.16808,-0.013366
we_043,we,gemma,gemma3:4b,0.45995,1.0,0.13,0.571429,0.38885,1.0,0.51812,1.129944,0.0711,0.0,-0.38812,-0.558515
we_044,we,gemma,gemma3:4b,0.31265,1.0,0.106611,0.52356,0.0386,1.0,0.29774,1.111111,0.27405,0.0,-0.191129,-0.587551
we_045,we,gemma,gemma3:4b,0.47465,1.0,0.530783,5.063291,0.44,1.0,0.40444,1.036269,0.03465,0.0,0.126343,4.027022
we_046,we,gemma,gemma3:4b,0.49105,1.0,0.380878,2.116402,0.2997,1.0,0.38116,1.129944,0.19135,0.0,-0.000282,0.986458
we_047,we,gemma,gemma3:4b,0.3609,1.0,0.500383,0.0,0.4063,1.0,0.522425,1.875,-0.0454,0.0,-0.022042,-1.875
we_048,we,gemma,gemma3:4b,0.12165,1.0,0.403045,2.185792,0.4037,1.0,0.43028,0.990099,-0.28205,0.0,-0.027235,1.195693
we_049,we,gemma,gemma3:4b,0.25635,1.0,0.276486,0.546448,0.3243,1.0,0.28932,1.630435,-0.06795,0.0,-0.012834,-1.083987
1984_000,1984,phi,phi4-mini,0.16565,1.0,0.2849,0.621118,0.48595,1.0,0.59728,1.923077,-0.3203,0.0,-0.31238,-1.301959
1984_001,1984,phi,phi4-mini,0.25465,1.0,0.250308,2.941176,0.43125,1.0,0.6346,6.451613,-0.1766,0.0,-0.384292,-3.510437
1984_002,1984,phi,phi4-mini,0.1423,1.0,0.224067,0.595238,0.4623,1.0,0.57615,3.546099,-0.32,0.0,-0.352083,-2.950861
1984_003,1984,phi,phi4-mini,0.4488,1.0,0.40975,1.785714,0.4909,1.0,0.646767,1.086957,-0.0421,0.0,-0.237017,0.698757
1984_004,1984,phi,phi4-mini,0.43145,1.0,0.299367,2.906977,0.49065,1.0,0.465662,2.5,-0.0592,0.0,-0.166295,0.406977
1984_005,1984,phi,phi4-mini,0.15205,1.0,0.27796,0.628931,0.46295,1.0,0.439786,2.45098,-0.3109,0.0,-0.161826,-1.822049
1984_006,1984,phi,phi4-mini,0.40125,1.0,0.3417,0.662252,0.48895,1.0,0.697267,1.73913,-0.0877,0.0,-0.355567,-1.076878
1984_007,1984,phi,phi4-mini,0.4789,1.0,0.40302,1.219512,0.4647,1.0,0.6277,1.612903,0.0142,0.0,-0.22468,-0.393391
1984_008,1984,phi,phi4-mini,0.237,1.0,0.097408,2.777778,0.4604,1.0,0.33576,2.373887,-0.2234,0.0,-0.238352,0.403891
1984_009,1984,phi,phi4-mini,0.4648,1.0,0.368046,0.60241,0.49245,1.0,0.72275,0.662252,-0.02765,0.0,-0.354704,-0.059842
1984_010,1984,phi,phi4-mini,0.3208,1.0,0.33515,1.30719,0.27415,1.0,0.595783,3.535354,0.04665,0.0,-0.260633,-2.228164
1984_011,1984,phi,phi4-mini,0.4201,1.0,0.293611,0.598802,0.4909,1.0,0.69245,2.453988,-0.0708,0.0,-0.398839,-1.855186
1984_012,1984,phi,phi4-mini,0.2851,1.0,0.381643,1.388889,0.3807,1.0,0.6712,1.25,-0.0956,0.0,-0.289557,0.138889
1984_013,1984,phi,phi4-mini,0.43825,1.0,0.20112,1.067616,0.1909,1.0,0.616575,3.007519,0.24735,0.0,-0.415455,-1.939903
1984_014,1984,phi,phi4-mini,0.4732,1.0,0.425756,1.685393,0.45805,1.0,0.350557,1.538462,0.01515,0.0,0.075199,0.146931
1984_015,1984,phi,phi4-mini,0.49345,1.0,0.429029,0.632911,0.49695,1.0,0.590911,1.818182,-0.0035,0.0,-0.161882,-1.185271
1984_016,1984,phi,phi4-mini,0.3527,1.0,0.631667,0.746269,0.49645,1.0,0.6048,2.180685,-0.14375,0.0,0.026867,-1.434416
1984_017,1984,phi,phi4-mini,0.4088,1.0,0.553457,1.212121,0.4887,1.0,0.6454,1.612903,-0.0799,0.0,-0.091943,-0.400782
1984_018,1984,phi,phi4-mini,0.41205,1.0,0.369417,1.459854,0.45845,1.0,0.354,3.030303,-0.0464,0.0,0.015417,-1.570449
1984_019,1984,phi,phi4-mini,0.4883,1.0,0.63075,1.25,0.4843,1.0,0.51128,2.409639,0.004,0.0,0.11947,-1.159639
1984_020,1984,phi,phi4-mini,0.34795,1.0,0.372029,0.632911,0.1858,1.0,0.421471,1.941748,0.16215,0.0,-0.049442,-1.308837
1984_021,1984,phi,phi4-mini,0.4531,1.0,0.225125,1.169591,0.2059,1.0,0.148,1.111111,0.2472,0.0,0.077125,0.05848
1984_022,1984,phi,phi4-mini,0.2761,1.0,0.280629,0.694444,0.47585,1.0,0.523525,2.255639,-0.19975,0.0,-0.242896,-1.561195
1984_023,1984,phi,phi4-mini,0.4359,1.0,0.37002,0.0,0.4944,1.0,0.81214,3.954802,-0.0585,0.0,-0.44212,-3.954802
1984_024,1984,phi,phi4-mini,0.0147,1.0,0.363529,0.0,0.4721,1.0,0.620667,2.164502,-0.4574,0.0,-0.257138,-2.164502
1984_025,1984,phi,phi4-mini,0.377,1.0,0.1961,2.312139,0.4672,1.0,0.55944,2.933333,-0.0902,0.0,-0.36334,-0.621194
1984_026,1984,phi,phi4-mini,0.2294,1.0,0.17078,2.5,0.4736,1.0,0.49742,2.346041,-0.2442,0.0,-0.32664,0.153959
1984_027,1984,phi,phi4-mini,0.4221,1.0,0.3628,0.0,0.49895,1.0,0.626711,1.592357,-0.07685,0.0,-0.263911,-1.592357
1984_028,1984,phi,phi4-mini,0.2427,1.0,0.514233,1.360544,0.4956,1.0,0.415421,2.595628,-0.2529,0.0,0.098812,-1.235084
1984_029,1984,phi,phi4-mini,0.29735,1.0,0.3478,0.666667,0.47255,1.0,0.5379,3.272727,-0.1752,0.0,-0.1901,-2.60606
1984_030,1984,phi,phi4-mini,0.4638,1.0,0.3258,1.242236,0.48285,1.0,0.460257,1.666667,-0.01905,0.0,-0.134457,-0.424431
1984_031,1984,phi,phi4-mini,0.48315,1.0,0.273244,1.273885,0.2264,1.0,0.2893,1.442308,0.25675,0.0,-0.016056,-0.168423
1984_032,1984,phi,phi4-mini,0.42865,1.0,0.313367,0.574713,0.476,1.0,0.4803,3.097345,-0.04735,0.0,-0.166933,-2.522632
1984_033,1984,phi,phi4-mini,0.0497,1.0,0.322337,1.724138,0.4202,1.0,0.434486,0.896861,-0.3705,0.0,-0.112149,0.827277
1984_034,1984,phi,phi4-mini,0.46085,1.0,0.288325,3.184713,0.4623,1.0,0.452225,2.645503,-0.00145,0.0,-0.1639,0.53921
1984_035,1984,phi,phi4-mini,0.4637,1.0,0.7326,0.0,0.48055,1.0,0.531529,1.408451,-0.01685,0.0,0.201071,-1.408451
1984_036,1984,phi,phi4-mini,0.07655,1.0,0.201283,1.273885,0.07655,1.0,0.42856,3.550296,0.0,0.0,-0.227277,-2.276411
1984_037,1984,phi,phi4-mini,0.30515,1.0,0.427157,3.75,0.46875,1.0,0.453317,1.298701,-0.1636,0.0,-0.02616,2.451299
1984_038,1984,phi,phi4-mini,0.1628,1.0,0.465817,1.818182,0.4037,1.0,0.50865,2.083333,-0.2409,0.0,-0.042833,-0.265151
1984_039,1984,phi,phi4-mini,0.2418,1.0,0.19589,1.438849,0.48525,1.0,0.722817,1.568627,-0.24345,0.0,-0.526927,-0.129778
1984_040,1984,phi,phi4-mini,0.2495,1.0,0.492283,2.906977,0.42145,1.0,0.6689,3.351955,-0.17195,0.0,-0.176617,-0.444978
1984_041,1984,phi,phi4-mini,0.288,1.0,0.36742,2.531646,0.49025,1.0,0.5405,1.449275,-0.20225,0.0,-0.17308,1.082371
1984_042,1984,phi,phi4-mini,0.2294,1.0,0.299229,0.657895,0.4562,1.0,0.470775,2.352941,-0.2268,0.0,-0.171546,-1.695046
1984_043,1984,phi,phi4-mini,0.46585,1.0,0.268864,1.169591,0.4449,1.0,0.78265,3.361345,0.02095,0.0,-0.513786,-2.191754
1984_044,1984,phi,phi4-mini,0.47525,1.0,0.26716,0.609756,0.4471,1.0,0.5657,2.5,0.02815,0.0,-0.29854,-1.890244
1984_045,1984,phi,phi4-mini,0.2954,1.0,0.21908,1.587302,0.27115,1.0,0.4776,4.918033,0.02425,0.0,-0.25852,-3.330731
1984_046,1984,phi,phi4-mini,0.409,1.0,0.155987,2.197802,0.4789,1.0,0.74795,1.25,-0.0699,0.0,-0.591963,0.947802
1984_047,1984,phi,phi4-mini,0.45905,1.0,0.359314,3.184713,0.4305,1.0,0.664425,2.259887,0.02855,0.0,-0.305111,0.924826
1984_048,1984,phi,phi4-mini,0.19945,1.0,0.072536,1.176471,0.473,1.0,0.46878,1.069519,-0.27355,0.0,-0.396244,0.106952
1984_049,1984,phi,phi4-mini,0.4125,1.0,0.29622,1.630435,0.4807,1.0,0.5893,2.212389,-0.0682,0.0,-0.29308,-0.581954
animal_farm_000,animal_farm,phi,phi4-mini,0.3633,1.0,0.302467,1.351351,0.3005,1.0,0.28622,1.666667,0.0628,0.0,0.016247,-0.315316
animal_farm_001,animal_farm,phi,phi4-mini,0.41815,1.0,0.23958,1.851852,0.49475,1.0,0.91,0.769231,-0.0766,0.0,-0.67042,1.082621
animal_farm_002,animal_farm,phi,phi4-mini,0.2998,1.0,0.25226,0.662252,0.46085,1.0,0.76445,1.111111,-0.16105,0.0,-0.51219,-0.448859
animal_farm_003,animal_farm,phi,phi4-mini,0.40965,1.0,0.402725,1.156069,0.4829,1.0,0.592687,3.125,-0.07325,0.0,-0.189962,-1.968931
animal_farm_004,animal_farm,phi,phi4-mini,0.4589,1.0,0.292843,1.986755,0.48485,1.0,0.605333,1.265823,-0.02595,0.0,-0.31249,0.720932
animal_farm_005,animal_farm,phi,phi4-mini,0.45765,1.0,0.226278,0.632911,0.36755,1.0,0.283967,2.912621,0.0901,0.0,-0.057689,-2.27971
animal_farm_006,animal_farm,phi,phi4-mini,0.4716,1.0,0.374914,1.142857,0.47015,1.0,0.639111,2.42915,0.00145,0.0,-0.264197,-1.286293
animal_farm_007,animal_farm,phi,phi4-mini,0.13085,1.0,0.57775,0.621118,0.3715,1.0,0.258075,0.826446,-0.24065,0.0,0.319675,-0.205328
animal_farm_008,animal_farm,phi,phi4-mini,0.20095,1.0,0.1855,0.729927,0.0258,1.0,0.161837,2.641509,0.17515,0.0,0.023663,-1.911582
animal_farm_009,animal_farm,phi,phi4-mini,0.4341,1.0,0.2049,0.606061,0.49345,1.0,0.6035,3.731343,-0.05935,0.0,-0.3986,-3.125282
animal_farm_010,animal_farm,phi,phi4-mini,0.4612,1.0,0.36578,2.531646,0.46435,1.0,0.3513,1.578947,-0.00315,0.0,0.01448,0.952699
animal_farm_011,animal_farm,phi,phi4-mini,0.2284,1.0,0.17428,2.040816,0.488,1.0,0.543233,2.293578,-0.2596,0.0,-0.368953,-0.252762
animal_farm_012,animal_farm,phi,phi4-mini,0.49335,1.0,0.380943,0.0,0.1909,1.0,0.213125,1.176471,0.30245,0.0,0.167818,-1.176471
animal_farm_013,animal_farm,phi,phi4-mini,0.4734,1.0,0.46387,0.689655,0.48855,1.0,0.653171,1.694915,-0.01515,0.0,-0.189301,-1.00526
animal_farm_014,animal_farm,phi,phi4-mini,0.46585,1.0,0.468175,2.112676,0.4778,1.0,0.695333,1.923077,-0.01195,0.0,-0.227158,0.189599
animal_farm_015,animal_farm,phi,phi4-mini,0.4217,1.0,0.4105,1.459854,0.20095,1.0,0.20095,1.754386,0.22075,0.0,0.20955,-0.294532
animal_farm_016,animal_farm,phi,phi4-mini,0.0386,1.0,0.239917,0.60241,0.31845,1.0,0.452757,1.626016,-0.27985,0.0,-0.21284,-1.023606
animal_farm_017,animal_farm,phi,phi4-mini,0.38075,1.0,0.257522,1.724138,0.43125,1.0,0.461067,2.189781,-0.0505,0.0,-0.203545,-0.465643
animal_farm_018,animal_farm,phi,phi4-mini,0.23835,1.0,0.175975,0.662252,0.4714,1.0,0.475033,2.970297,-0.23305,0.0,-0.299058,-2.308045
animal_farm_019,animal_farm,phi,phi4-mini,0.35885,1.0,0.403087,0.0,0.2014,1.0,0.519,3.389831,0.15745,0.0,-0.115913,-3.389831
animal_farm_020,animal_farm,phi,phi4-mini,0.3592,1.0,0.2949,0.598802,0.41235,1.0,0.29345,1.652893,-0.05315,0.0,0.00145,-1.054091
animal_farm_021,animal_farm,phi,phi4-mini,0.46855,1.0,0.294,1.360544,0.4375,1.0,0.4595,1.5625,0.03105,0.0,-0.1655,-0.201956
animal_farm_022,animal_farm,phi,phi4-mini,0.4583,1.0,0.112707,0.0,0.48005,1.0,0.731867,1.886792,-0.02175,0.0,-0.61916,-1.886792
animal_farm_023,animal_farm,phi,phi4-mini,0.34915,1.0,0.203444,1.388889,0.1851,1.0,0.438587,2.287582,0.16405,0.0,-0.235143,-0.898693
animal_farm_024,animal_farm,phi,phi4-mini,0.4746,1.0,0.439433,2.040816,0.4952,1.0,0.447312,1.30719,-0.0206,0.0,-0.007879,0.733626
animal_farm_025,animal_farm,phi,phi4-mini,0.1806,1.0,0.093975,1.829268,0.4699,1.0,0.34075,2.347418,-0.2893,0.0,-0.246775,-0.51815
animal_farm_026,animal_farm,phi,phi4-mini,0.3951,1.0,0.319533,2.424242,0.492,1.0,0.657217,2.846975,-0.0969,0.0,-0.337684,-0.422733
animal_farm_027,animal_farm,phi,phi4-mini,0.3548,1.0,0.26227,0.0,0.5,1.0,0.176926,1.110993,-0.1452,0.0,0.085344,-1.110993
animal_farm_028,animal_farm,phi,phi4-mini,0.2353,1.0,0.189912,1.041667,0.08895,1.0,0.1633,0.507614,0.14635,0.0,0.026612,0.534053
animal_farm_029,animal_farm,phi,phi4-mini,0.418,1.0,0.3908,1.212121,0.2787,1.0,0.1858,1.020408,0.1393,0.0,0.205,0.191713
animal_farm_030,animal_farm,phi,phi4-mini,0.19695,1.0,0.188825,0.606061,0.45345,1.0,0.3514,0.303951,-0.2565,0.0,-0.162575,0.30211
animal_farm_031,animal_farm,phi,phi4-mini,0.1909,0.0,0.3818,0.0,0.2997,1.0,0.08895,0.490196,-0.1088,-1.0,0.29285,-0.490196
animal_farm_032,animal_farm,phi,phi4-mini,0.2981,1.0,0.259343,0.0,0.4417,1.0,0.388225,0.0,-0.1436,0.0,-0.128882,0.0
animal_farm_033,animal_farm,phi,phi4-mini,0.1911,1.0,0.478689,2.409639,0.26335,1.0,0.0841,1.320132,-0.07225,0.0,0.394589,1.089507
animal_farm_034,animal_farm,phi,phi4-mini,0.28945,1.0,0.401767,0.0,0.3625,1.0,0.111167,1.403509,-0.07305,0.0,0.2906,-1.403509
animal_farm_035,animal_farm,phi,phi4-mini,0.17635,1.0,0.127155,0.0,0.4776,1.0,0.35725,0.304878,-0.30125,0.0,-0.230095,-0.304878
animal_farm_036,animal_farm,phi,phi4-mini,0.4847,1.0,0.390089,0.0,0.2997,1.0,0.14985,1.142857,0.185,0.0,0.240239,-1.142857
animal_farm_037,animal_farm,phi,phi4-mini,0.31845,1.0,0.43964,0.60241,0.41125,1.0,0.293617,0.743494,-0.0928,0.0,0.146023,-0.141084
animal_farm_038,animal_farm,phi,phi4-mini,0.4211,1.0,0.3572,0.595238,0.4316,1.0,0.229714,0.96463,-0.0105,0.0,0.127486,-0.369392
animal_farm_039,animal_farm,phi,phi4-mini,0.34965,1.0,0.35226,0.558659,0.17,1.0,0.08885,0.42735,0.17965,0.0,0.26341,0.131309
animal_farm_040,animal_farm,phi,phi4-mini,0.4902,1.0,0.49825,0.584795,0.4423,1.0,0.42064,1.060071,0.0479,0.0,0.07761,-0.475276
animal_farm_041,animal_farm,phi,phi4-mini,0.20155,1.0,0.40464,1.923077,0.455,1.0,0.202671,1.655629,-0.25345,0.0,0.201969,0.267448
animal_farm_042,animal_farm,phi,phi4-mini,0.46965,1.0,0.438333,0.632911,0.23835,1.0,0.18316,0.0,0.2313,0.0,0.255173,0.632911
animal_farm_043,animal_farm,phi,phi4-mini,0.4762,1.0,0.49616,0.0,0.3943,1.0,0.276557,0.849858,0.0819,0.0,0.219603,-0.849858
animal_farm_044,animal_farm,phi,phi4-mini,0.4158,1.0,0.22798,0.0,0.3548,1.0,0.342575,1.25,0.061,0.0,-0.114595,-1.25
animal_farm_045,animal_farm,phi,phi4-mini,0.4603,1.0,0.276929,0.613497,0.0129,1.0,0.1254,0.0,0.4474,0.0,0.151529,0.613497
animal_farm_046,animal_farm,phi,phi4-mini,0.4683,1.0,0.23666,1.219512,0.2787,1.0,0.281567,0.49505,0.1896,0.0,-0.044907,0.724462
animal_farm_047,animal_farm,phi,phi4-mini,0.2294,1.0,0.334571,0.0,0.2997,1.0,0.118133,1.219512,-0.0703,0.0,0.216438,-1.219512
animal_farm_048,animal_farm,phi,phi4-mini,0.3592,1.0,0.328483,1.818182,0.3454,1.0,0.20395,1.102941,0.0138,0.0,0.124533,0.715241
animal_farm_049,animal_farm,phi,phi4-mini,0.4531,1.0,0.29918,0.671141,0.125,1.0,0.12755,0.571429,0.3281,0.0,0.17163,0.099712
fahrenheit_000,fahrenheit,phi,phi4-mini,0.4662,1.0,0.30654,0.561798,0.4375,1.0,0.6697,0.584795,0.0287,0.0,-0.36316,-0.022997
fahrenheit_001,fahrenheit,phi,phi4-mini,0.4228,1.0,0.16605,1.129944,0.05135,1.0,0.434633,1.156069,0.37145,0.0,-0.268583,-0.026125
fahrenheit_002,fahrenheit,phi,phi4-mini,0.44415,1.0,0.106092,1.075269,0.32765,1.0,0.067527,0.3663,0.1165,0.0,0.038565,0.708969
fahrenheit_003,fahrenheit,phi,phi4-mini,0.04425,1.0,0.242708,2.259887,0.3953,1.0,0.259075,0.657895,-0.35105,0.0,-0.016367,1.601992
fahrenheit_004,fahrenheit,phi,phi4-mini,0.4729,1.0,0.413967,0.684932,0.44025,1.0,0.18972,0.682594,0.03265,0.0,0.224247,0.002338
fahrenheit_005,fahrenheit,phi,phi4-mini,0.38195,1.0,0.186277,1.807229,0.45405,1.0,0.364933,0.625,-0.0721,0.0,-0.178656,1.182229
fahrenheit_006,fahrenheit,phi,phi4-mini,0.29295,1.0,0.107536,0.537634,0.418,1.0,0.14315,1.056338,-0.12505,0.0,-0.035614,-0.518704
fahrenheit_007,fahrenheit,phi,phi4-mini,0.47985,1.0,0.39804,2.205882,0.44515,1.0,0.194637,1.176471,0.0347,0.0,0.203403,1.029411
fahrenheit_008,fahrenheit,phi,phi4-mini,0.4423,1.0,0.144028,0.515464,0.401,1.0,0.3426,1.886792,0.0413,0.0,-0.198572,-1.371328
fahrenheit_009,fahrenheit,phi,phi4-mini,0.3716,1.0,0.375525,1.183432,0.3953,1.0,0.4076,0.706714,-0.0237,0.0,-0.032075,0.476718
fahrenheit_010,fahrenheit,phi,phi4-mini,0.28235,1.0,0.4117,0.787402,0.31245,1.0,0.170086,0.60423,-0.0301,0.0,0.241614,0.183172
fahrenheit_011,fahrenheit,phi,phi4-mini,0.1174,1.0,0.4106,1.875,0.32985,1.0,0.2721,0.526316,-0.21245,0.0,0.1385,1.348684
fahrenheit_012,fahrenheit,phi,phi4-mini,0.4482,1.0,0.109964,0.549451,0.4734,1.0,0.331367,0.358423,-0.0252,0.0,-0.221403,0.191028
fahrenheit_013,fahrenheit,phi,phi4-mini,0.4781,1.0,0.411827,0.0,0.32985,1.0,0.125875,0.346021,0.14825,0.0,0.285952,-0.346021
fahrenheit_014,fahrenheit,phi,phi4-mini,0.42405,1.0,0.231443,0.0,0.38835,1.0,0.1838,1.119403,0.0357,0.0,0.047643,-1.119403
fahrenheit_015,fahrenheit,phi,phi4-mini,0.46365,1.0,0.42845,1.369863,0.2896,1.0,0.424475,0.315457,0.17405,0.0,0.003975,1.054406
fahrenheit_016,fahrenheit,phi,phi4-mini,0.479,1.0,0.075978,1.826484,0.21075,1.0,0.189143,0.406504,0.26825,0.0,-0.113165,1.41998
fahrenheit_017,fahrenheit,phi,phi4-mini,0.2151,1.0,0.244615,1.630435,0.1691,1.0,0.264,0.352113,0.046,0.0,-0.019385,1.278322
fahrenheit_018,fahrenheit,phi,phi4-mini,0.45435,1.0,0.281825,0.546448,0.46185,1.0,0.32055,0.828729,-0.0075,0.0,-0.038725,-0.282281
fahrenheit_019,fahrenheit,phi,phi4-mini,0.4337,1.0,0.253815,0.591716,0.28595,1.0,0.167725,0.0,0.14775,0.0,0.08609,0.591716
fahrenheit_020,fahrenheit,phi,phi4-mini,0.4763,1.0,0.407267,0.0,0.44995,1.0,0.198175,0.0,0.02635,0.0,0.209092,0.0
fahrenheit_021,fahrenheit,phi,phi4-mini,0.24955,1.0,0.318736,1.5625,0.42955,1.0,0.2735,1.060071,-0.18,0.0,0.045236,0.502429
fahrenheit_022,fahrenheit,phi,phi4-mini,0.3671,1.0,0.169571,1.449275,0.3448,1.0,0.155787,0.589971,0.0223,0.0,0.013784,0.859304
fahrenheit_023,fahrenheit,phi,phi4-mini,0.3508,1.0,0.249633,1.234568,0.2997,1.0,0.4313,0.0,0.0511,0.0,-0.181667,1.234568
fahrenheit_024,fahrenheit,phi,phi4-mini,0.12405,1.0,0.229833,2.12766,0.425,1.0,0.220357,0.309598,-0.30095,0.0,0.009476,1.818062
fahrenheit_025,fahrenheit,phi,phi4-mini,0.3286,1.0,0.24165,0.0,0.45845,1.0,0.24415,1.449275,-0.12985,0.0,-0.0025,-1.449275
fahrenheit_026,fahrenheit,phi,phi4-mini,0.42465,1.0,0.217309,0.0,0.21075,1.0,0.187225,1.408451,0.2139,0.0,0.030084,-1.408451
fahrenheit_027,fahrenheit,phi,phi4-mini,0.4572,1.0,0.320042,3.067485,0.125,1.0,0.187475,0.0,0.3322,0.0,0.132567,3.067485
fahrenheit_028,fahrenheit,phi,phi4-mini,0.0258,1.0,0.343667,2.068966,0.20095,1.0,0.142457,0.0,-0.17515,0.0,0.20121,2.068966
fahrenheit_029,fahrenheit,phi,phi4-mini,0.17,1.0,0.34,0.990099,0.17,1.0,0.09095,1.657459,0.0,0.0,0.24905,-0.66736
fahrenheit_030,fahrenheit,phi,phi4-mini,0.4403,1.0,0.397075,0.606061,0.31845,1.0,0.1561,0.0,0.12185,0.0,0.240975,0.606061
fahrenheit_031,fahrenheit,phi,phi4-mini,0.42595,1.0,0.124433,1.212121,0.46685,1.0,0.520867,1.086957,-0.0409,0.0,-0.396434,0.125164
fahrenheit_032,fahrenheit,phi,phi4-mini,0.33225,1.0,0.254382,0.0,0.2287,1.0,0.07075,0.740741,0.10355,0.0,0.183632,-0.740741
fahrenheit_033,fahrenheit,phi,phi4-mini,0.366,1.0,0.33338,0.0,0.39225,1.0,0.27414,1.388889,-0.02625,0.0,0.05924,-1.388889
fahrenheit_034,fahrenheit,phi,phi4-mini,0.27885,1.0,0.104221,2.197802,0.11235,1.0,0.153287,1.515152,0.1665,0.0,-0.049066,0.68265
fahrenheit_035,fahrenheit,phi,phi4-mini,0.3454,1.0,0.29238,0.719424,0.3753,1.0,0.1785,1.234568,-0.0299,0.0,0.11388,-0.515144
fahrenheit_036,fahrenheit,phi,phi4-mini,0.49045,1.0,0.326982,1.604278,0.3498,1.0,0.178462,0.361011,0.14065,0.0,0.14852,1.243267
fahrenheit_037,fahrenheit,phi,phi4-mini,0.44545,1.0,0.46131,0.0,0.20025,1.0,0.116271,0.716846,0.2452,0.0,0.345039,-0.716846
fahrenheit_038,fahrenheit,phi,phi4-mini,0.40475,1.0,0.115533,0.0,0.4417,1.0,0.148889,0.355872,-0.03695,0.0,-0.033356,-0.355872
fahrenheit_039,fahrenheit,phi,phi4-mini,0.4245,1.0,0.203682,0.578035,0.23835,1.0,0.146322,0.931677,0.18615,0.0,0.05736,-0.353642
fahrenheit_040,fahrenheit,phi,phi4-mini,0.47775,1.0,0.184289,2.339181,0.21075,1.0,0.311157,0.363636,0.267,0.0,-0.126868,1.975545
fahrenheit_041,fahrenheit,phi,phi4-mini,0.4231,1.0,0.193054,0.0,0.37125,1.0,0.23746,0.324675,0.05185,0.0,-0.044406,-0.324675
fahrenheit_042,fahrenheit,phi,phi4-mini,0.42075,1.0,0.169378,0.0,0.3825,1.0,0.218787,0.930233,0.03825,0.0,-0.049409,-0.930233
fahrenheit_043,fahrenheit,phi,phi4-mini,0.15355,1.0,0.123146,0.0,0.36965,1.0,0.191417,0.634921,-0.2161,0.0,-0.068271,-0.634921
fahrenheit_044,fahrenheit,phi,phi4-mini,0.47235,1.0,0.200978,2.068966,0.3238,1.0,0.133517,0.900901,0.14855,0.0,0.067461,1.168065
fahrenheit_045,fahrenheit,phi,phi4-mini,0.48445,1.0,0.160853,0.502513,0.22395,1.0,0.24362,1.129944,0.2605,0.0,-0.082767,-0.627431
fahrenheit_046,fahrenheit,phi,phi4-mini,0.48995,1.0,0.292353,1.570681,0.443,1.0,0.227683,0.3663,0.04695,0.0,0.06467,1.204381
fahrenheit_047,fahrenheit,phi,phi4-mini,0.4791,1.0,0.34409,0.0,0.29295,1.0,0.22335,1.169591,0.18615,0.0,0.12074,-1.169591
fahrenheit_048,fahrenheit,phi,phi4-mini,0.4268,1.0,0.188,2.564103,0.10555,1.0,0.140611,0.0,0.32125,0.0,0.047389,2.564103
fahrenheit_049,fahrenheit,phi,phi4-mini,0.357,1.0,0.6983,0.0,0.4846,1.0,0.44735,1.265823,-0.1276,0.0,0.25095,-1.265823
iron_heel_000,iron_heel,phi,phi4-mini,0.4868,1.0,0.689367,1.30719,0.3889,1.0,0.22866,0.636943,0.0979,0.0,0.460707,0.670247
iron_heel_001,iron_heel,phi,phi4-mini,0.4736,1.0,0.321633,1.123596,0.276,1.0,0.184,0.0,0.1976,0.0,0.137633,1.123596
iron_heel_002,iron_heel,phi,phi4-mini,0.49545,1.0,0.568556,0.561798,0.0129,1.0,0.08995,0.0,0.48255,0.0,0.478606,0.561798
iron_heel_003,iron_heel,phi,phi4-mini,0.41025,1.0,0.278087,1.219512,0.4355,1.0,0.345525,1.030928,-0.02525,0.0,-0.067438,0.188584
iron_heel_004,iron_heel,phi,phi4-mini,0.41125,1.0,0.25444,0.0,0.4556,1.0,0.238829,0.735294,-0.04435,0.0,0.015611,-0.735294
iron_heel_005,iron_heel,phi,phi4-mini,0.4721,1.0,0.441067,2.380952,0.46765,1.0,0.238125,1.923077,0.00445,0.0,0.202942,0.457875
iron_heel_006,iron_heel,phi,phi4-mini,0.03895,1.0,0.659917,0.574713,0.148,1.0,0.2993,0.0,-0.10905,0.0,0.360617,0.574713
iron_heel_007,iron_heel,phi,phi4-mini,0.38585,1.0,0.260915,2.312139,0.1366,1.0,0.083586,1.140684,0.24925,0.0,0.177329,1.171455
iron_heel_008,iron_heel,phi,phi4-mini,0.47745,1.0,0.380267,0.0,0.28595,1.0,0.202483,0.396825,0.1915,0.0,0.177784,-0.396825
iron_heel_009,iron_heel,phi,phi4-mini,0.3715,1.0,0.121845,3.314917,0.443,1.0,0.128754,0.319489,-0.0715,0.0,-0.006909,2.995428
iron_heel_010,iron_heel,phi,phi4-mini,0.46745,1.0,0.327486,0.657895,0.4078,1.0,0.283533,1.120448,0.05965,0.0,0.043953,-0.462553
iron_heel_011,iron_heel,phi,phi4-mini,0.37595,1.0,0.28287,0.598802,0.1806,1.0,0.204425,0.909091,0.19535,0.0,0.078445,-0.310289
iron_heel_012,iron_heel,phi,phi4-mini,0.2657,1.0,0.2228,0.531915,0.0,1.0,0.0,0.0,0.2657,0.0,0.2228,0.531915
iron_heel_013,iron_heel,phi,phi4-mini,0.3102,1.0,0.27632,2.030457,0.17,1.0,0.179033,0.606061,0.1402,0.0,0.097287,1.424396
iron_heel_014,iron_heel,phi,phi4-mini,0.48525,1.0,0.354433,1.675978,0.2787,1.0,0.294325,0.757576,0.20655,0.0,0.060108,0.918402
iron_heel_015,iron_heel,phi,phi4-mini,0.25,1.0,0.239025,0.0,0.3712,1.0,0.110767,1.269841,-0.1212,0.0,0.128258,-1.269841
iron_heel_016,iron_heel,phi,phi4-mini,0.4464,1.0,0.503233,1.020408,0.20095,1.0,0.177743,1.626016,0.24545,0.0,0.32549,-0.605608
iron_heel_017,iron_heel,phi,phi4-mini,0.49235,1.0,0.654443,0.0,0.451,1.0,0.59345,1.538462,0.04135,0.0,0.060993,-1.538462
iron_heel_018,iron_heel,phi,phi4-mini,0.24535,1.0,0.23474,2.173913,0.19595,1.0,0.143943,1.574803,0.0494,0.0,0.090797,0.59911
iron_heel_019,iron_heel,phi,phi4-mini,0.47795,1.0,0.312123,1.06383,0.3715,1.0,0.149857,0.823045,0.10645,0.0,0.162266,0.240785
iron_heel_020,iron_heel,phi,phi4-mini,0.4871,1.0,0.443936,2.105263,0.38585,1.0,0.357133,1.260504,0.10125,0.0,0.086803,0.844759
iron_heel_021,iron_heel,phi,phi4-mini,0.2467,1.0,0.318017,0.512821,0.44965,1.0,0.461517,0.5,-0.20295,0.0,-0.1435,0.012821
iron_heel_022,iron_heel,phi,phi4-mini,0.11315,1.0,0.3478,0.537634,0.1868,1.0,0.206412,0.35461,-0.07365,0.0,0.141388,0.183024
iron_heel_023,iron_heel,phi,phi4-mini,0.48295,1.0,0.412714,1.470588,0.43765,1.0,0.202,0.793651,0.0453,0.0,0.210714,0.676937
iron_heel_024,iron_heel,phi,phi4-mini,0.05185,1.0,0.340818,1.485149,0.38565,1.0,0.191425,0.749064,-0.3338,0.0,0.149393,0.736085
iron_heel_025,iron_heel,phi,phi4-mini,0.36345,1.0,0.306314,0.689655,0.08805,1.0,0.288487,1.875,0.2754,0.0,0.017827,-1.185345
iron_heel_026,iron_heel,phi,phi4-mini,0.425,1.0,0.1671,0.609756,0.3905,1.0,0.173891,2.016129,0.0345,0.0,-0.006791,-1.406373
iron_heel_027,iron_heel,phi,phi4-mini,0.48705,1.0,0.481629,2.873563,0.3825,1.0,0.141043,0.338983,0.10455,0.0,0.340586,2.53458
iron_heel_028,iron_heel,phi,phi4-mini,0.46155,1.0,0.426062,2.325581,0.3548,1.0,0.29186,0.595238,0.10675,0.0,0.134202,1.730343
iron_heel_029,iron_heel,phi,phi4-mini,0.0386,1.0,0.116677,0.505051,0.148,1.0,0.101967,0.0,-0.1094,0.0,0.01471,0.505051
iron_heel_030,iron_heel,phi,phi4-mini,0.4279,1.0,0.342983,0.5,0.0129,1.0,0.2194,0.684932,0.415,0.0,0.123583,-0.184932
iron_heel_031,iron_heel,phi,phi4-mini,0.2264,1.0,0.268557,1.796407,0.41125,1.0,0.2602,0.7109,-0.18485,0.0,0.008357,1.085507
iron_heel_032,iron_heel,phi,phi4-mini,0.48485,1.0,0.352378,0.0,0.26035,1.0,0.10414,2.202643,0.2245,0.0,0.248238,-2.202643
iron_heel_033,iron_heel,phi,phi4-mini,0.4862,1.0,0.318867,0.502513,0.10115,1.0,0.313917,0.769231,0.38505,0.0,0.00495,-0.266718
iron_heel_034,iron_heel,phi,phi4-mini,0.125,1.0,0.46755,0.75188,0.20095,1.0,0.069533,0.526316,-0.07595,0.0,0.398017,0.225564
iron_heel_035,iron_heel,phi,phi4-mini,0.2193,1.0,0.191453,1.111111,0.28595,1.0,0.271357,1.041667,-0.06665,0.0,-0.079904,0.069444
iron_heel_036,iron_heel,phi,phi4-mini,0.1591,1.0,0.26747,1.129944,0.148,1.0,0.148,0.75188,0.0111,0.0,0.11947,0.378064
iron_heel_037,iron_heel,phi,phi4-mini,0.29975,1.0,0.26493,2.259887,0.3548,1.0,0.39385,1.056338,-0.05505,0.0,-0.12892,1.203549
iron_heel_038,iron_heel,phi,phi4-mini,0.49105,1.0,0.302389,2.824859,0.44035,1.0,0.4858,0.380228,0.0507,0.0,-0.183411,2.444631
iron_heel_039,iron_heel,phi,phi4-mini,0.4822,1.0,0.283022,0.0,0.42775,1.0,0.241514,0.980392,0.05445,0.0,0.041508,-0.980392
iron_heel_040,iron_heel,phi,phi4-mini,0.07155,1.0,0.1533,0.515464,0.064,1.0,0.187512,0.687285,0.00755,0.0,-0.034212,-0.171821
iron_heel_041,iron_heel,phi,phi4-mini,0.4074,1.0,0.42706,1.818182,0.42405,1.0,0.235871,0.974026,-0.01665,0.0,0.191189,0.844156
iron_heel_042,iron_heel,phi,phi4-mini,0.3953,1.0,0.3295,0.0,0.10115,1.0,0.10235,0.492611,0.29415,0.0,0.22715,-0.492611
iron_heel_043,iron_heel,phi,phi4-mini,0.43205,1.0,0.2922,0.0,0.45065,1.0,0.31035,1.030928,-0.0186,0.0,-0.01815,-1.030928
iron_heel_044,iron_heel,phi,phi4-mini,0.3982,1.0,0.24952,1.020408,0.26335,1.0,0.263325,1.937984,0.13485,0.0,-0.013805,-0.917576
iron_heel_045,iron_heel,phi,phi4-mini,0.4745,1.0,0.20103,0.0,0.43895,1.0,0.3179,0.70922,0.03555,0.0,-0.11687,-0.70922
iron_heel_046,iron_heel,phi,phi4-mini,0.463,1.0,0.243444,2.97619,0.148,1.0,0.12366,1.526718,0.315,0.0,0.119784,1.449472
iron_heel_047,iron_heel,phi,phi4-mini,0.4214,1.0,0.31015,3.703704,0.4392,1.0,0.2431,0.982801,-0.0178,0.0,0.06705,2.720903
iron_heel_048,iron_heel,phi,phi4-mini,0.44285,1.0,0.2657,0.0,0.39645,1.0,0.27846,1.158301,0.0464,0.0,-0.01276,-1.158301
iron_heel_049,iron_heel,phi,phi4-mini,0.4252,1.0,0.44739,0.0,0.42955,1.0,0.29096,1.470588,-0.00435,0.0,0.15643,-1.470588
time_machine_000,time_machine,phi,phi4-mini,0.4157,1.0,0.31992,0.540541,0.2294,1.0,0.2099,0.0,0.1863,0.0,0.11002,0.540541
time_machine_001,time_machine,phi,phi4-mini,0.42765,1.0,0.294686,0.526316,0.4037,1.0,0.275425,1.204819,0.02395,0.0,0.019261,-0.678503
time_machine_002,time_machine,phi,phi4-mini,0.33285,1.0,0.185146,0.0,0.4691,1.0,0.340486,1.196172,-0.13625,0.0,-0.15534,-1.196172
time_machine_003,time_machine,phi,phi4-mini,0.15225,1.0,0.239012,0.555556,0.36345,1.0,0.237087,1.305483,-0.2112,0.0,0.001925,-0.749927
time_machine_004,time_machine,phi,phi4-mini,0.44415,1.0,0.383514,1.530612,0.34,1.0,0.067608,0.8,0.10415,0.0,0.315906,0.730612
time_machine_005,time_machine,phi,phi4-mini,0.4814,1.0,0.177757,0.515464,0.24975,1.0,0.23584,1.212121,0.23165,0.0,-0.058083,-0.696657
time_machine_006,time_machine,phi,phi4-mini,0.41665,1.0,0.203845,1.081081,0.35825,1.0,0.2891,2.222222,0.0584,0.0,-0.085255,-1.141141
time_machine_007,time_machine,phi,phi4-mini,0.2117,1.0,0.077911,1.257862,0.25475,1.0,0.128967,0.699301,-0.04305,0.0,-0.051056,0.558561
time_machine_008,time_machine,phi,phi4-mini,0.45895,1.0,0.316231,0.0,0.3062,1.0,0.6124,0.0,0.15275,0.0,-0.296169,0.0
time_machine_009,time_machine,phi,phi4-mini,0.2787,1.0,0.148518,1.734104,0.45585,1.0,0.331467,0.738007,-0.17715,0.0,-0.182949,0.996097
time_machine_010,time_machine,phi,phi4-mini,0.1161,1.0,0.422333,0.520833,0.252,1.0,0.091243,1.086957,-0.1359,0.0,0.33109,-0.566124
time_machine_011,time_machine,phi,phi4-mini,0.20195,1.0,0.101946,0.485437,0.1868,1.0,0.217143,0.0,0.01515,0.0,-0.115197,0.485437
time_machine_012,time_machine,phi,phi4-mini,0.3089,1.0,0.201644,1.183432,0.4061,1.0,0.3,0.485437,-0.0972,0.0,-0.098356,0.697995
time_machine_013,time_machine,phi,phi4-mini,0.27495,1.0,0.230436,0.0,0.455,1.0,0.235429,0.754717,-0.18005,0.0,-0.004993,-0.754717
time_machine_014,time_machine,phi,phi4-mini,0.4015,1.0,0.177912,0.0,0.125,1.0,0.27824,0.967742,0.2765,0.0,-0.100328,-0.967742
time_machine_015,time_machine,phi,phi4-mini,0.49675,1.0,0.513733,1.734104,0.10115,1.0,0.10115,1.515152,0.3956,0.0,0.412583,0.218952
time_machine_016,time_machine,phi,phi4-mini,0.1508,1.0,0.277864,1.578947,0.1582,1.0,0.3164,0.0,-0.0074,0.0,-0.038536,1.578947
time_machine_017,time_machine,phi,phi4-mini,0.2188,1.0,0.318975,1.086957,0.24975,1.0,0.213057,0.591716,-0.03095,0.0,0.105918,0.495241
time_machine_018,time_machine,phi,phi4-mini,0.0871,1.0,0.078992,0.555556,0.38015,1.0,0.185887,0.341297,-0.29305,0.0,-0.106895,0.214259
time_machine_019,time_machine,phi,phi4-mini,0.41495,1.0,0.343293,0.546448,0.4258,1.0,0.23365,0.732601,-0.01085,0.0,0.109643,-0.186153
time_machine_020,time_machine,phi,phi4-mini,0.38075,1.0,0.20965,2.684564,0.07655,1.0,0.246143,0.920245,0.3042,0.0,-0.036493,1.764319
time_machine_021,time_machine,phi,phi4-mini,0.4696,1.0,0.18332,1.04712,0.46625,1.0,0.605767,1.438849,0.00335,0.0,-0.422447,-0.391729
time_machine_022,time_machine,phi,phi4-mini,0.466,1.0,0.119008,1.020408,0.48425,1.0,0.352675,1.09589,-0.01825,0.0,-0.233667,-0.075482
time_machine_023,time_machine,phi,phi4-mini,0.48315,1.0,0.338471,1.030928,0.3982,1.0,0.24795,0.0,0.08495,0.0,0.090521,1.030928
time_machine_024,time_machine,phi,phi4-mini,0.4835,1.0,0.184685,0.0,0.1471,1.0,0.0917,0.0,0.3364,0.0,0.092985,0.0
time_machine_025,time_machine,phi,phi4-mini,0.3753,1.0,0.219225,1.257862,0.42995,1.0,0.174362,0.338983,-0.05465,0.0,0.044863,0.918879
time_machine_026,time_machine,phi,phi4-mini,0.48945,1.0,0.271308,0.438596,0.28595,1.0,0.257125,1.55642,0.2035,0.0,0.014183,-1.117824
time_machine_027,time_machine,phi,phi4-mini,0.47945,1.0,0.217636,1.5625,0.38585,1.0,0.144686,1.438849,0.0936,0.0,0.07295,0.123651
time_machine_028,time_machine,phi,phi4-mini,0.4531,1.0,0.314129,1.273885,0.1909,1.0,0.3818,0.0,0.2622,0.0,-0.067671,1.273885
time_machine_029,time_machine,phi,phi4-mini,0.23105,1.0,0.150458,0.574713,0.4629,1.0,0.269875,0.613497,-0.23185,0.0,-0.119417,-0.038784
time_machine_030,time_machine,phi,phi4-mini,0.43465,1.0,0.283653,0.510204,0.39075,1.0,0.10477,1.060071,0.0439,0.0,0.178883,-0.549867
time_machine_031,time_machine,phi,phi4-mini,0.3548,1.0,0.1418,0.584795,0.3548,1.0,0.376,1.219512,0.0,0.0,-0.2342,-0.634717
time_machine_032,time_machine,phi,phi4-mini,0.22485,1.0,0.242625,0.671141,0.4654,1.0,0.186745,0.546448,-0.24055,0.0,0.05588,0.124693
time_machine_033,time_machine,phi,phi4-mini,0.35995,1.0,0.172656,0.888889,0.2553,1.0,0.135775,0.0,0.10465,0.0,0.036881,0.888889
time_machine_034,time_machine,phi,phi4-mini,0.492,1.0,0.36172,1.724138,0.47015,1.0,0.582567,0.35461,0.02185,0.0,-0.220847,1.369528
time_machine_035,time_machine,phi,phi4-mini,0.4155,1.0,0.423237,0.0,0.4486,1.0,0.312064,1.092896,-0.0331,0.0,0.111173,-1.092896
time_machine_036,time_machine,phi,phi4-mini,0.48675,1.0,0.3684,0.0,0.35035,1.0,0.231067,1.534527,0.1364,0.0,0.137333,-1.534527
time_machine_037,time_machine,phi,phi4-mini,0.26705,1.0,0.299381,0.966184,0.41275,1.0,0.24232,0.869565,-0.1457,0.0,0.057061,0.096619
time_machine_038,time_machine,phi,phi4-mini,0.475,1.0,0.283144,2.01005,0.465,1.0,0.304329,0.0,0.01,0.0,-0.021185,2.01005
time_machine_039,time_machine,phi,phi4-mini,0.44665,1.0,0.37665,1.657459,0.1203,1.0,0.171043,1.052632,0.32635,0.0,0.205607,0.604827
time_machine_040,time_machine,phi,phi4-mini,0.2176,1.0,0.172673,0.621118,0.25465,1.0,0.25465,1.25,-0.03705,0.0,-0.081977,-0.628882
time_machine_041,time_machine,phi,phi4-mini,0.4198,1.0,0.217189,1.578947,0.4526,1.0,0.253362,0.641026,-0.0328,0.0,-0.036173,0.937921
time_machine_042,time_machine,phi,phi4-mini,0.3141,1.0,0.178986,1.428571,0.45555,1.0,0.541175,0.0,-0.14145,0.0,-0.362189,1.428571
time_machine_043,time_machine,phi,phi4-mini,0.3505,1.0,0.4328,1.960784,0.20095,1.0,0.199217,0.0,0.14955,0.0,0.233583,1.960784
time_machine_044,time_machine,phi,phi4-mini,0.38135,1.0,0.162323,1.176471,0.07155,1.0,0.1501,0.310559,0.3098,0.0,0.012223,0.865912
time_machine_045,time_machine,phi,phi4-mini,0.2794,1.0,0.27219,0.529101,0.08895,1.0,0.117825,0.595238,0.19045,0.0,0.154365,-0.066137
time_machine_046,time_machine,phi,phi4-mini,0.48655,1.0,0.260785,0.0,0.27115,1.0,0.14985,0.869565,0.2154,0.0,0.110935,-0.869565
time_machine_047,time_machine,phi,phi4-mini,0.4786,1.0,0.31269,1.648352,0.36315,1.0,0.32792,0.395257,0.11545,0.0,-0.01523,1.253095
time_machine_048,time_machine,phi,phi4-mini,0.3766,1.0,0.247308,0.995025,0.11175,1.0,0.03725,0.684932,0.26485,0.0,0.210058,0.310093
time_machine_049,time_machine,phi,phi4-mini,0.4422,1.0,0.154814,0.520833,0.064,1.0,0.064,1.086957,0.3782,0.0,0.090814,-0.566124
we_000,we,phi,phi4-mini,0.4218,1.0,0.360312,1.775148,0.064,1.0,0.03225,0.613497,0.3578,0.0,0.328062,1.161651
we_001,we,phi,phi4-mini,0.48055,1.0,0.447562,2.116402,0.148,1.0,0.186175,1.195219,0.33255,0.0,0.261387,0.921183
we_002,we,phi,phi4-mini,0.14545,1.0,0.323111,0.529101,0.38585,1.0,0.329533,1.015228,-0.2404,0.0,-0.006422,-0.486127
we_003,we,phi,phi4-mini,0.4674,1.0,0.62114,0.75188,0.45655,1.0,0.300717,0.3125,0.01085,0.0,0.320423,0.43938
we_004,we,phi,phi4-mini,0.35215,1.0,0.317892,2.162162,0.4504,1.0,0.277686,1.403509,-0.09825,0.0,0.040206,0.758653
we_005,we,phi,phi4-mini,0.282,1.0,0.26392,0.564972,0.34435,1.0,0.17724,1.365188,-0.06235,0.0,0.08668,-0.800216
we_006,we,phi,phi4-mini,0.4916,1.0,0.5741,0.0,0.443,1.0,0.195233,0.561798,0.0486,0.0,0.378867,-0.561798
we_007,we,phi,phi4-mini,0.39675,1.0,0.333367,0.0,0.46155,1.0,0.43504,1.010101,-0.0648,0.0,-0.101673,-1.010101
we_008,we,phi,phi4-mini,0.3786,1.0,0.235478,1.538462,0.1242,1.0,0.104737,1.181102,0.2544,0.0,0.130741,0.35736
we_009,we,phi,phi4-mini,0.4832,1.0,0.5621,2.797203,0.29295,1.0,0.110667,1.904762,0.19025,0.0,0.451433,0.892441
we_010,we,phi,phi4-mini,0.23985,1.0,0.12265,3.125,0.3825,1.0,0.418475,0.398406,-0.14265,0.0,-0.295825,2.726594
we_011,we,phi,phi4-mini,0.3434,1.0,0.142275,1.621622,0.1806,1.0,0.046987,0.406504,0.1628,0.0,0.095288,1.215118
we_012,we,phi,phi4-mini,0.4445,1.0,0.3589,2.604167,0.11315,1.0,0.293825,0.574713,0.33135,0.0,0.065075,2.029454
we_013,we,phi,phi4-mini,0.45155,1.0,0.215825,1.807229,0.4473,1.0,0.230836,0.298507,0.00425,0.0,-0.015011,1.508722
we_014,we,phi,phi4-mini,0.143,1.0,0.089954,0.0,0.05135,1.0,0.034233,0.0,0.09165,0.0,0.055721,0.0
we_015,we,phi,phi4-mini,0.0322,1.0,0.116317,1.694915,0.45155,1.0,0.231278,1.29199,-0.41935,0.0,-0.114961,0.402925
we_016,we,phi,phi4-mini,0.3562,1.0,0.3637,0.0,0.11315,1.0,0.33305,0.0,0.24305,0.0,0.03065,0.0
we_017,we,phi,phi4-mini,0.16,1.0,0.19445,2.162162,0.0129,1.0,0.1744,0.775194,0.1471,0.0,0.02005,1.386968
we_018,we,phi,phi4-mini,0.36255,1.0,0.288571,1.098901,0.45455,1.0,0.229837,1.384083,-0.092,0.0,0.058734,-0.285182
we_019,we,phi,phi4-mini,0.4457,1.0,0.44185,0.564972,0.064,1.0,0.127156,0.298507,0.3817,0.0,0.314694,0.266465
we_020,we,phi,phi4-mini,0.1396,1.0,0.18132,1.129944,0.4763,1.0,0.484675,1.04712,-0.3367,0.0,-0.303355,0.082824
we_021,we,phi,phi4-mini,0.1472,1.0,0.193114,1.95122,0.064,1.0,0.09518,0.0,0.0832,0.0,0.097934,1.95122
we_022,we,phi,phi4-mini,0.4526,1.0,0.398875,1.142857,0.35015,1.0,0.23096,1.069519,0.10245,0.0,0.167915,0.073338
we_023,we,phi,phi4-mini,0.0376,1.0,0.312571,1.219512,0.4063,1.0,0.307825,0.0,-0.3687,0.0,0.004746,1.219512
we_024,we,phi,phi4-mini,0.37895,1.0,0.37878,0.574713,0.1909,1.0,0.215675,0.625,0.18805,0.0,0.163105,-0.050287
we_025,we,phi,phi4-mini,0.4416,1.0,0.201743,0.0,0.3715,1.0,0.2741,0.383142,0.0701,0.0,-0.072357,-0.383142
we_026,we,phi,phi4-mini,0.37865,1.0,0.3325,1.136364,0.29015,1.0,0.2106,0.75188,0.0885,0.0,0.1219,0.384484
we_027,we,phi,phi4-mini,0.44335,1.0,0.1935,2.762431,0.125,1.0,0.162171,0.566572,0.31835,0.0,0.031329,2.195859
we_028,we,phi,phi4-mini,0.4624,1.0,0.3019,1.630435,0.4741,1.0,0.312812,1.033592,-0.0117,0.0,-0.010912,0.596843
we_029,we,phi,phi4-mini,0.4871,1.0,0.207023,0.609756,0.1806,1.0,0.351433,1.067616,0.3065,0.0,-0.14441,-0.45786
we_030,we,phi,phi4-mini,0.35015,1.0,0.4286,2.352941,0.4158,1.0,0.315329,1.897019,-0.06565,0.0,0.113271,0.455922
we_031,we,phi,phi4-mini,0.398,1.0,0.218536,0.558659,0.4088,1.0,0.171417,0.716846,-0.0108,0.0,0.047119,-0.158187
we_032,we,phi,phi4-mini,0.0866,1.0,0.213367,1.639344,0.1806,1.0,0.07464,0.0,-0.094,0.0,0.138727,1.639344
we_033,we,phi,phi4-mini,0.4675,1.0,0.17979,1.675978,0.36755,1.0,0.36755,0.657895,0.09995,0.0,-0.18776,1.018083
we_034,we,phi,phi4-mini,0.4323,1.0,0.258362,1.298701,0.35015,1.0,0.18845,0.967742,0.08215,0.0,0.069912,0.330959
we_035,we,phi,phi4-mini,0.2294,1.0,0.236643,4.232804,0.31245,1.0,0.6249,0.0,-0.08305,0.0,-0.388257,4.232804
we_036,we,phi,phi4-mini,0.4881,1.0,0.386925,0.543478,0.43895,1.0,0.33774,0.613497,0.04915,0.0,0.049185,-0.070019
we_037,we,phi,phi4-mini,0.08965,1.0,0.199958,1.507538,0.21645,1.0,0.161325,1.503759,-0.1268,0.0,0.038633,0.003779
we_038,we,phi,phi4-mini,0.367,1.0,0.218625,0.628931,0.3204,1.0,0.26243,0.318471,0.0466,0.0,-0.043805,0.31046
we_039,we,phi,phi4-mini,0.2325,1.0,0.212767,1.948052,0.4559,1.0,0.35236,1.0,-0.2234,0.0,-0.139593,0.948052
we_040,we,phi,phi4-mini,0.4727,1.0,0.226615,0.540541,0.3243,1.0,0.08182,0.398406,0.1484,0.0,0.144795,0.142135
we_041,we,phi,phi4-mini,0.49225,1.0,0.632825,1.242236,0.47985,1.0,0.323771,0.726392,0.0124,0.0,0.309054,0.515844
we_042,we,phi,phi4-mini,0.48,1.0,0.31222,0.571429,0.25465,1.0,0.27405,0.346021,0.22535,0.0,0.03817,0.225408
we_043,we,phi,phi4-mini,0.45995,1.0,0.13,0.571429,0.36345,1.0,0.308267,0.3861,0.0965,0.0,-0.178267,0.185329
we_044,we,phi,phi4-mini,0.31265,1.0,0.106611,0.52356,0.4422,1.0,0.183062,0.75188,-0.12955,0.0,-0.076451,-0.22832
we_045,we,phi,phi4-mini,0.47465,1.0,0.530783,5.063291,0.3548,1.0,0.258778,0.359712,0.11985,0.0,0.272005,4.703579
we_046,we,phi,phi4-mini,0.49105,1.0,0.380878,2.116402,0.4365,1.0,0.25845,1.098901,0.05455,0.0,0.122428,1.017501
we_047,we,phi,phi4-mini,0.3609,1.0,0.500383,0.0,0.46075,1.0,0.187291,1.477833,-0.09985,0.0,0.313092,-1.477833
we_048,we,phi,phi4-mini,0.12165,1.0,0.403045,2.185792,0.41265,1.0,0.270367,1.381215,-0.291,0.0,0.132678,0.804577
we_049,we,phi,phi4-mini,0.25635,1.0,0.276486,0.546448,0.35625,1.0,0.239171,0.729927,-0.0999,0.0,0.037315,-0.183479
1984_000,1984,qwen,qwen2.5:14b,0.16565,1.0,0.2849,0.621118,0.1806,1.0,0.655725,2.189781,-0.01495,0.0,-0.370825,-1.568663
1984_001,1984,qwen,qwen2.5:14b,0.25465,1.0,0.250308,2.941176,0.45765,1.0,0.44155,3.875969,-0.203,0.0,-0.191242,-0.934793
1984_002,1984,qwen,qwen2.5:14b,0.1423,1.0,0.224067,0.595238,0.46845,1.0,0.491925,2.439024,-0.32615,0.0,-0.267858,-1.843786
1984_003,1984,qwen,qwen2.5:14b,0.4488,1.0,0.40975,1.785714,0.47975,1.0,0.5697,0.787402,-0.03095,0.0,-0.15995,0.998312
1984_004,1984,qwen,qwen2.5:14b,0.43145,1.0,0.299367,2.906977,0.4593,1.0,0.4243,0.819672,-0.02785,0.0,-0.124933,2.087305
1984_005,1984,qwen,qwen2.5:14b,0.15205,1.0,0.27796,0.628931,0.42555,1.0,0.35345,1.574803,-0.2735,0.0,-0.07549,-0.945872
1984_006,1984,qwen,qwen2.5:14b,0.40125,1.0,0.3417,0.662252,0.47885,1.0,0.552325,2.5,-0.0776,0.0,-0.210625,-1.837748
1984_007,1984,qwen,qwen2.5:14b,0.4789,1.0,0.40302,1.219512,0.1673,1.0,0.333775,0.806452,0.3116,0.0,0.069245,0.41306
1984_008,1984,qwen,qwen2.5:14b,0.237,1.0,0.097408,2.777778,0.29295,1.0,0.220133,3.191489,-0.05595,0.0,-0.122725,-0.413711
1984_009,1984,qwen,qwen2.5:14b,0.4648,1.0,0.368046,0.60241,0.43895,1.0,0.3607,1.694915,0.02585,0.0,0.007346,-1.092505
1984_010,1984,qwen,qwen2.5:14b,0.3208,1.0,0.33515,1.30719,0.46965,1.0,0.388625,3.478261,-0.14885,0.0,-0.053475,-2.171071
1984_011,1984,qwen,qwen2.5:14b,0.4201,1.0,0.293611,0.598802,0.4806,1.0,0.710375,2.34375,-0.0605,0.0,-0.416764,-1.744948
1984_012,1984,qwen,qwen2.5:14b,0.2851,1.0,0.381643,1.388889,0.32985,1.0,0.459675,0.943396,-0.04475,0.0,-0.078032,0.445493
1984_013,1984,qwen,qwen2.5:14b,0.43825,1.0,0.20112,1.067616,0.38935,1.0,0.3442,1.123596,0.0489,0.0,-0.14308,-0.05598
1984_014,1984,qwen,qwen2.5:14b,0.4732,1.0,0.425756,1.685393,0.26335,1.0,0.41805,2.803738,0.20985,0.0,0.007706,-1.118345
1984_015,1984,qwen,qwen2.5:14b,0.49345,1.0,0.429029,0.632911,0.4593,1.0,0.363025,2.777778,0.03415,0.0,0.066004,-2.144867
1984_016,1984,qwen,qwen2.5:14b,0.3527,1.0,0.631667,0.746269,0.0129,1.0,0.2562,2.752294,0.3398,0.0,0.375467,-2.006025
1984_017,1984,qwen,qwen2.5:14b,0.4088,1.0,0.553457,1.212121,0.24795,1.0,0.322225,2.5,0.16085,0.0,0.231232,-1.287879
1984_018,1984,qwen,qwen2.5:14b,0.41205,1.0,0.369417,1.459854,0.455,1.0,0.573167,2.150538,-0.04295,0.0,-0.20375,-0.690684
1984_019,1984,qwen,qwen2.5:14b,0.4883,1.0,0.63075,1.25,0.47465,1.0,0.475325,0.0,0.01365,0.0,0.155425,1.25
1984_020,1984,qwen,qwen2.5:14b,0.34795,1.0,0.372029,0.632911,0.48005,1.0,0.669725,0.826446,-0.1321,0.0,-0.297696,-0.193535
1984_021,1984,qwen,qwen2.5:14b,0.4531,1.0,0.225125,1.169591,0.2339,1.0,0.2731,1.41844,0.2192,0.0,-0.047975,-0.248849
1984_022,1984,qwen,qwen2.5:14b,0.2761,1.0,0.280629,0.694444,0.4806,1.0,0.619375,1.37931,-0.2045,0.0,-0.338746,-0.684866
1984_023,1984,qwen,qwen2.5:14b,0.4359,1.0,0.37002,0.0,0.47285,1.0,0.661867,2.970297,-0.03695,0.0,-0.291847,-2.970297
1984_024,1984,qwen,qwen2.5:14b,0.0147,1.0,0.363529,0.0,0.17,1.0,0.144467,3.669725,-0.1553,0.0,0.219062,-3.669725
1984_025,1984,qwen,qwen2.5:14b,0.377,1.0,0.1961,2.312139,0.4798,1.0,0.7159,3.571429,-0.1028,0.0,-0.5198,-1.25929
1984_026,1984,qwen,qwen2.5:14b,0.2294,1.0,0.17078,2.5,0.23835,1.0,0.4121,2.247191,-0.00895,0.0,-0.24132,0.252809
1984_027,1984,qwen,qwen2.5:14b,0.4221,1.0,0.3628,0.0,0.47505,1.0,0.51155,1.73913,-0.05295,0.0,-0.14875,-1.73913
1984_028,1984,qwen,qwen2.5:14b,0.2427,1.0,0.514233,1.360544,0.39005,1.0,0.4703,1.190476,-0.14735,0.0,0.043933,0.170068
1984_029,1984,qwen,qwen2.5:14b,0.29735,1.0,0.3478,0.666667,0.35275,1.0,0.438667,2.816901,-0.0554,0.0,-0.090867,-2.150234
1984_030,1984,qwen,qwen2.5:14b,0.4638,1.0,0.3258,1.242236,0.2787,1.0,0.4188,2.721088,0.1851,0.0,-0.093,-1.478852
1984_031,1984,qwen,qwen2.5:14b,0.48315,1.0,0.273244,1.273885,0.4495,1.0,0.374125,0.0,0.03365,0.0,-0.100881,1.273885
1984_032,1984,qwen,qwen2.5:14b,0.42865,1.0,0.313367,0.574713,0.45845,1.0,0.384725,2.380952,-0.0298,0.0,-0.071358,-1.806239
1984_033,1984,qwen,qwen2.5:14b,0.0497,1.0,0.322337,1.724138,0.4221,1.0,0.3591,1.37931,-0.3724,0.0,-0.036763,0.344828
1984_034,1984,qwen,qwen2.5:14b,0.46085,1.0,0.288325,3.184713,0.468,1.0,0.38732,1.550388,-0.00715,0.0,-0.098995,1.634325
1984_035,1984,qwen,qwen2.5:14b,0.4637,1.0,0.7326,0.0,0.48545,1.0,0.5442,0.0,-0.02175,0.0,0.1884,0.0
1984_036,1984,qwen,qwen2.5:14b,0.07655,1.0,0.201283,1.273885,0.44425,1.0,0.55015,0.806452,-0.3677,0.0,-0.348867,0.467433
1984_037,1984,qwen,qwen2.5:14b,0.30515,1.0,0.427157,3.75,0.4919,1.0,0.52035,1.886792,-0.18675,0.0,-0.093193,1.863208
1984_038,1984,qwen,qwen2.5:14b,0.1628,1.0,0.465817,1.818182,0.0386,1.0,0.3619,0.877193,0.1242,0.0,0.103917,0.940989
1984_039,1984,qwen,qwen2.5:14b,0.2418,1.0,0.19589,1.438849,0.4844,1.0,0.53015,2.380952,-0.2426,0.0,-0.33426,-0.942103
1984_040,1984,qwen,qwen2.5:14b,0.2495,1.0,0.492283,2.906977,0.3953,1.0,0.520967,2.542373,-0.1458,0.0,-0.028684,0.364604
1984_041,1984,qwen,qwen2.5:14b,0.288,1.0,0.36742,2.531646,0.4664,1.0,0.6229,1.030928,-0.1784,0.0,-0.25548,1.500718
1984_042,1984,qwen,qwen2.5:14b,0.2294,1.0,0.299229,0.657895,0.4552,1.0,0.546925,0.735294,-0.2258,0.0,-0.247696,-0.077399
1984_043,1984,qwen,qwen2.5:14b,0.46585,1.0,0.268864,1.169591,0.39865,1.0,0.542433,4.347826,0.0672,0.0,-0.273569,-3.178235
1984_044,1984,qwen,qwen2.5:14b,0.47525,1.0,0.26716,0.609756,0.36755,1.0,0.4077,1.980198,0.1077,0.0,-0.14054,-1.370442
1984_045,1984,qwen,qwen2.5:14b,0.2954,1.0,0.21908,1.587302,0.3679,1.0,0.452633,1.020408,-0.0725,0.0,-0.233553,0.566894
1984_046,1984,qwen,qwen2.5:14b,0.409,1.0,0.155987,2.197802,0.44785,1.0,0.43195,2.222222,-0.03885,0.0,-0.275963,-0.02442
1984_047,1984,qwen,qwen2.5:14b,0.45905,1.0,0.359314,3.184713,0.16485,1.0,0.3845,2.941176,0.2942,0.0,-0.025186,0.243537
1984_048,1984,qwen,qwen2.5:14b,0.19945,1.0,0.072536,1.176471,0.42455,1.0,0.432625,2.702703,-0.2251,0.0,-0.360089,-1.526232
1984_049,1984,qwen,qwen2.5:14b,0.4125,1.0,0.29622,1.630435,0.3454,1.0,0.4916,3.797468,0.0671,0.0,-0.19538,-2.167033
animal_farm_000,animal_farm,qwen,qwen2.5:14b,0.3633,1.0,0.302467,1.351351,0.3938,1.0,0.5567,2.142857,-0.0305,0.0,-0.254233,-0.791506
animal_farm_001,animal_farm,qwen,qwen2.5:14b,0.41815,1.0,0.23958,1.851852,0.17,1.0,0.3203,0.934579,0.24815,0.0,-0.08072,0.917273
animal_farm_002,animal_farm,qwen,qwen2.5:14b,0.2998,1.0,0.25226,0.662252,0.34975,1.0,0.355925,2.12766,-0.04995,0.0,-0.103665,-1.465408
animal_farm_003,animal_farm,qwen,qwen2.5:14b,0.40965,1.0,0.402725,1.156069,0.10115,1.0,0.603733,0.952381,0.3085,0.0,-0.201008,0.203688
animal_farm_004,animal_farm,qwen,qwen2.5:14b,0.4589,1.0,0.292843,1.986755,0.4945,1.0,0.847433,0.78125,-0.0356,0.0,-0.55459,1.205505
animal_farm_005,animal_farm,qwen,qwen2.5:14b,0.45765,1.0,0.226278,0.632911,0.4455,1.0,0.430333,4.494382,0.01215,0.0,-0.204055,-3.861471
animal_farm_006,animal_farm,qwen,qwen2.5:14b,0.4716,1.0,0.374914,1.142857,0.31245,1.0,0.51722,2.205882,0.15915,0.0,-0.142306,-1.063025
animal_farm_007,animal_farm,qwen,qwen2.5:14b,0.13085,1.0,0.57775,0.621118,0.37935,1.0,0.41755,1.41844,-0.2485,0.0,0.1602,-0.797322
animal_farm_008,animal_farm,qwen,qwen2.5:14b,0.20095,1.0,0.1855,0.729927,0.36345,1.0,0.348167,3.448276,-0.1625,0.0,-0.162667,-2.718349
animal_farm_009,animal_farm,qwen,qwen2.5:14b,0.4341,1.0,0.2049,0.606061,0.4389,1.0,0.634567,0.909091,-0.0048,0.0,-0.429667,-0.30303
animal_farm_010,animal_farm,qwen,qwen2.5:14b,0.4612,1.0,0.36578,2.531646,0.43445,1.0,0.457533,2.654867,0.02675,0.0,-0.091753,-0.123221
animal_farm_011,animal_farm,qwen,qwen2.5:14b,0.2284,1.0,0.17428,2.040816,0.01085,1.0,0.229475,0.892857,0.21755,0.0,-0.055195,1.147959
animal_farm_012,animal_farm,qwen,qwen2.5:14b,0.49335,1.0,0.380943,0.0,0.4856,1.0,0.645575,1.666667,0.00775,0.0,-0.264632,-1.666667
animal_farm_013,animal_farm,qwen,qwen2.5:14b,0.4734,1.0,0.46387,0.689655,0.465,1.0,0.472725,3.333333,0.0084,0.0,-0.008855,-2.643678
animal_farm_014,animal_farm,qwen,qwen2.5:14b,0.46585,1.0,0.468175,2.112676,0.46945,1.0,0.4136,3.488372,-0.0036,0.0,0.054575,-1.375696
animal_farm_015,animal_farm,qwen,qwen2.5:14b,0.4217,1.0,0.4105,1.459854,0.3715,1.0,0.469567,0.0,0.0502,0.0,-0.059067,1.459854
animal_farm_016,animal_farm,qwen,qwen2.5:14b,0.0386,1.0,0.239917,0.60241,0.4037,1.0,0.545125,1.818182,-0.3651,0.0,-0.305208,-1.215772
animal_farm_017,animal_farm,qwen,qwen2.5:14b,0.38075,1.0,0.257522,1.724138,0.23835,1.0,0.241625,0.75188,0.1424,0.0,0.015897,0.972258
animal_farm_018,animal_farm,qwen,qwen2.5:14b,0.23835,1.0,0.175975,0.662252,0.23835,1.0,0.304367,4.807692,0.0,0.0,-0.128392,-4.14544
animal_farm_019,animal_farm,qwen,qwen2.5:14b,0.35885,1.0,0.403087,0.0,0.48995,1.0,0.740325,5.825243,-0.1311,0.0,-0.337238,-5.825243
animal_farm_020,animal_farm,qwen,qwen2.5:14b,0.3592,1.0,0.2949,0.598802,0.1423,1.0,0.39475,0.0,0.2169,0.0,-0.09985,0.598802
animal_farm_021,animal_farm,qwen,qwen2.5:14b,0.46855,1.0,0.294,1.360544,0.418,1.0,0.475025,0.819672,0.05055,0.0,-0.181025,0.540872
animal_farm_022,animal_farm,qwen,qwen2.5:14b,0.4583,1.0,0.112707,0.0,0.33915,1.0,0.425467,3.478261,0.11915,0.0,-0.31276,-3.478261
animal_farm_023,animal_farm,qwen,qwen2.5:14b,0.34915,1.0,0.203444,1.388889,0.43445,1.0,0.4177,0.757576,-0.0853,0.0,-0.214256,0.631313
animal_farm_024,animal_farm,qwen,qwen2.5:14b,0.4746,1.0,0.439433,2.040816,0.09335,1.0,0.3516,2.222222,0.38125,0.0,0.087833,-0.181406
animal_farm_025,animal_farm,qwen,qwen2.5:14b,0.1806,1.0,0.093975,1.829268,0.24695,1.0,0.243725,2.631579,-0.06635,0.0,-0.14975,-0.802311
animal_farm_026,animal_farm,qwen,qwen2.5:14b,0.3951,1.0,0.319533,2.424242,0.26335,1.0,0.336325,3.333333,0.13175,0.0,-0.016792,-0.909091
animal_farm_027,animal_farm,qwen,qwen2.5:14b,0.3548,1.0,0.26227,0.0,0.45005,1.0,0.550975,2.325581,-0.09525,0.0,-0.288705,-2.325581
animal_farm_028,animal_farm,qwen,qwen2.5:14b,0.2353,1.0,0.189912,1.041667,0.2215,1.0,0.223525,1.941748,0.0138,0.0,-0.033613,-0.900081
animal_farm_029,animal_farm,qwen,qwen2.5:14b,0.418,1.0,0.3908,1.212121,0.46745,1.0,0.602767,3.191489,-0.04945,0.0,-0.211967,-1.979368
animal_farm_030,animal_farm,qwen,qwen2.5:14b,0.19695,1.0,0.188825,0.606061,0.41125,1.0,0.463233,0.909091,-0.2143,0.0,-0.274408,-0.30303
animal_farm_031,animal_farm,qwen,qwen2.5:14b,0.1909,0.0,0.3818,0.0,0.28595,1.0,0.23148,1.923077,-0.09505,-1.0,0.15032,-1.923077
animal_farm_032,animal_farm,qwen,qwen2.5:14b,0.2981,1.0,0.259343,0.0,0.4561,1.0,0.548,1.960784,-0.158,0.0,-0.288657,-1.960784
animal_farm_033,animal_farm,qwen,qwen2.5:14b,0.1911,1.0,0.478689,2.409639,0.1858,1.0,0.3565,3.0,0.0053,0.0,0.122189,-0.590361
animal_farm_034,animal_farm,qwen,qwen2.5:14b,0.28945,1.0,0.401767,0.0,0.418,1.0,0.6692,0.0,-0.12855,0.0,-0.267433,0.0
animal_farm_035,animal_farm,qwen,qwen2.5:14b,0.17635,1.0,0.127155,0.0,0.436,1.0,0.358825,1.626016,-0.25965,0.0,-0.23167,-1.626016
animal_farm_036,animal_farm,qwen,qwen2.5:14b,0.4847,1.0,0.390089,0.0,0.48875,1.0,0.624375,0.78125,-0.00405,0.0,-0.234286,-0.78125
animal_farm_037,animal_farm,qwen,qwen2.5:14b,0.31845,1.0,0.43964,0.60241,0.49245,1.0,0.7894,0.0,-0.174,0.0,-0.34976,0.60241
animal_farm_038,animal_farm,qwen,qwen2.5:14b,0.4211,1.0,0.3572,0.595238,0.12385,1.0,0.406567,1.904762,0.29725,0.0,-0.049367,-1.309524
animal_farm_039,animal_farm,qwen,qwen2.5:14b,0.34965,1.0,0.35226,0.558659,0.46565,1.0,0.467425,0.847458,-0.116,0.0,-0.115165,-0.288799
animal_farm_040,animal_farm,qwen,qwen2.5:14b,0.4902,1.0,0.49825,0.584795,0.40305,1.0,0.615267,0.0,0.08715,0.0,-0.117017,0.584795
animal_farm_041,animal_farm,qwen,qwen2.5:14b,0.20155,1.0,0.40464,1.923077,0.3849,1.0,0.361567,0.909091,-0.18335,0.0,0.043073,1.013986
animal_farm_042,animal_farm,qwen,qwen2.5:14b,0.46965,1.0,0.438333,0.632911,0.468,1.0,0.46165,0.769231,0.00165,0.0,-0.023317,-0.13632
animal_farm_043,animal_farm,qwen,qwen2.5:14b,0.4762,1.0,0.49616,0.0,0.4913,1.0,0.717367,1.020408,-0.0151,0.0,-0.221207,-1.020408
animal_farm_044,animal_farm,qwen,qwen2.5:14b,0.4158,1.0,0.22798,0.0,0.38075,1.0,0.3705,0.757576,0.03505,0.0,-0.14252,-0.757576
animal_farm_045,animal_farm,qwen,qwen2.5:14b,0.4603,1.0,0.276929,0.613497,0.4876,1.0,0.680725,0.0,-0.0273,0.0,-0.403796,0.613497
animal_farm_046,animal_farm,qwen,qwen2.5:14b,0.4683,1.0,0.23666,1.219512,0.4643,1.0,0.69085,0.917431,0.004,0.0,-0.45419,0.302081
animal_farm_047,animal_farm,qwen,qwen2.5:14b,0.2294,1.0,0.334571,0.0,0.4531,1.0,0.777467,0.0,-0.2237,0.0,-0.442896,0.0
animal_farm_048,animal_farm,qwen,qwen2.5:14b,0.3592,1.0,0.328483,1.818182,0.29295,1.0,0.48165,1.801802,0.06625,0.0,-0.153167,0.01638
animal_farm_049,animal_farm,qwen,qwen2.5:14b,0.4531,1.0,0.29918,0.671141,0.36755,1.0,0.533033,1.626016,0.08555,0.0,-0.233853,-0.954875
fahrenheit_000,fahrenheit,qwen,qwen2.5:14b,0.4662,1.0,0.30654,0.561798,0.44035,1.0,0.473425,2.877698,0.02585,0.0,-0.166885,-2.3159
fahrenheit_001,fahrenheit,qwen,qwen2.5:14b,0.4228,1.0,0.16605,1.129944,0.45845,1.0,0.42535,5.6,-0.03565,0.0,-0.2593,-4.470056
fahrenheit_002,fahrenheit,qwen,qwen2.5:14b,0.44415,1.0,0.106092,1.075269,0.47065,1.0,0.4758,4.347826,-0.0265,0.0,-0.369708,-3.272557
fahrenheit_003,fahrenheit,qwen,qwen2.5:14b,0.04425,1.0,0.242708,2.259887,0.4455,1.0,0.55275,2.4,-0.40125,0.0,-0.310042,-0.140113
fahrenheit_004,fahrenheit,qwen,qwen2.5:14b,0.4729,1.0,0.413967,0.684932,0.31845,1.0,0.2123,4.040404,0.15445,0.0,0.201667,-3.355472
fahrenheit_005,fahrenheit,qwen,qwen2.5:14b,0.38195,1.0,0.186277,1.807229,0.35015,1.0,0.561233,1.123596,0.0318,0.0,-0.374956,0.683633
fahrenheit_006,fahrenheit,qwen,qwen2.5:14b,0.29295,1.0,0.107536,0.537634,0.41355,1.0,0.509975,1.869159,-0.1206,0.0,-0.402439,-1.331525
fahrenheit_007,fahrenheit,qwen,qwen2.5:14b,0.47985,1.0,0.39804,2.205882,0.4559,1.0,0.5377,5.208333,0.02395,0.0,-0.13966,-3.002451
fahrenheit_008,fahrenheit,qwen,qwen2.5:14b,0.4423,1.0,0.144028,0.515464,0.4739,1.0,0.576975,1.626016,-0.0316,0.0,-0.432947,-1.110552
fahrenheit_009,fahrenheit,qwen,qwen2.5:14b,0.3716,1.0,0.375525,1.183432,0.4169,1.0,0.52595,1.639344,-0.0453,0.0,-0.150425,-0.455912
fahrenheit_010,fahrenheit,qwen,qwen2.5:14b,0.28235,1.0,0.4117,0.787402,0.2427,1.0,0.404867,1.869159,0.03965,0.0,0.006833,-1.081757
fahrenheit_011,fahrenheit,qwen,qwen2.5:14b,0.1174,1.0,0.4106,1.875,0.42825,1.0,0.434375,4.237288,-0.31085,0.0,-0.023775,-2.362288
fahrenheit_012,fahrenheit,qwen,qwen2.5:14b,0.4482,1.0,0.109964,0.549451,0.41415,1.0,0.561125,3.355705,0.03405,0.0,-0.451161,-2.806254
fahrenheit_013,fahrenheit,qwen,qwen2.5:14b,0.4781,1.0,0.411827,0.0,0.24695,1.0,0.34915,0.961538,0.23115,0.0,0.062677,-0.961538
fahrenheit_014,fahrenheit,qwen,qwen2.5:14b,0.42405,1.0,0.231443,0.0,0.3243,1.0,0.5724,3.076923,0.09975,0.0,-0.340957,-3.076923
fahrenheit_015,fahrenheit,qwen,qwen2.5:14b,0.46365,1.0,0.42845,1.369863,0.47465,1.0,0.506925,2.459016,-0.011,0.0,-0.078475,-1.089153
fahrenheit_016,fahrenheit,qwen,qwen2.5:14b,0.479,1.0,0.075978,1.826484,0.42525,1.0,0.421433,4.123711,0.05375,0.0,-0.345455,-2.297227
fahrenheit_017,fahrenheit,qwen,qwen2.5:14b,0.2151,1.0,0.244615,1.630435,0.42595,1.0,0.4095,3.174603,-0.21085,0.0,-0.164885,-1.544168
fahrenheit_018,fahrenheit,qwen,qwen2.5:14b,0.45435,1.0,0.281825,0.546448,0.4838,1.0,0.57015,0.680272,-0.02945,0.0,-0.288325,-0.133824
fahrenheit_019,fahrenheit,qwen,qwen2.5:14b,0.4337,1.0,0.253815,0.591716,0.4037,1.0,0.816833,2.884615,0.03,0.0,-0.563018,-2.292899
fahrenheit_020,fahrenheit,qwen,qwen2.5:14b,0.4763,1.0,0.407267,0.0,0.48615,1.0,0.686567,4.0,-0.00985,0.0,-0.2793,-4.0
fahrenheit_021,fahrenheit,qwen,qwen2.5:14b,0.24955,1.0,0.318736,1.5625,0.4158,1.0,0.39915,2.631579,-0.16625,0.0,-0.080414,-1.069079
fahrenheit_022,fahrenheit,qwen,qwen2.5:14b,0.3671,1.0,0.169571,1.449275,0.4017,1.0,0.5689,3.361345,-0.0346,0.0,-0.399329,-1.91207
fahrenheit_023,fahrenheit,qwen,qwen2.5:14b,0.3508,1.0,0.249633,1.234568,0.32985,1.0,0.496,1.492537,0.02095,0.0,-0.246367,-0.257969
fahrenheit_024,fahrenheit,qwen,qwen2.5:14b,0.12405,1.0,0.229833,2.12766,0.32985,1.0,0.2672,2.608696,-0.2058,0.0,-0.037367,-0.481036
fahrenheit_025,fahrenheit,qwen,qwen2.5:14b,0.3286,1.0,0.24165,0.0,0.4037,1.0,0.630567,2.803738,-0.0751,0.0,-0.388917,-2.803738
fahrenheit_026,fahrenheit,qwen,qwen2.5:14b,0.42465,1.0,0.217309,0.0,0.4037,1.0,0.388,2.173913,0.02095,0.0,-0.170691,-2.173913
fahrenheit_027,fahrenheit,qwen,qwen2.5:14b,0.4572,1.0,0.320042,3.067485,0.4822,1.0,0.550675,5.30303,-0.025,0.0,-0.230633,-2.235545
fahrenheit_028,fahrenheit,qwen,qwen2.5:14b,0.0258,1.0,0.343667,2.068966,0.33525,1.0,0.4356,3.296703,-0.30945,0.0,-0.091933,-1.227737
fahrenheit_029,fahrenheit,qwen,qwen2.5:14b,0.17,1.0,0.34,0.990099,0.21075,1.0,0.4147,2.040816,-0.04075,0.0,-0.0747,-1.050717
fahrenheit_030,fahrenheit,qwen,qwen2.5:14b,0.4403,1.0,0.397075,0.606061,0.46005,1.0,0.391,1.948052,-0.01975,0.0,0.006075,-1.341991
fahrenheit_031,fahrenheit,qwen,qwen2.5:14b,0.42595,1.0,0.124433,1.212121,0.4769,1.0,0.625633,2.912621,-0.05095,0.0,-0.5012,-1.7005
fahrenheit_032,fahrenheit,qwen,qwen2.5:14b,0.33225,1.0,0.254382,0.0,0.0129,1.0,0.766233,1.869159,0.31935,0.0,-0.511851,-1.869159
fahrenheit_033,fahrenheit,qwen,qwen2.5:14b,0.366,1.0,0.33338,0.0,0.1591,1.0,0.205667,0.8,0.2069,0.0,0.127713,-0.8
fahrenheit_034,fahrenheit,qwen,qwen2.5:14b,0.27885,1.0,0.104221,2.197802,0.476,1.0,0.564925,2.325581,-0.19715,0.0,-0.460704,-0.127779
fahrenheit_035,fahrenheit,qwen,qwen2.5:14b,0.3454,1.0,0.29238,0.719424,0.3903,1.0,0.380667,1.041667,-0.0449,0.0,-0.088287,-0.322243
fahrenheit_036,fahrenheit,qwen,qwen2.5:14b,0.49045,1.0,0.326982,1.604278,0.49115,1.0,0.6062,2.112676,-0.0007,0.0,-0.279218,-0.508398
fahrenheit_037,fahrenheit,qwen,qwen2.5:14b,0.44545,1.0,0.46131,0.0,0.09505,1.0,0.212475,2.238806,0.3504,0.0,0.248835,-2.238806
fahrenheit_038,fahrenheit,qwen,qwen2.5:14b,0.40475,1.0,0.115533,0.0,0.47015,1.0,0.461125,1.470588,-0.0654,0.0,-0.345592,-1.470588
fahrenheit_039,fahrenheit,qwen,qwen2.5:14b,0.4245,1.0,0.203682,0.578035,0.3243,1.0,0.2329,1.834862,0.1002,0.0,-0.029218,-1.256827
fahrenheit_040,fahrenheit,qwen,qwen2.5:14b,0.47775,1.0,0.184289,2.339181,0.3404,1.0,0.6276,0.75188,0.13735,0.0,-0.443311,1.587301
fahrenheit_041,fahrenheit,qwen,qwen2.5:14b,0.4231,1.0,0.193054,0.0,0.3548,1.0,0.547733,3.658537,0.0683,0.0,-0.354679,-3.658537
fahrenheit_042,fahrenheit,qwen,qwen2.5:14b,0.42075,1.0,0.169378,0.0,0.10645,1.0,0.102133,2.040816,0.3143,0.0,0.067245,-2.040816
fahrenheit_043,fahrenheit,qwen,qwen2.5:14b,0.15355,1.0,0.123146,0.0,0.2553,1.0,0.320567,2.040816,-0.10175,0.0,-0.197421,-2.040816
fahrenheit_044,fahrenheit,qwen,qwen2.5:14b,0.47235,1.0,0.200978,2.068966,0.4531,1.0,0.619675,4.615385,0.01925,0.0,-0.418697,-2.546419
fahrenheit_045,fahrenheit,qwen,qwen2.5:14b,0.48445,1.0,0.160853,0.502513,0.443,1.0,0.39165,2.439024,0.04145,0.0,-0.230797,-1.936511
fahrenheit_046,fahrenheit,qwen,qwen2.5:14b,0.48995,1.0,0.292353,1.570681,0.37895,1.0,0.360525,3.703704,0.111,0.0,-0.068172,-2.133023
fahrenheit_047,fahrenheit,qwen,qwen2.5:14b,0.4791,1.0,0.34409,0.0,0.47465,1.0,0.595233,5.607477,0.00445,0.0,-0.251143,-5.607477
fahrenheit_048,fahrenheit,qwen,qwen2.5:14b,0.4268,1.0,0.188,2.564103,0.0,1.0,0.2057,5.30303,0.4268,0.0,-0.0177,-2.738927
fahrenheit_049,fahrenheit,qwen,qwen2.5:14b,0.357,1.0,0.6983,0.0,0.4455,1.0,0.4746,2.173913,-0.0885,0.0,0.2237,-2.173913
iron_heel_000,iron_heel,qwen,qwen2.5:14b,0.4868,1.0,0.689367,1.30719,0.4843,1.0,0.504925,1.769912,0.0025,0.0,0.184442,-0.462722
iron_heel_001,iron_heel,qwen,qwen2.5:14b,0.4736,1.0,0.321633,1.123596,0.46855,1.0,0.6612,3.921569,0.00505,0.0,-0.339567,-2.797973
iron_heel_002,iron_heel,qwen,qwen2.5:14b,0.49545,1.0,0.568556,0.561798,0.1806,1.0,0.5023,2.5,0.31485,0.0,0.066256,-1.938202
iron_heel_003,iron_heel,qwen,qwen2.5:14b,0.41025,1.0,0.278087,1.219512,0.3062,1.0,0.448925,0.970874,0.10405,0.0,-0.170838,0.248638
iron_heel_004,iron_heel,qwen,qwen2.5:14b,0.41125,1.0,0.25444,0.0,0.25845,1.0,0.48415,2.173913,0.1528,0.0,-0.22971,-2.173913
iron_heel_005,iron_heel,qwen,qwen2.5:14b,0.4721,1.0,0.441067,2.380952,0.3753,1.0,0.350967,4.255319,0.0968,0.0,0.0901,-1.874367
iron_heel_006,iron_heel,qwen,qwen2.5:14b,0.03895,1.0,0.659917,0.574713,0.4841,1.0,0.548425,1.980198,-0.44515,0.0,0.111492,-1.405485
iron_heel_007,iron_heel,qwen,qwen2.5:14b,0.38585,1.0,0.260915,2.312139,0.47255,1.0,0.692467,1.010101,-0.0867,0.0,-0.431552,1.302038
iron_heel_008,iron_heel,qwen,qwen2.5:14b,0.47745,1.0,0.380267,0.0,0.41275,1.0,0.521,0.0,0.0647,0.0,-0.140733,0.0
iron_heel_009,iron_heel,qwen,qwen2.5:14b,0.3715,1.0,0.121845,3.314917,0.29295,1.0,0.17255,4.424779,0.07855,0.0,-0.050705,-1.109862
iron_heel_010,iron_heel,qwen,qwen2.5:14b,0.46745,1.0,0.327486,0.657895,0.33755,1.0,0.353575,0.793651,0.1299,0.0,-0.026089,-0.135756
iron_heel_011,iron_heel,qwen,qwen2.5:14b,0.37595,1.0,0.28287,0.598802,0.4012,1.0,0.3038,2.479339,-0.02525,0.0,-0.02093,-1.880537
iron_heel_012,iron_heel,qwen,qwen2.5:14b,0.2657,1.0,0.2228,0.531915,0.43125,1.0,0.493033,1.923077,-0.16555,0.0,-0.270233,-1.391162
iron_heel_013,iron_heel,qwen,qwen2.5:14b,0.3102,1.0,0.27632,2.030457,0.4577,1.0,0.5753,3.296703,-0.1475,0.0,-0.29898,-1.266246
iron_heel_014,iron_heel,qwen,qwen2.5:14b,0.48525,1.0,0.354433,1.675978,0.1806,1.0,0.4028,0.0,0.30465,0.0,-0.048367,1.675978
iron_heel_015,iron_heel,qwen,qwen2.5:14b,0.25,1.0,0.239025,0.0,0.3787,1.0,0.46355,5.405405,-0.1287,0.0,-0.224525,-5.405405
iron_heel_016,iron_heel,qwen,qwen2.5:14b,0.4464,1.0,0.503233,1.020408,0.47655,1.0,0.663,2.4,-0.03015,0.0,-0.159767,-1.379592
iron_heel_017,iron_heel,qwen,qwen2.5:14b,0.49235,1.0,0.654443,0.0,0.47785,1.0,0.8311,0.909091,0.0145,0.0,-0.176657,-0.909091
iron_heel_018,iron_heel,qwen,qwen2.5:14b,0.24535,1.0,0.23474,2.173913,0.4109,1.0,0.391233,3.773585,-0.16555,0.0,-0.156493,-1.599672
iron_heel_019,iron_heel,qwen,qwen2.5:14b,0.47795,1.0,0.312123,1.06383,0.4847,1.0,0.684667,1.785714,-0.00675,0.0,-0.372544,-0.721884
iron_heel_020,iron_heel,qwen,qwen2.5:14b,0.4871,1.0,0.443936,2.105263,0.4511,1.0,0.471833,1.834862,0.036,0.0,-0.027897,0.270401
iron_heel_021,iron_heel,qwen,qwen2.5:14b,0.2467,1.0,0.318017,0.512821,0.31845,1.0,0.45496,1.169591,-0.07175,0.0,-0.136943,-0.65677
iron_heel_022,iron_heel,qwen,qwen2.5:14b,0.11315,1.0,0.3478,0.537634,0.4866,1.0,0.657825,0.854701,-0.37345,0.0,-0.310025,-0.317067
iron_heel_023,iron_heel,qwen,qwen2.5:14b,0.48295,1.0,0.412714,1.470588,0.3222,1.0,0.297275,0.826446,0.16075,0.0,0.115439,0.644142
iron_heel_024,iron_heel,qwen,qwen2.5:14b,0.05185,1.0,0.340818,1.485149,0.47695,1.0,0.676633,4.379562,-0.4251,0.0,-0.335815,-2.894413
iron_heel_025,iron_heel,qwen,qwen2.5:14b,0.36345,1.0,0.306314,0.689655,0.20765,1.0,0.3294,1.904762,0.1558,0.0,-0.023086,-1.215107
iron_heel_026,iron_heel,qwen,qwen2.5:14b,0.425,1.0,0.1671,0.609756,0.05215,1.0,0.291625,3.731343,0.37285,0.0,-0.124525,-3.121587
iron_heel_027,iron_heel,qwen,qwen2.5:14b,0.48705,1.0,0.481629,2.873563,0.44435,1.0,0.42445,6.19469,0.0427,0.0,0.057179,-3.321127
iron_heel_028,iron_heel,qwen,qwen2.5:14b,0.46155,1.0,0.426062,2.325581,0.4329,1.0,0.627633,0.943396,0.02865,0.0,-0.201571,1.382185
iron_heel_029,iron_heel,qwen,qwen2.5:14b,0.0386,1.0,0.116677,0.505051,0.3339,1.0,0.49755,3.333333,-0.2953,0.0,-0.380873,-2.828282
iron_heel_030,iron_heel,qwen,qwen2.5:14b,0.4279,1.0,0.342983,0.5,0.4683,1.0,0.56055,1.769912,-0.0404,0.0,-0.217567,-1.269912
iron_heel_031,iron_heel,qwen,qwen2.5:14b,0.2264,1.0,0.268557,1.796407,0.4201,1.0,0.30902,1.408451,-0.1937,0.0,-0.040463,0.387956
iron_heel_032,iron_heel,qwen,qwen2.5:14b,0.48485,1.0,0.352378,0.0,0.49365,1.0,0.8223,1.680672,-0.0088,0.0,-0.469922,-1.680672
iron_heel_033,iron_heel,qwen,qwen2.5:14b,0.4862,1.0,0.318867,0.502513,0.1591,1.0,0.48455,1.834862,0.3271,0.0,-0.165683,-1.332349
iron_heel_034,iron_heel,qwen,qwen2.5:14b,0.125,1.0,0.46755,0.75188,0.28595,1.0,0.53815,2.238806,-0.16095,0.0,-0.0706,-1.486926
iron_heel_035,iron_heel,qwen,qwen2.5:14b,0.2193,1.0,0.191453,1.111111,0.1909,1.0,0.6063,1.526718,0.0284,0.0,-0.414847,-0.415607
iron_heel_036,iron_heel,qwen,qwen2.5:14b,0.1591,1.0,0.26747,1.129944,0.14555,1.0,0.323,0.980392,0.01355,0.0,-0.05553,0.149552
iron_heel_037,iron_heel,qwen,qwen2.5:14b,0.29975,1.0,0.26493,2.259887,0.3454,1.0,0.263433,1.904762,-0.04565,0.0,0.001497,0.355125
iron_heel_038,iron_heel,qwen,qwen2.5:14b,0.49105,1.0,0.302389,2.824859,0.19955,1.0,0.2735,1.666667,0.2915,0.0,0.028889,1.158192
iron_heel_039,iron_heel,qwen,qwen2.5:14b,0.4822,1.0,0.283022,0.0,0.148,0.0,0.098667,3.030303,0.3342,1.0,0.184355,-3.030303
iron_heel_040,iron_heel,qwen,qwen2.5:14b,0.07155,1.0,0.1533,0.515464,0.487,1.0,0.62135,0.892857,-0.41545,0.0,-0.46805,-0.377393
iron_heel_041,iron_heel,qwen,qwen2.5:14b,0.4074,1.0,0.42706,1.818182,0.46155,1.0,0.620367,0.0,-0.05415,0.0,-0.193307,1.818182
iron_heel_042,iron_heel,qwen,qwen2.5:14b,0.3953,1.0,0.3295,0.0,0.4,1.0,0.2894,0.826446,-0.0047,0.0,0.0401,-0.826446
iron_heel_043,iron_heel,qwen,qwen2.5:14b,0.43205,1.0,0.2922,0.0,0.37715,1.0,0.456175,1.840491,0.0549,0.0,-0.163975,-1.840491
iron_heel_044,iron_heel,qwen,qwen2.5:14b,0.3982,1.0,0.24952,1.020408,0.3429,1.0,0.262175,2.362205,0.0553,0.0,-0.012655,-1.341797
iron_heel_045,iron_heel,qwen,qwen2.5:14b,0.4745,1.0,0.20103,0.0,0.42775,1.0,0.456833,2.197802,0.04675,0.0,-0.255803,-2.197802
iron_heel_046,iron_heel,qwen,qwen2.5:14b,0.463,1.0,0.243444,2.97619,0.10115,1.0,0.376767,1.075269,0.36185,0.0,-0.133323,1.900921
iron_heel_047,iron_heel,qwen,qwen2.5:14b,0.4214,1.0,0.31015,3.703704,0.4467,1.0,0.6038,0.862069,-0.0253,0.0,-0.29365,2.841635
iron_heel_048,iron_heel,qwen,qwen2.5:14b,0.44285,1.0,0.2657,0.0,0.06505,1.0,0.4535,0.980392,0.3778,0.0,-0.1878,-0.980392
iron_heel_049,iron_heel,qwen,qwen2.5:14b,0.4252,1.0,0.44739,0.0,0.47825,1.0,0.489125,3.508772,-0.05305,0.0,-0.041735,-3.508772
time_machine_000,time_machine,qwen,qwen2.5:14b,0.4157,1.0,0.31992,0.540541,0.48165,1.0,0.678933,1.960784,-0.06595,0.0,-0.359013,-1.420243
time_machine_001,time_machine,qwen,qwen2.5:14b,0.42765,1.0,0.294686,0.526316,0.47495,1.0,0.578025,1.923077,-0.0473,0.0,-0.283339,-1.396761
time_machine_002,time_machine,qwen,qwen2.5:14b,0.33285,1.0,0.185146,0.0,0.45405,1.0,0.49505,1.449275,-0.1212,0.0,-0.309904,-1.449275
time_machine_003,time_machine,qwen,qwen2.5:14b,0.15225,1.0,0.239012,0.555556,0.2997,1.0,0.665625,3.252033,-0.14745,0.0,-0.426613,-2.696477
time_machine_004,time_machine,qwen,qwen2.5:14b,0.44415,1.0,0.383514,1.530612,0.4637,1.0,0.482375,2.362205,-0.01955,0.0,-0.098861,-0.831593
time_machine_005,time_machine,qwen,qwen2.5:14b,0.4814,1.0,0.177757,0.515464,0.4221,1.0,0.516375,4.0,0.0593,0.0,-0.338618,-3.484536
time_machine_006,time_machine,qwen,qwen2.5:14b,0.41665,1.0,0.203845,1.081081,0.48155,1.0,0.59345,1.941748,-0.0649,0.0,-0.389605,-0.860667
time_machine_007,time_machine,qwen,qwen2.5:14b,0.2117,1.0,0.077911,1.257862,0.4845,1.0,0.6196,1.526718,-0.2728,0.0,-0.541689,-0.268856
time_machine_008,time_machine,qwen,qwen2.5:14b,0.45895,1.0,0.316231,0.0,0.0129,1.0,0.277775,0.819672,0.44605,0.0,0.038456,-0.819672
time_machine_009,time_machine,qwen,qwen2.5:14b,0.2787,1.0,0.148518,1.734104,0.4839,1.0,0.7259,2.173913,-0.2052,0.0,-0.577382,-0.439809
time_machine_010,time_machine,qwen,qwen2.5:14b,0.1161,1.0,0.422333,0.520833,0.43895,1.0,0.64875,3.225806,-0.32285,0.0,-0.226417,-2.704973
time_machine_011,time_machine,qwen,qwen2.5:14b,0.20195,1.0,0.101946,0.485437,0.4037,1.0,0.2804,0.840336,-0.20175,0.0,-0.178454,-0.354899
time_machine_012,time_machine,qwen,qwen2.5:14b,0.3089,1.0,0.201644,1.183432,0.27175,1.0,0.27025,2.325581,0.03715,0.0,-0.068606,-1.142149
time_machine_013,time_machine,qwen,qwen2.5:14b,0.27495,1.0,0.230436,0.0,0.46965,1.0,0.5975,0.806452,-0.1947,0.0,-0.367064,-0.806452
time_machine_014,time_machine,qwen,qwen2.5:14b,0.4015,1.0,0.177912,0.0,0.3548,1.0,0.267233,3.508772,0.0467,0.0,-0.089321,-3.508772
time_machine_015,time_machine,qwen,qwen2.5:14b,0.49675,1.0,0.513733,1.734104,0.4858,1.0,0.648775,3.125,0.01095,0.0,-0.135042,-1.390896
time_machine_016,time_machine,qwen,qwen2.5:14b,0.1508,1.0,0.277864,1.578947,0.2787,1.0,0.46894,2.758621,-0.1279,0.0,-0.191076,-1.179674
time_machine_017,time_machine,qwen,qwen2.5:14b,0.2188,1.0,0.318975,1.086957,0.4907,1.0,0.774625,2.5,-0.2719,0.0,-0.45565,-1.413043
time_machine_018,time_machine,qwen,qwen2.5:14b,0.0871,1.0,0.078992,0.555556,0.28595,1.0,0.275825,1.851852,-0.19885,0.0,-0.196833,-1.296296
time_machine_019,time_machine,qwen,qwen2.5:14b,0.41495,1.0,0.343293,0.546448,0.4913,1.0,0.77145,1.980198,-0.07635,0.0,-0.428157,-1.43375
time_machine_020,time_machine,qwen,qwen2.5:14b,0.38075,1.0,0.20965,2.684564,0.05135,1.0,0.4767,3.252033,0.3294,0.0,-0.26705,-0.567469
time_machine_021,time_machine,qwen,qwen2.5:14b,0.4696,1.0,0.18332,1.04712,0.3243,1.0,0.4955,1.587302,0.1453,0.0,-0.31218,-0.540182
time_machine_022,time_machine,qwen,qwen2.5:14b,0.466,1.0,0.119008,1.020408,0.08895,1.0,0.568967,0.934579,0.37705,0.0,-0.449959,0.085829
time_machine_023,time_machine,qwen,qwen2.5:14b,0.48315,1.0,0.338471,1.030928,0.47795,1.0,0.708767,2.654867,0.0052,0.0,-0.370296,-1.623939
time_machine_024,time_machine,qwen,qwen2.5:14b,0.4835,1.0,0.184685,0.0,0.401,1.0,0.4738,4.424779,0.0825,0.0,-0.289115,-4.424779
time_machine_025,time_machine,qwen,qwen2.5:14b,0.3753,1.0,0.219225,1.257862,0.3243,1.0,0.30295,3.539823,0.051,0.0,-0.083725,-2.281961
time_machine_026,time_machine,qwen,qwen2.5:14b,0.48945,1.0,0.271308,0.438596,0.0129,1.0,0.23094,2.307692,0.47655,0.0,0.040368,-1.869096
time_machine_027,time_machine,qwen,qwen2.5:14b,0.47945,1.0,0.217636,1.5625,0.4845,1.0,0.782567,1.111111,-0.00505,0.0,-0.564931,0.451389
time_machine_028,time_machine,qwen,qwen2.5:14b,0.4531,1.0,0.314129,1.273885,0.36345,1.0,0.5483,3.883495,0.08965,0.0,-0.234171,-2.60961
time_machine_029,time_machine,qwen,qwen2.5:14b,0.23105,1.0,0.150458,0.574713,0.413,1.0,0.3452,0.826446,-0.18195,0.0,-0.194742,-0.251733
time_machine_030,time_machine,qwen,qwen2.5:14b,0.43465,1.0,0.283653,0.510204,0.4811,1.0,0.5919,2.912621,-0.04645,0.0,-0.308247,-2.402417
time_machine_031,time_machine,qwen,qwen2.5:14b,0.3548,1.0,0.1418,0.584795,0.401,1.0,0.473867,0.0,-0.0462,0.0,-0.332067,0.584795
time_machine_032,time_machine,qwen,qwen2.5:14b,0.22485,1.0,0.242625,0.671141,0.4781,1.0,0.7492,3.007519,-0.25325,0.0,-0.506575,-2.336378
time_machine_033,time_machine,qwen,qwen2.5:14b,0.35995,1.0,0.172656,0.888889,0.20095,1.0,0.4722,2.836879,0.159,0.0,-0.299544,-1.94799
time_machine_034,time_machine,qwen,qwen2.5:14b,0.492,1.0,0.36172,1.724138,0.2202,1.0,0.449325,2.459016,0.2718,0.0,-0.087605,-0.734878
time_machine_035,time_machine,qwen,qwen2.5:14b,0.4155,1.0,0.423237,0.0,0.44425,1.0,0.444275,4.255319,-0.02875,0.0,-0.021038,-4.255319
time_machine_036,time_machine,qwen,qwen2.5:14b,0.48675,1.0,0.3684,0.0,0.38915,1.0,0.5704,0.862069,0.0976,0.0,-0.202,-0.862069
time_machine_037,time_machine,qwen,qwen2.5:14b,0.26705,1.0,0.299381,0.966184,0.4918,1.0,0.79525,2.380952,-0.22475,0.0,-0.495869,-1.414768
time_machine_038,time_machine,qwen,qwen2.5:14b,0.475,1.0,0.283144,2.01005,0.26335,1.0,0.373775,5.555556,0.21165,0.0,-0.090631,-3.545506
time_machine_039,time_machine,qwen,qwen2.5:14b,0.44665,1.0,0.37665,1.657459,0.4455,1.0,0.512067,4.132231,0.00115,0.0,-0.135417,-2.474772
time_machine_040,time_machine,qwen,qwen2.5:14b,0.2176,1.0,0.172673,0.621118,0.2294,1.0,0.4804,2.061856,-0.0118,0.0,-0.307727,-1.440738
time_machine_041,time_machine,qwen,qwen2.5:14b,0.4198,1.0,0.217189,1.578947,0.3404,1.0,0.637467,1.801802,0.0794,0.0,-0.420278,-0.222855
time_machine_042,time_machine,qwen,qwen2.5:14b,0.3141,1.0,0.178986,1.428571,0.4417,1.0,0.3887,2.205882,-0.1276,0.0,-0.209714,-0.777311
time_machine_043,time_machine,qwen,qwen2.5:14b,0.3505,1.0,0.4328,1.960784,0.125,1.0,0.2389,4.166667,0.2255,0.0,0.1939,-2.205883
time_machine_044,time_machine,qwen,qwen2.5:14b,0.38135,1.0,0.162323,1.176471,0.0129,1.0,0.461167,6.666667,0.36845,0.0,-0.298844,-5.490196
time_machine_045,time_machine,qwen,qwen2.5:14b,0.2794,1.0,0.27219,0.529101,0.3548,1.0,0.35415,3.424658,-0.0754,0.0,-0.08196,-2.895557
time_machine_046,time_machine,qwen,qwen2.5:14b,0.48655,1.0,0.260785,0.0,0.4841,1.0,0.473,3.100775,0.00245,0.0,-0.212215,-3.100775
time_machine_047,time_machine,qwen,qwen2.5:14b,0.4786,1.0,0.31269,1.648352,0.38195,1.0,0.406025,2.941176,0.09665,0.0,-0.093335,-1.292824
time_machine_048,time_machine,qwen,qwen2.5:14b,0.3766,1.0,0.247308,0.995025,0.24695,1.0,0.673233,4.301075,0.12965,0.0,-0.425925,-3.30605
time_machine_049,time_machine,qwen,qwen2.5:14b,0.4422,1.0,0.154814,0.520833,0.43505,1.0,0.378575,4.040404,0.00715,0.0,-0.223761,-3.519571
we_000,we,qwen,qwen2.5:14b,0.4218,1.0,0.360312,1.775148,0.44425,1.0,0.485,2.542373,-0.02245,0.0,-0.124688,-0.767225
we_001,we,qwen,qwen2.5:14b,0.48055,1.0,0.447562,2.116402,0.0,1.0,0.407933,1.694915,0.48055,0.0,0.039629,0.421487
we_002,we,qwen,qwen2.5:14b,0.14545,1.0,0.323111,0.529101,0.46855,1.0,0.27665,4.081633,-0.3231,0.0,0.046461,-3.552532
we_003,we,qwen,qwen2.5:14b,0.4674,1.0,0.62114,0.75188,0.47725,1.0,0.723633,1.709402,-0.00985,0.0,-0.102493,-0.957522
we_004,we,qwen,qwen2.5:14b,0.35215,1.0,0.317892,2.162162,0.3953,1.0,0.337475,4.310345,-0.04315,0.0,-0.019583,-2.148183
we_005,we,qwen,qwen2.5:14b,0.282,1.0,0.26392,0.564972,0.36345,1.0,0.38045,4.210526,-0.08145,0.0,-0.11653,-3.645554
we_006,we,qwen,qwen2.5:14b,0.4916,1.0,0.5741,0.0,0.31845,1.0,0.256467,0.892857,0.17315,0.0,0.317633,-0.892857
we_007,we,qwen,qwen2.5:14b,0.39675,1.0,0.333367,0.0,0.42595,1.0,0.385425,1.904762,-0.0292,0.0,-0.052058,-1.904762
we_008,we,qwen,qwen2.5:14b,0.3786,1.0,0.235478,1.538462,0.1366,1.0,0.4477,1.470588,0.242,0.0,-0.212222,0.067874
we_009,we,qwen,qwen2.5:14b,0.4832,1.0,0.5621,2.797203,0.01035,1.0,0.2888,4.379562,0.47285,0.0,0.2733,-1.582359
we_010,we,qwen,qwen2.5:14b,0.23985,1.0,0.12265,3.125,0.41355,1.0,0.547325,3.225806,-0.1737,0.0,-0.424675,-0.100806
we_011,we,qwen,qwen2.5:14b,0.3434,1.0,0.142275,1.621622,0.1366,1.0,0.4149,1.886792,0.2068,0.0,-0.272625,-0.26517
we_012,we,qwen,qwen2.5:14b,0.4445,1.0,0.3589,2.604167,0.41125,1.0,0.29705,4.761905,0.03325,0.0,0.06185,-2.157738
we_013,we,qwen,qwen2.5:14b,0.45155,1.0,0.215825,1.807229,0.48355,1.0,0.708467,1.818182,-0.032,0.0,-0.492642,-0.010953
we_014,we,qwen,qwen2.5:14b,0.143,1.0,0.089954,0.0,0.3715,1.0,0.557833,1.652893,-0.2285,0.0,-0.467879,-1.652893
we_015,we,qwen,qwen2.5:14b,0.0322,1.0,0.116317,1.694915,0.38585,1.0,0.564667,4.347826,-0.35365,0.0,-0.44835,-2.652911
we_016,we,qwen,qwen2.5:14b,0.3562,1.0,0.3637,0.0,0.4063,1.0,0.28895,1.612903,-0.0501,0.0,0.07475,-1.612903
we_017,we,qwen,qwen2.5:14b,0.16,1.0,0.19445,2.162162,0.4375,1.0,0.780667,1.923077,-0.2775,0.0,-0.586217,0.239085
we_018,we,qwen,qwen2.5:14b,0.36255,1.0,0.288571,1.098901,0.37345,1.0,0.457533,6.034483,-0.0109,0.0,-0.168962,-4.935582
we_019,we,qwen,qwen2.5:14b,0.4457,1.0,0.44185,0.564972,0.05135,1.0,0.398833,0.75188,0.39435,0.0,0.043017,-0.186908
we_020,we,qwen,qwen2.5:14b,0.1396,1.0,0.18132,1.129944,0.11315,1.0,0.306125,2.542373,0.02645,0.0,-0.124805,-1.412429
we_021,we,qwen,qwen2.5:14b,0.1472,1.0,0.193114,1.95122,0.46085,1.0,0.414575,3.846154,-0.31365,0.0,-0.221461,-1.894934
we_022,we,qwen,qwen2.5:14b,0.4526,1.0,0.398875,1.142857,0.4458,1.0,0.4455,3.809524,0.0068,0.0,-0.046625,-2.666667
we_023,we,qwen,qwen2.5:14b,0.0376,1.0,0.312571,1.219512,0.47585,1.0,0.43995,2.654867,-0.43825,0.0,-0.127379,-1.435355
we_024,we,qwen,qwen2.5:14b,0.37895,1.0,0.37878,0.574713,0.3062,1.0,0.435267,3.296703,0.07275,0.0,-0.056487,-2.72199
we_025,we,qwen,qwen2.5:14b,0.4416,1.0,0.201743,0.0,0.211,1.0,0.271675,3.278689,0.2306,0.0,-0.069932,-3.278689
we_026,we,qwen,qwen2.5:14b,0.37865,1.0,0.3325,1.136364,0.27585,1.0,0.4222,2.290076,0.1028,0.0,-0.0897,-1.153712
we_027,we,qwen,qwen2.5:14b,0.44335,1.0,0.1935,2.762431,0.465,1.0,0.426625,2.238806,-0.02165,0.0,-0.233125,0.523625
we_028,we,qwen,qwen2.5:14b,0.4624,1.0,0.3019,1.630435,0.4197,1.0,0.506125,4.794521,0.0427,0.0,-0.204225,-3.164086
we_029,we,qwen,qwen2.5:14b,0.4871,1.0,0.207023,0.609756,0.38585,1.0,0.546625,0.75188,0.10125,0.0,-0.339602,-0.142124
we_030,we,qwen,qwen2.5:14b,0.35015,1.0,0.4286,2.352941,0.23835,1.0,0.654575,3.424658,0.1118,0.0,-0.225975,-1.071717
we_031,we,qwen,qwen2.5:14b,0.398,1.0,0.218536,0.558659,0.4593,1.0,0.429225,3.030303,-0.0613,0.0,-0.210689,-2.471644
we_032,we,qwen,qwen2.5:14b,0.0866,1.0,0.213367,1.639344,0.37895,1.0,0.2171,3.389831,-0.29235,0.0,-0.003733,-1.750487
we_033,we,qwen,qwen2.5:14b,0.4675,1.0,0.17979,1.675978,0.0036,1.0,0.488867,4.081633,0.4639,0.0,-0.309077,-2.405655
we_034,we,qwen,qwen2.5:14b,0.4323,1.0,0.258362,1.298701,0.47115,1.0,0.499825,3.875969,-0.03885,0.0,-0.241463,-2.577268
we_035,we,qwen,qwen2.5:14b,0.2294,1.0,0.236643,4.232804,0.47015,1.0,0.429425,3.0,-0.24075,0.0,-0.192782,1.232804
we_036,we,qwen,qwen2.5:14b,0.4881,1.0,0.386925,0.543478,0.4329,1.0,0.387525,4.237288,0.0552,0.0,-0.0006,-3.69381
we_037,we,qwen,qwen2.5:14b,0.08965,1.0,0.199958,1.507538,0.1806,1.0,0.2521,2.564103,-0.09095,0.0,-0.052142,-1.056565
we_038,we,qwen,qwen2.5:14b,0.367,1.0,0.218625,0.628931,0.42595,1.0,0.4142,3.703704,-0.05895,0.0,-0.195575,-3.074773
we_039,we,qwen,qwen2.5:14b,0.2325,1.0,0.212767,1.948052,0.3404,1.0,0.2136,2.702703,-0.1079,0.0,-0.000833,-0.754651
we_040,we,qwen,qwen2.5:14b,0.4727,1.0,0.226615,0.540541,0.4181,1.0,0.441167,3.669725,0.0546,0.0,-0.214552,-3.129184
we_041,we,qwen,qwen2.5:14b,0.49225,1.0,0.632825,1.242236,0.05315,1.0,0.32785,3.418803,0.4391,0.0,0.304975,-2.176567
we_042,we,qwen,qwen2.5:14b,0.48,1.0,0.31222,0.571429,0.49365,1.0,0.750975,4.166667,-0.01365,0.0,-0.438755,-3.595238
we_043,we,qwen,qwen2.5:14b,0.45995,1.0,0.13,0.571429,0.148,1.0,0.2916,0.847458,0.31195,0.0,-0.1616,-0.276029
we_044,we,qwen,qwen2.5:14b,0.31265,1.0,0.106611,0.52356,0.0898,1.0,0.27635,2.797203,0.22285,0.0,-0.169739,-2.273643
we_045,we,qwen,qwen2.5:14b,0.47465,1.0,0.530783,5.063291,0.4522,1.0,0.574525,5.833333,0.02245,0.0,-0.043742,-0.770042
we_046,we,qwen,qwen2.5:14b,0.49105,1.0,0.380878,2.116402,0.27115,1.0,0.456433,1.960784,0.2199,0.0,-0.075555,0.155618
we_047,we,qwen,qwen2.5:14b,0.3609,1.0,0.500383,0.0,0.4329,1.0,0.525933,3.061224,-0.072,0.0,-0.02555,-3.061224
we_048,we,qwen,qwen2.5:14b,0.12165,1.0,0.403045,2.185792,0.0258,1.0,0.311925,2.255639,0.09585,0.0,0.09112,-0.069847
we_049,we,qwen,qwen2.5:14b,0.25635,1.0,0.276486,0.546448,0.3661,1.0,0.44815,1.5625,-0.10975,0.0,-0.171664,-1.016052
