passage_id,book,model_key,model_name,source_passage,interpretation
1984_000,1984,gemma,gemma3:4b,"About twenty or thirty of them a week were falling on London at present. Down in the street the wind flapped the torn poster to and fro, and the word INGSOC fitfully appeared and vanished. Newspeak, doublethink, the mutability of the past. He felt as though he were wandering in the forests of the sea bottom, lost in a monstrous world where he himself was the monster. The past was dead, the future was unimaginable. What certainty had he that a single human creature now living was on his side? And what way of knowing that the dominion of the Party would not endure FOR EVER? Like an answer, the three slogans on the white face of the Ministry of Truth came back to him: WAR IS PEACE FREEDOM IS SLAVERY IGNORANCE IS STRENGTH He took a twenty-five cent piece out of his pocket.","Here's an interpretation of the passage, aiming for 3-5 sentences and addressing meaning, themes, and significance:

This passage powerfully depicts the suffocating psychological landscape of Orwell’s dystopian London, where the constant disappearance of individuals – “falling on London” – represents the brutal suppression of dissent and the erasure of independent thought. The imagery of a “monstrous world” and “forests of the sea bottom” conveys a sense of profound disorientation and alienation, highlighting the individual’s loss of identity within the oppressive INGSOC regime.  The relentless repetition of Party slogans – “WAR IS PEACE,” “FREEDOM IS SLAVERY,” “IGNORANCE IS STRENGTH” – underscores the manipulation of language and the insidious nature of doublethink, while the final, unsettling question regarding the Party’s longevity reveals the pervasive anxiety and lack of genuine hope for the future. Ultimately, the passage is a chilling meditation on the dangers of totalitarian control and the potential for humanity to be consumed by its own fear and subjugation. 

---

Would you like me to analyze another passage, or perhaps delve deeper into this one’s themes?"
1984_001,1984,gemma,gemma3:4b,"In the better light of the living-room he noticed with interest that there actually was dust in the creases of her face. ‘They do get so noisy,’ she said. ‘They’re disappointed because they couldn’t go to see the hanging, that’s what it is. I’m too busy to take them. and Tom won’t be back from work in time.’ ‘Why can’t we go and see the hanging?’ roared the boy in his huge voice. Want to see the hanging!’ chanted the little girl, still capering round. Some Eurasian prisoners, guilty of war crimes, were to be hanged in the Park that evening, Winston remembered. This happened about once a month, and was a popular spectacle. Children always clamoured to be taken to see it. He took his leave of Mrs Parsons and made for the door.","Here’s an interpretation of the passage, aiming for 3-5 sentences and addressing meaning, themes, and significance:

This seemingly mundane exchange between a man, his wife, and their children reveals a chillingly normalized dystopia where state-sanctioned violence – the monthly execution of Eurasian prisoners – is presented as a public spectacle and eagerly anticipated by children. The passage highlights the insidious erosion of empathy and moral judgment, as the family’s fascination with the ""hanging"" demonstrates a disturbing acceptance of brutality and a prioritization of entertainment over justice.  Winston’s remembered awareness of the event underscores the pervasive surveillance and the unsettling detachment from human suffering that characterizes this society, suggesting a loss of individual conscience and critical thought. 


---

Would you like me to analyze another passage, or perhaps explore a specific aspect of this one in more detail (e.g., the symbolism of the “hanging,” or the character of Winston)?"
1984_002,1984,gemma,gemma3:4b,"He could guess, however, that the book was much older than that. He had seen it lying in the window of a frowsy little junk-shop in a slummy quarter of the town (just what quarter he did not now remember) and had been stricken immediately by an overwhelming desire to possess it. Party members were supposed not to go into ordinary shops (‘dealing on the free market’, it was called), but the rule was not strictly kept, because there were various things, such as shoelaces and razor blades, which it was impossible to get hold of in any other way. He had given a quick glance up and down the street and then had slipped inside and bought the book for two dollars fifty. At the time he was not conscious of wanting it for any particular purpose. He had carried it guiltily home in his briefcase.","Here’s an interpretation of the passage, aiming for 3-5 sentences and addressing meaning, themes, and significance:

This seemingly simple purchase of a secondhand book reveals a burgeoning desire for forbidden knowledge and a subtle rebellion within the protagonist. The book’s mysterious origins and the protagonist’s immediate, almost compulsive, need to acquire it highlight the dystopian setting’s control over information and the human yearning for something beyond the Party’s sanctioned reality. The illicit act – breaking the rule against engaging in the “free market” – underscores the protagonist’s growing awareness of the system’s limitations and his nascent defiance. Ultimately, the book serves as a potent symbol of independent thought and the potential for resistance against a controlling authority. 

---

Would you like me to analyze another passage, or perhaps explore specific aspects of this interpretation in more detail (like the symbolism of the junk-shop or the significance of the price)?"
1984_003,1984,gemma,gemma3:4b,"Before the Revolution they had been hideously oppressed by the capitalists, they had been starved and flogged, women had been forced to work in the coal mines (women still did work in the coal mines, as a matter of fact), children had been sold into the factories at the age of six. But simultaneously, true to the Principles of doublethink, the Party taught that the proles were natural inferiors who must be kept in subjection, like animals, by the application of a few simple rules. In reality very little was known about the proles. It was not necessary to know much. So long as they continued to work and breed, their other activities were without importance. Left to themselves, like cattle turned loose upon the plains of Argentina, they had reverted to a style of life that appeared to be natural to them, a sort of ancestral pattern.","Here’s an interpretation of the passage, aiming for 3-5 sentences and addressing meaning, themes, and significance:

This passage powerfully illustrates the Party’s manipulative control through a carefully constructed narrative of oppression and dismissal. By highlighting the historical abuse inflicted by capitalists while simultaneously asserting the proles’ inherent inferiority, the Party employs doublethink to justify its dominance and maintain a system of enforced ignorance. The passage’s chilling depiction of the proles as “cattle” reveals a profound lack of respect and a desire to eliminate any potential threat to the Party’s authority.  Ultimately, the passage underscores the novel's central theme of totalitarian control and the dangers of a society built upon manufactured realities and the suppression of truth. 


---

Would you like me to analyze a different passage or perhaps explore a specific aspect of this interpretation in more detail?"
1984_004,1984,gemma,gemma3:4b,"He did not see that the continuity of an oligarchy need not be physical, nor did he pause to reflect that hereditary aristocracies have always been shortlived, whereas adoptive organizations such as the Catholic Church have sometimes lasted for hundreds or thousands of years. The essence of oligarchical rule is not father-to-son inheritance, but the persistence of a certain world-view and a certain way of life, imposed by the dead upon the living. A ruling group is a ruling group so long as it can nominate its successors. The Party is not concerned with perpetuating its blood but with perpetuating itself. WHO wields power is not important, provided that the hierarchical structure remains always the same. All the beliefs, habits, tastes, emotions, mental attitudes that characterize our time are really designed to sustain the mystique of the Party and prevent the true nature of present-day society from being perceived.","Here’s an interpretation of the passage, aiming for 3-5 sentences and addressing meaning, themes, and significance:

This passage reveals the chilling core of the Party’s power – not through lineage or brute force, but through the meticulous maintenance of a rigid ideology and established social order. The author argues that an oligarchy’s longevity depends on the enduring propagation of a specific worldview, a “way of life” imposed by previous generations, regardless of who currently holds authority.  This highlights the novel’s central theme of ideological control, demonstrating how the Party manipulates beliefs and customs to create a self-sustaining system of dominance. Ultimately, the passage underscores the Party’s cynical understanding of power: its sole concern is the preservation of its own structure and mystique, making it impervious to change and resistant to genuine societal evolution. 


---

Would you like me to analyze another passage or perhaps delve deeper into this one’s specific elements?"
1984_005,1984,gemma,gemma3:4b,"She believed, for instance, having learnt it at school, that the Party had invented aeroplanes. (In his own schooldays, Winston remembered, in the late fifties, it was only the helicopter that the Party claimed to have invented; a dozen years later, when Julia was at school, it was already claiming the aeroplane; one generation more, and it would be claiming the steam engine.) And when he told her that aeroplanes had been in existence before he was born and long before the Revolution, the fact struck her as totally uninteresting. After all, what did it matter who had invented aeroplanes? It was rather more of a shock to him when he discovered from some chance remark that she did not remember that Oceania, four years ago, had been at war with Eastasia and at peace with Eurasia.","Here’s an interpretation of the passage, aiming for 3-5 sentences and addressing meaning, themes, and significance:

This passage powerfully illustrates the Party’s complete control over history and reality within Oceania. Through the deliberate manipulation of invented pasts – from helicopters to aeroplanes – the Party dismantles individual memory and establishes a fabricated narrative as absolute truth.  The protagonist’s dismissal of historical facts about aeroplanes, and Julia’s shocking denial of Oceania’s recent geopolitical alliances, highlights the chilling effect of constant revisionism and the impossibility of independent thought.  Ultimately, the passage underscores the novel’s central theme of psychological manipulation and the terrifying power of a totalitarian regime to erase the past and dictate the present. 


---

Would you like me to analyze another passage, or perhaps explore specific aspects of this one in more detail (e.g., the symbolism of the inventions, the technique of unreliable narration)?"
1984_006,1984,gemma,gemma3:4b,"The frightening thing, he reflected for the ten thousandth time as he forced his shoulders painfully backward (with hands on hips, they were gyrating their bodies from the waist, an exercise that was supposed to be good for the back muscles)— the frightening thing was that it might all be true. If the Party could thrust its hand into the past and say of this or that event, IT NEVER HAPPENED— that, surely, was more terrifying than mere torture and death? The Party said that Oceania had never been in alliance with Eurasia. He, Winston Smith, knew that Oceania had been in alliance with Eurasia as short a time as four years ago. But where did that knowledge exist? Only in his own consciousness, which in any case must soon be annihilated.","Here’s an interpretation of the passage, aiming for 3-5 sentences and addressing meaning, themes, and significance:

This passage reveals the chilling core of the Party’s power: not just through physical control, but through the absolute manipulation of reality and memory. Winston’s desperate, futile exercise underscores the suffocating nature of the regime, highlighting the terrifying prospect of historical erasure and the Party’s ability to rewrite the past to suit its agenda. The “frightening thing” isn't just the threat of violence, but the potential obliteration of truth itself, representing a fundamental assault on individual identity and knowledge.  Ultimately, the passage emphasizes the novel’s central theme of totalitarian control and the devastating consequences of a society where objective reality is entirely dependent on the will of the ruling power. 


---

Would you like me to analyze another passage, or perhaps explore specific aspects of this one in more detail (e.g., discuss Winston’s psychological state, or the symbolism of the exercise)?"
1984_007,1984,gemma,gemma3:4b,"But in the same moment, drawing a deep sigh of relief from everybody, the hostile figure melted into the face of Big Brother, black-haired, black-moustachio’d, full of power and mysterious calm, and so vast that it almost filled up the screen. Nobody heard what Big Brother was saying. It was merely a few words of encouragement, the sort of words that are uttered in the din of battle, not distinguishable individually but restoring confidence by the fact of being spoken. Then the face of Big Brother faded away again, and instead the three slogans of the Party stood out in bold capitals: WAR IS PEACE FREEDOM IS SLAVERY IGNORANCE IS STRENGTH But the face of Big Brother seemed to persist for several seconds on the screen, as though the impact that it had made on everyone’s eyeballs was too vivid to wear off immediately.","Here’s an interpretation of the passage, aiming for 3-5 sentences and addressing meaning, themes, and significance:

This passage powerfully depicts the suffocating control exerted by Big Brother through the manipulation of visual imagery and propaganda. The initial shift of the menacing figure into the familiar, all-encompassing face of Big Brother represents a seamless absorption of dissent into the Party’s narrative, offering a deceptive sense of reassurance. The slogans – a twisted inversion of traditional values – underscore the Party’s deliberate distortion of truth and the prioritization of obedience over genuine concepts like freedom and peace.  The lingering impression of Big Brother’s face highlights the deeply ingrained psychological impact of constant surveillance and the unsettling nature of a regime that seeks to completely reshape perception itself. 


---

Would you like me to analyze another passage, or perhaps delve deeper into this one with a specific question?"
1984_008,1984,gemma,gemma3:4b,"‘I wanted to ask you whether you’d got any razor blades,’ he said. ‘Not one!’ said Winston with a sort of guilty haste. ‘I’ve tried all over the place. They don’t exist any longer.’ Everyone kept asking you for razor blades. Actually he had two unused ones which he was hoarding up. There had been a famine of them for months past. At any given moment there was some necessary article which the Party shops were unable to supply. Sometimes it was buttons, sometimes it was darning wool, sometimes it was shoelaces; at present it was razor blades. You could only get hold of them, if at all, by scrounging more or less furtively on the ‘free’ market. ‘I’ve been using the same blade for six weeks,’ he added untruthfully. The queue gave another jerk forward. As they halted he turned and faced Syme again.","Here’s an interpretation of the passage, aiming for 3-5 sentences and addressing meaning, themes, and significance:

This seemingly trivial request for razor blades – a detail of personal grooming – powerfully illustrates the suffocating control and manufactured scarcity at the heart of the Party’s dystopia. The desperate, almost frantic, denial by Winston, coupled with the knowledge of his hidden stash, highlights the psychological manipulation and the constant surveillance within the regime. The recurring shortages of everyday items, from razor blades to shoelaces, represent a deliberate tactic to destabilize individual identity and demand absolute loyalty to the Party, while the “free” market underscores a hidden, illicit system of survival. Ultimately, the passage signifies the Party’s ability to erode even the most basic human needs and desires, transforming them into tools of oppression. 

---

Would you like me to analyze another passage, or perhaps delve deeper into this one’s specific elements?"
1984_009,1984,gemma,gemma3:4b,"You know perfectly well what is the matter with you. You have known it for years, though you have fought against the knowledge. You suffer from a defective memory. You are unable to remember real events and you persuade yourself that you remember other events which never happened. You have never cured yourself of it, because you did not choose to. There was a small effort of the will that you were not ready to make. Even now, I am well aware, you are clinging to your disease under the impression that it is a virtue. Now we will take an example. At this moment, which power is Oceania at war with?’ ‘When I was arrested, Oceania was at war with Eastasia.’ ‘With Eastasia. And Oceania has always been at war with Eastasia, has it not?’ Winston drew in his breath.","Here’s an interpretation of the passage, aiming for 3-5 sentences and addressing meaning, themes, and significance:

This passage powerfully illustrates the insidious nature of psychological manipulation within a totalitarian regime. The narrator’s blunt diagnosis of Winston’s “defective memory” – his inability to form genuine recollections – directly mirrors the Party’s control over truth and history. By deliberately distorting reality and encouraging contradictory beliefs, the Party effectively traps Winston in a state of perpetual confusion, preventing any genuine resistance. The example provided, with its rapid-fire shifts in allegiance, demonstrates the Party’s ability to completely override individual thought and establish a manufactured reality, highlighting the core themes of surveillance, misinformation, and the obliteration of individual identity within Oceania. 

---

Would you like me to analyze another passage, or perhaps explore a specific aspect of this interpretation in more detail (like the symbolism of the “defective memory”)?"
1984_010,1984,gemma,gemma3:4b,"It was dangerous, but it was not a life-and-death matter. To be caught with a prostitute might mean five years in a forced-labour camp: not more, if you had committed no other offence. And it was easy enough, provided that you could avoid being caught in the act. The poorer quarters swarmed with women who were ready to sell themselves. Some could even be purchased for a bottle of gin, which the proles were not supposed to drink. Tacitly the Party was even inclined to encourage prostitution, as an outlet for instincts which could not be altogether suppressed. Mere debauchery did not matter very much, so long as it was furtive and joyless and only involved the women of a submerged and despised class. The unforgivable crime was promiscuity between Party members.","Here’s an interpretation of the passage, aiming for 3-5 sentences and addressing meaning, themes, and significance:

This passage reveals the chillingly pragmatic nature of the Party’s control, demonstrating that even seemingly illicit activities like prostitution are tolerated as long as they serve to manage and suppress the lower classes. The deliberate encouragement of debauchery amongst the proles highlights the Party’s manipulation of basic human instincts for political gain, offering a cynical outlet for desires while simultaneously controlling a vulnerable population.  The focus on furtive, joyless encounters underscores the dehumanization inherent in the regime, reducing individuals to objects of control and reinforcing the social hierarchy through the shame and marginalization of the women involved. Ultimately, the passage suggests a terrifyingly casual disregard for human dignity and a chillingly calculated use of vice to maintain power. 


---

Would you like me to analyze another passage, or perhaps delve deeper into this one with a specific focus (e.g., exploring the symbolism of gin, or discussing the implications of the Party's encouragement of prostitution)?"
1984_011,1984,gemma,gemma3:4b,"The Brotherhood, its name was supposed to be. There were also whispered stories of a terrible book, a compendium of all the heresies, of which Goldstein was the author and which circulated clandestinely here and there. It was a book without a title. People referred to it, if at all, simply as THE BOOK. But one knew of such things only through vague rumours. Neither the Brotherhood nor THE BOOK was a subject that any ordinary Party member would mention if there was a way of avoiding it. In its second minute the Hate rose to a frenzy. People were leaping up and down in their places and shouting at the tops of their voices in an effort to drown the maddening bleating voice that came from the screen. The little sandy-haired woman had turned bright pink, and her mouth was opening and shutting like that of a landed fish.","Here's an interpretation of the passage, aiming for 3-5 sentences and addressing meaning, themes, and significance:

This passage powerfully depicts the suffocating control exerted by the Party through fear and manufactured hysteria. The mention of “THE BOOK,” authored by Goldstein, immediately establishes the core theme of forbidden knowledge and the Party’s relentless suppression of dissenting thought.  The chaotic reaction to the screen – the “frenzy” and desperate shouting – illustrates the Party’s manipulation of emotion and the chilling effectiveness of its propaganda.  Finally, the woman’s physical transformation – “bright pink” and resembling a “landed fish” – represents the dehumanization of individuals who deviate from the Party’s rigid ideology, highlighting the terrifying consequences of nonconformity. 

---

Would you like me to analyze another passage, or perhaps delve deeper into the specific elements of this one?"
1984_012,1984,gemma,gemma3:4b,"The effect would be much the same if the three super-states, instead of fighting one another, should agree to live in perpetual peace, each inviolate within its own boundaries. For in that case each would still be a self-contained universe, freed for ever from the sobering influence of external danger. A peace that was truly permanent would be the same as a permanent war. This — although the vast majority of Party members understand it only in a shallower sense — is the inner meaning of the Party slogan: WAR IS PEACE. Winston stopped reading for a moment. Somewhere in remote distance a rocket bomb thundered. The blissful feeling of being alone with the forbidden book, in a room with no telescreen, had not worn off.","Here's an interpretation of the passage, aiming for 3-5 sentences and addressing meaning, themes, and significance:

This deceptively simple passage reveals the Party’s chilling logic: true peace, for Oceania, is indistinguishable from perpetual war. The idea of stable borders and isolation represents a terrifying freedom from external threats, a state of blissful ignorance maintained through constant fear.  “WAR IS PEACE” isn't a call to arms, but a cynical manipulation exploiting the human desire for security, suggesting that the very act of maintaining conflict guarantees stability. Winston’s lingering comfort despite the distant bombing underscores the Party’s success in conditioning him to find solace in delusion, highlighting the novel’s central theme of psychological control and the erosion of individual thought. 

---

Would you like me to analyze another passage, or perhaps explore a specific aspect of this one in more detail (e.g., the symbolism of the rocket bomb)?"
1984_013,1984,gemma,gemma3:4b,"For a moment the lids flitted down over his eyes. He began asking his questions in a low, expressionless voice, as though this were a routine, a sort of catechism, most of whose answers were known to him already. ‘You are prepared to give your lives?’ ‘Yes.’ ‘You are prepared to commit murder?’ ‘Yes.’ ‘To commit acts of sabotage which may cause the death of hundreds of innocent people?’ ‘Yes.’ ‘To betray your country to foreign powers?’ ‘Yes.’ ‘You are prepared to cheat, to forge, to blackmail, to corrupt the minds of children, to distribute habit-forming drugs, to encourage prostitution, to disseminate venereal diseases — to do anything which is likely to cause demoralization and weaken the power of the Party?’ ‘Yes.’ ‘If, for example, it would somehow serve our interests to throw sulphuric acid in a child’s face — are you prepared to do that?’ ‘Yes.’ ‘You are prepared to lose your identity and live out the rest of your life as a waiter or a dock-worker?’ ‘Yes.’ ‘You are prepared to commit suicide, if and when we order you to do so?’ ‘Yes.’ ‘You are prepared, the two of you, to separate and never see one another again?’ ‘No!’ broke in Julia.","Here’s an interpretation of the passage, aiming for 3-5 sentences, focusing on meaning, themes, and significance:

This chilling exchange reveals the utterly dehumanized state of the interrogators, stripped of empathy and reduced to robotic affirmation of the Party’s demands. The relentless series of increasingly horrific questions and the repeated, hollow “Yes,” demonstrate the Party’s absolute control and the complete erosion of individual conscience. The passage underscores the novel’s central theme of totalitarianism and the systematic dismantling of morality through psychological manipulation and fear.  Julia’s desperate outburst – “No!” – represents a final, poignant resistance against this process, highlighting the fragility of human connection and the terrifying potential for the Party to extinguish even the most basic emotions. 

---

Would you like me to analyze a different passage, or perhaps delve deeper into the themes present in this one?"
1984_014,1984,gemma,gemma3:4b,"You didn’t honestly think that?’ ‘Well, perhaps not exactly that. But from your general appearance — merely because you’re young and fresh and healthy, you understand — I thought that probably ——’ ‘You thought I was a good Party member. Banners, processions, slogans, games, community hikes all that stuff. And you thought that if I had a quarter of a chance I’d denounce you as a thought-criminal and get you killed off?’ ‘Yes, something of that kind. A great many young girls are like that, you know.’ ‘It’s this bloody thing that does it,’ she said, ripping off the scarlet sash of the Junior Anti-Sex League and flinging it on to a bough. Then, as though touching her waist had reminded her of something, she felt in the pocket of her overalls and produced a small slab of chocolate.","Here’s an interpretation of the passage, aiming for 3-5 sentences and addressing meaning, themes, and significance:

This passage reveals the chillingly calculated conformity demanded by the Party in this dystopian society. The woman’s initial assumptions about the narrator – based solely on youthful appearance and adherence to Party rituals – highlight the superficiality and manipulative nature of the regime’s control.  Her immediate and furious rejection of the assumed expectation of self-reporting and denunciation exposes the fundamental distrust and paranoia at the heart of the system. The act of destroying the Anti-Sex League sash and consuming chocolate represents a defiant, almost primal, act of rebellion against the sterile, regulated life imposed by the Party, symbolizing a return to basic human desires and a rejection of ideological programming. 


---

Would you like me to analyze another passage or perhaps explore specific aspects of this one in more detail (e.g., the symbolism of the sash, the significance of the chocolate)?"
1984_015,1984,gemma,gemma3:4b,"He tried to think of O’Brien, for whom, or to whom, the diary was written, but instead he began thinking of the things that would happen to him after the Thought Police took him away. It would not matter if they killed you at once. To be killed was what you expected. But before death (nobody spoke of such things, yet everybody knew of them) there was the routine of confession that had to be gone through: the grovelling on the floor and screaming for mercy, the crack of broken bones, the smashed teeth and bloody clots of hair. Why did you have to endure it, since the end was always the same? Why was it not possible to cut a few days or weeks out of your life? Nobody ever escaped detection, and nobody ever failed to confess.","Here’s an interpretation of the passage, aiming for 3-5 sentences and addressing meaning, themes, and significance:

This passage powerfully depicts the brutal psychological terror inherent in a totalitarian regime like that of *Nineteen Eighty-Four*. The narrator’s obsessive preoccupation with O’Brien highlights the all-consuming fear of surveillance and the loss of individual thought. The detailed description of the confession ritual – a process of agonizing self-flagellation – reveals the Party’s ultimate goal: not merely death, but the complete and utter destruction of the self through systematic humiliation and broken spirit. Ultimately, the passage underscores the themes of control, dehumanization, and the impossibility of resistance within a system that thrives on relentless, inescapable suffering. 

---

Would you like me to analyze another passage, or perhaps delve deeper into this one with a particular focus (e.g., analyzing specific literary devices)?"
1984_016,1984,gemma,gemma3:4b,"Here were produced rubbishy newspapers containing almost nothing except sport, crime and astrology, sensational five-cent novelettes, films oozing with sex, and sentimental songs which were composed entirely by mechanical means on a special kind of kaleidoscope known as a versificator. There was even a whole sub-section — Pornosec, it was called in Newspeak — engaged in producing the lowest kind of pornography, which was sent out in sealed packets and which no Party member, other than those who worked on it, was permitted to look at. Three messages had slid out of the pneumatic tube while Winston was working, but they were simple matters, and he had disposed of them before the Two Minutes Hate interrupted him.","Here’s an interpretation of the passage, aiming for 3-5 sentences:

This passage powerfully depicts the chillingly sterile and manipulative culture of the dystopian society, where genuine intellectual or emotional engagement is actively suppressed. The proliferation of vapid entertainment – sensationalized news, exploitative films, and algorithmically-produced music – demonstrates a deliberate effort to distract and pacify the populace. The creation and controlled distribution of pornography within Pornosec reveals a horrifying level of psychological control and the Party’s ability to both exploit and isolate its citizens.  Ultimately, the passage highlights themes of thought control, the degradation of art, and the chilling efficiency of a regime dedicated to reducing individuals to mere passive consumers of propaganda."
1984_017,1984,gemma,gemma3:4b,"With those children, he thought, that wretched woman must lead a life of terror. Another year, two years, and they would be watching her night and day for symptoms of unorthodoxy. Nearly all children nowadays were horrible. What was worst of all was that by means of such organizations as the Spies they were systematically turned into ungovernable little savages, and yet this produced in them no tendency whatever to rebel against the discipline of the Party. On the contrary, they adored the Party and everything connected with it. The songs, the processions, the banners, the hiking, the drilling with dummy rifles, the yelling of slogans, the worship of Big Brother — it was all a sort of glorious game to them. All their ferocity was turned outwards, against the enemies of the State, against foreigners, traitors, saboteurs, thought-criminals.","Here’s an interpretation of the passage, aiming for 3-5 sentences and addressing meaning, themes, and significance:

This passage powerfully depicts the chillingly effective methods of the Party in controlling its populace, specifically children. The author reveals a deliberate strategy of instilling fear and shaping young minds through constant surveillance and indoctrination, aiming to cultivate ""ungovernable little savages"" who ultimately adore the Party.  The passage’s significance lies in its exploration of totalitarianism's ability to manipulate affection and create a seemingly compliant population, showcasing how the suppression of individuality can be disguised as joyful conformity.  Ultimately, it underscores the terrifying potential of a regime that fosters outward aggression while reinforcing its own power through manufactured adoration. 


---

Would you like me to analyze a different passage, or perhaps delve deeper into this one’s themes?"
1984_018,1984,gemma,gemma3:4b,"To keep your face expressionless was not difficult, and even your breathing could be controlled, with an effort: but you could not control the beating of your heart, and the telescreen was quite delicate enough to pick it up. He let what he judged to be ten minutes go by, tormented all the while by the fear that some accident — a sudden draught blowing across his desk, for instance — would betray him. Then, without uncovering it again, he dropped the photograph into the memory hole, along with some other waste papers. Within another minute, perhaps, it would have crumbled into ashes. That was ten — eleven years ago. Today, probably, he would have kept that photograph.","Here’s an interpretation of the passage, aiming for 3-5 sentences and addressing meaning, themes, and significance:

This passage powerfully illustrates the suffocating surveillance and emotional repression characteristic of a totalitarian regime. The protagonist’s meticulous control over his face and breath highlights the extreme measures demanded for conformity, while his agonizing fear of a simple accident underscores the omnipresent threat of detection.  Dropping the photograph into the memory hole symbolizes a futile attempt to erase a past that still holds personal significance, mirroring the state’s effort to obliterate individual memory and dissent.  Ultimately, the passage’s chilling finality – the photograph's rapid disintegration – speaks to the fragility of truth and the devastating consequences of living under constant scrutiny, suggesting a lost history and a chillingly efficient system of control. 


---

Would you like me to analyze a different passage, or perhaps delve deeper into this one with a specific question (e.g., analyzing a particular symbol or focusing on a certain theme)?"
1984_019,1984,gemma,gemma3:4b,"And all the while, lest one should be in any doubt as to the reality which Goldstein’s specious claptrap covered, behind his head on the telescreen there marched the endless columns of the Eurasian army — row after row of solid-looking men with expressionless Asiatic faces, who swam up to the surface of the screen and vanished, to be replaced by others exactly similar. The dull rhythmic tramp of the soldiers’ boots formed the background to Goldstein’s bleating voice. Before the Hate had proceeded for thirty seconds, uncontrollable exclamations of rage were breaking out from half the people in the room. The self-satisfied sheep-like face on the screen, and the terrifying power of the Eurasian army behind it, were too much to be borne: besides, the sight or even the thought of Goldstein produced fear and anger automatically.","Here’s an interpretation of the passage, aiming for 3-5 sentences and addressing meaning, themes, and significance:

This passage powerfully illustrates the suffocating control exerted by the Party through the relentless display of military power and propaganda. The constant, unwavering image of the Eurasian army, juxtaposed with Goldstein’s dissenting voice, demonstrates the Party’s absolute authority and its ability to evoke immediate, visceral reactions in its citizens.  The “sheep-like” face on the screen symbolizes the passive acceptance of this control, while the overwhelming fear and rage it triggers reveals the Party’s success in manipulating emotions and suppressing independent thought. Ultimately, the passage highlights the core dystopian themes of surveillance, psychological manipulation, and the eradication of individual identity within a totalitarian regime."
1984_020,1984,gemma,gemma3:4b,"If you’re happy inside yourself, why should you get excited about Big Brother and the Three-Year Plans and the Two Minutes Hate and all the rest of their bloody rot?’ That was very true, he thought. There was a direct intimate connexion between chastity and political orthodoxy. For how could the fear, the hatred, and the lunatic credulity which the Party needed in its members be kept at the right pitch, except by bottling down some powerful instinct and using it as a driving force? The sex impulse was dangerous to the Party, and the Party had turned it to account. They had played a similar trick with the instinct of parenthood. The family could not actually be abolished, and, indeed, people were encouraged to be fond of their children, in almost the old-fashioned way.","Here’s an interpretation of the passage, aiming for 3-5 sentences and addressing meaning, themes, and significance:

This passage reveals the chillingly calculated manipulation at the heart of the Party’s control in Orwell’s *1984*. The speaker’s questioning highlights the Party’s core strategy: exploiting and channeling individuals’ natural instincts – particularly sexuality and parenthood – into fuel for fear and obedience. By deliberately suppressing potentially joyful, self-directed experiences like happiness and fostering a dependence on the Party’s ideology, they maintain a state of perpetual anxiety and unwavering loyalty. Ultimately, the passage underscores a profound theme of psychological control and demonstrates how totalitarian regimes weaponize basic human drives for their own oppressive purposes. 


---

Would you like me to analyze another passage, or perhaps explore a specific aspect of this one in more detail (e.g., the symbolism of “Big Brother,” or the function of the Two Minutes Hate)?"
1984_021,1984,gemma,gemma3:4b,"It was an enormous pyramidal structure of glittering white concrete, soaring up, terrace after terrace, 300 metres into the air. From where Winston stood it was just possible to read, picked out on its white face in elegant lettering, the three slogans of the Party: WAR IS PEACE FREEDOM IS SLAVERY IGNORANCE IS STRENGTH The Ministry of Truth contained, it was said, three thousand rooms above ground level, and corresponding ramifications below. Scattered about London there were just three other buildings of similar appearance and size. So completely did they dwarf the surrounding architecture that from the roof of Victory Mansions you could see all four of them simultaneously. They were the homes of the four Ministries between which the entire apparatus of government was divided. The Ministry of Truth, which concerned itself with news, entertainment, education, and the fine arts. The Ministry of Peace, which concerned itself with war.","Here’s an interpretation of the passage, aiming for 3-5 sentences and addressing meaning, themes, and significance:

This passage powerfully establishes the oppressive control of the Party through the overwhelming visual dominance of its structures – the pyramidal Ministry of Truth and the three other towering Ministries. The slogans emblazoned upon the concrete, a chilling inversion of traditional values, immediately signals the Party’s manipulation of language and its denial of fundamental freedoms.  The sheer scale of these buildings, dwarfing all other structures, symbolizes the Party’s absolute power and the insignificance of the individual, while the layered complexity of the Ministry of Truth hints at the vast, insidious mechanisms of propaganda and surveillance.  Ultimately, the passage highlights the core themes of totalitarianism, manipulation, and the suppression of truth through architectural and ideological dominance. 


---

Would you like me to analyze another passage, perhaps with a different focus (e.g., exploring the symbolism or characterization)?"
1984_022,1984,gemma,gemma3:4b,"Two bloated women, one of them with her hair coming down, had got hold of the same saucepan and were trying to tear it out of one another’s hands. For a moment they were both tugging, and then the handle came off. And yet, just for a moment, what almost frightening power had sounded in that cry from only a few hundred throats! Why was it that they could never shout like that about anything that mattered? He wrote: Until they become conscious they will never rebel, and until after they have rebelled they cannot become conscious. That, he reflected, might almost have been a transcription from one of the Party textbooks. The Party claimed, of course, to have liberated the proles from bondage.","Here’s an interpretation of the passage, aiming for 3-5 sentences and addressing meaning, themes, and significance:

This scene of desperate, pointless struggle between the two women powerfully illustrates the profound apathy and lack of genuine emotion within the Party’s controlled society. The brief, almost terrifying outburst of collective shouting highlights a suppressed potential for rebellion, a raw, instinctive desire for freedom that is immediately quashed by the Party’s conditioning.  The narrator’s reflection on Orwell’s observation – that consciousness arises *after* rebellion – underscores the Party’s manipulative strategy of controlling thought through preventing genuine engagement with issues. Ultimately, the passage’s significance lies in its chilling depiction of a populace utterly incapable of unified, meaningful action, effectively illustrating the novel's central theme of totalitarian control and the suppression of individual spirit."
1984_023,1984,gemma,gemma3:4b,"What you do, I’m going to do. I’m rather good at staying alive.’ ‘We may be together for another six months — a year — there’s no knowing. At the end we’re certain to be apart. Do you realize how utterly alone we shall be? When once they get hold of us there will be nothing, literally nothing, that either of us can do for the other. If I confess, they’ll shoot you, and if I refuse to confess, they’ll shoot you just the same. Nothing that I can do or say, or stop myself from saying, will put off your death for as much as five minutes. Neither of us will even know whether the other is alive or dead. We shall be utterly without power of any kind.","Here’s an interpretation of the passage, aiming for 3-5 sentences and addressing meaning, themes, and significance:

This passage depicts a chillingly pragmatic exchange born of absolute powerlessness within a totalitarian regime. The characters’ desperate acknowledgment of their impending doom – a future of inevitable separation and annihilation – highlights the complete erosion of individual agency and morality. The themes of control, surveillance, and the futility of resistance are powerfully conveyed through the absurd logic of their situation; confession and refusal both lead to the same horrifying outcome. Ultimately, the passage serves as a stark representation of the dehumanizing effects of oppressive systems where even the bonds of love and loyalty are rendered meaningless by the state’s absolute authority. 


---

Would you like me to analyze another passage, or perhaps explore specific aspects of this one in more detail (e.g., the symbolism of “staying alive,” the function of the “they,” or the overall tone)?"
1984_024,1984,gemma,gemma3:4b,"Even if it had been less dangerous, it would still have been difficult to find time to meet. Winston’s working week was sixty hours, Julia’s was even longer, and their free days varied according to the pressure of work and did not often coincide. Julia, in any case, seldom had an evening completely free. She spent an astonishing amount of time in attending lectures and demonstrations, distributing literature for the junior Anti-Sex League, preparing banners for Hate Week, making collections for the savings campaign, and such-like activities. It paid, she said, it was camouflage. If you kept the small rules, you could break the big ones. She even induced Winston to mortgage yet another of his evenings by enrolling himself for the part-time munition work which was done voluntarily by zealous Party members.","Here’s an interpretation of the passage, aiming for 3-5 sentences and addressing meaning, themes, and significance:

This passage powerfully illustrates the suffocating control exerted by the Party in Oceania, demonstrating how even personal desire is meticulously engineered to serve its aims. Winston and Julia’s difficulty in meeting highlights the systematic exhaustion imposed upon citizens through relentless labor and the constant demand for ideological conformity. Julia’s incredibly busy schedule, filled with Party-directed activities, isn’t simply a matter of personal choice but a calculated strategy – “camouflage” – to allow her to indulge in forbidden love while maintaining the illusion of compliance. Ultimately, the passage underscores the novel’s central theme of psychological manipulation and the Party’s ability to dictate not just action, but even leisure time, in its quest for absolute power. 

---

Would you like me to analyze another passage, or perhaps explore a specific aspect of this one in more detail (e.g., the symbolism of the listed activities)?"
1984_025,1984,gemma,gemma3:4b,"He said things that would have been better unsaid, he had read too many books, he frequented the Chestnut Tree Cafe, haunt of painters and musicians. There was no law, not even an unwritten law, against frequenting the Chestnut Tree Cafe, yet the place was somehow ill-omened. The old, discredited leaders of the Party had been used to gather there before they were finally purged. Goldstein himself, it was said, had sometimes been seen there, years and decades ago. Syme’s fate was not difficult to foresee. And yet it was a fact that if Syme grasped, even for three seconds, the nature of his, Winston’s, secret opinions, he would betray him instantly to the Thought Police. So would anybody else, for that matter: but Syme more than most. Something in the tone of his voice seemed to add, ‘that bloody fool’.","Here’s an interpretation of the passage, aiming for 3-5 sentences and addressing meaning, themes, and significance:

This passage reveals the suffocating paranoia at the heart of the Party’s control, highlighting how even seemingly innocuous spaces – like the Chestnut Tree Cafe – become imbued with sinister meaning due to their association with dissent. The cafe’s ill-omen stems from its history as a gathering place for purged intellectuals, representing the Party’s relentless pursuit of thoughtcrime.  Syme’s imminent betrayal, fueled by a chillingly casual contempt for Winston, underscores the absolute and terrifying trust the Party places in its informants, demonstrating the fragility of any individual resistance. Ultimately, the passage emphasizes the theme of psychological manipulation and the complete eradication of independent thought within Oceania."
1984_026,1984,gemma,gemma3:4b,"What was needed was a piece of pure fantasy. Suddenly there sprang into his mind, ready made as it were, the image of a certain Comrade Ogilvy, who had recently died in battle, in heroic circumstances. There were occasions when Big Brother devoted his Order for the Day to commemorating some humble, rank-and-file Party member whose life and death he held up as an example worthy to be followed. Today he should commemorate Comrade Ogilvy. It was true that there was no such person as Comrade Ogilvy, but a few lines of print and a couple of faked photographs would soon bring him into existence.","Here’s an interpretation of the passage, aiming for 3-5 sentences, analyzing its meaning, themes, and significance:

This passage powerfully demonstrates the chilling control exerted by Big Brother through the manipulation of fabricated history and manufactured heroism. The creation of “Comrade Ogilvy” – a figure entirely devoid of reality – highlights the Party’s ability to rewrite the past and use idealized narratives to inspire obedience and loyalty.  The emphasis on ‘faked photographs’ underscores the insidious nature of propaganda and the deliberate construction of a false reality. Ultimately, the scene serves as a stark representation of totalitarianism, revealing how the Party actively constructs its own version of truth to maintain its power. 

---

Would you like me to analyze another passage, or perhaps delve deeper into the specific aspects of this one (e.g., discussing the symbolism of “pure fantasy”)?"
1984_027,1984,gemma,gemma3:4b,"The little sandy-haired woman gave a squeak of mingled fear and disgust. Goldstein was the renegade and backslider who once, long ago (how long ago, nobody quite remembered), had been one of the leading figures of the Party, almost on a level with Big Brother himself, and then had engaged in counter-revolutionary activities, had been condemned to death, and had mysteriously escaped and disappeared. The programmes of the Two Minutes Hate varied from day to day, but there was none in which Goldstein was not the principal figure. He was the primal traitor, the earliest defiler of the Party’s purity. All subsequent crimes against the Party, all treacheries, acts of sabotage, heresies, deviations, sprang directly out of his teaching.","Here’s an interpretation of the passage, aiming for 3-5 sentences and incorporating meaning, themes, and significance:

This passage meticulously constructs Goldstein as a monstrous, almost mythical figure, representing the Party’s deepest anxieties about betrayal and deviation. The deliberate obfuscation surrounding his past – the “how long ago” and the mystery of his escape – highlights the Party’s manipulation of history and its need to constantly demonize an enemy.  By portraying Goldstein as the “primal traitor” responsible for all subsequent offenses, the text emphasizes the Party’s obsessive need for absolute control and the chilling implications of dissent, suggesting that even the smallest thought could be framed as treasonous. Ultimately, the passage explores themes of propaganda, fear, and the dangers of totalitarian regimes fueled by the relentless pursuit of a manufactured purity. 


---

Would you like me to analyze another passage, or perhaps delve deeper into this one and discuss specific literary techniques used?"
1984_028,1984,gemma,gemma3:4b,"A hideous ecstasy of fear and vindictiveness, a desire to kill, to torture, to smash faces in with a sledge-hammer, seemed to flow through the whole group of people like an electric current, turning one even against one’s will into a grimacing, screaming lunatic. And yet the rage that one felt was an abstract, undirected emotion which could be switched from one object to another like the flame of a blowlamp. Thus, at one moment Winston’s hatred was not turned against Goldstein at all, but, on the contrary, against Big Brother, the Party, and the Thought Police; and at such moments his heart went out to the lonely, derided heretic on the screen, sole guardian of truth and sanity in a world of lies.","Here’s an interpretation of the passage, aiming for 3-5 sentences and addressing meaning, themes, and significance:

This passage powerfully illustrates the chilling effectiveness of the Party’s manipulation through engineered emotion. The “hideous ecstasy” depicts a manufactured rage, a deliberately unstable current designed to strip individuals of reason and direct their aggression towards any target – highlighting the Party’s control over thought itself.  The fleeting, undirected nature of this anger – shifting from Big Brother to Goldstein – underscores the novel’s central theme of psychological control and the ease with which the Party could distort reality. Ultimately, the passage reveals the Party’s success in isolating Winston, fostering a desperate empathy for a figure (Goldstein) who represents the only genuine resistance to their oppressive system. 

---

Would you like me to analyze another passage, or perhaps delve deeper into this one’s specific elements?"
1984_029,1984,gemma,gemma3:4b,"He noticed that she never used Newspeak words except the ones that had passed into everyday use. She had never heard of the Brotherhood, and refused to believe in its existence. Any kind of organized revolt against the Party, which was bound to be a failure, struck her as stupid. The clever thing was to break the rules and stay alive all the same. He wondered vaguely how many others like her there might be in the younger generation people who had grown up in the world of the Revolution, knowing nothing else, accepting the Party as something unalterable, like the sky, not rebelling against its authority but simply evading it, as a rabbit dodges a dog. They did not discuss the possibility of getting married. It was too remote to be worth thinking about.","Here’s an interpretation of the passage, aiming for 3-5 sentences and addressing meaning, themes, and significance:

This passage reveals the chilling success of the Party’s control through subtle manipulation and the erosion of critical thought. The woman’s reliance on outdated, natural language and disbelief in the Brotherhood exemplifies how the Party has stripped citizens of revolutionary ideals and replaced them with a passive acceptance of the status quo.  The passage highlights the theme of cognitive dissonance – people adapting to a totalitarian regime not through active resistance, but through quiet, instinctual evasion, mirroring the behavior of a rabbit avoiding danger.  Ultimately, the image of the “rabbit dodging a dog” suggests a profound loss of agency and a terrifyingly pragmatic survival strategy within a world where rebellion is futile. 


---

Would you like me to analyze a different passage, or perhaps explore a specific aspect of this one in more detail (e.g., the symbolism of the rabbit)?"
1984_030,1984,gemma,gemma3:4b,"But one can imagine little knots of resistance springing up here and there — small groups of people banding themselves together, and gradually growing, and even leaving a few records behind, so that the next generations can carry on where we leave off.’ ‘I’m not interested in the next generation, dear. I’m interested in US.’ ‘You’re only a rebel from the waist downwards,’ he told her. She thought this brilliantly witty and flung her arms round him in delight. In the ramifications of party doctrine she had not the faintest interest. Whenever he began to talk of the principles of Ingsoc, doublethink, the mutability of the past, and the denial of objective reality, and to use Newspeak words, she became bored and confused and said that she never paid any attention to that kind of thing.","Here’s an interpretation of the passage, aiming for 3-5 sentences and addressing meaning, themes, and significance:

This passage powerfully depicts the chilling disconnect between genuine resistance and the complacent acceptance of a totalitarian regime. The speaker’s obsession with the present, coupled with her utter dismissal of intellectual or political engagement with Ingsoc’s ideology, represents the core of the dystopia’s control – a populace dulled into passive obedience through sheer indifference. The phrase “rebel from the waist downwards” is a damning indictment of her limited action, suggesting a superficial rebellion that fails to challenge the fundamental structures of power. Ultimately, the passage highlights the dangers of prioritizing emotional comfort and immediate gratification over critical thought and the long-term fight for freedom, demonstrating how easily ideology can be neutralized by willful ignorance."
1984_031,1984,gemma,gemma3:4b,"He was writing the diary for O’Brien — TO O’Brien: it was like an interminable letter which no one would ever read, but which was addressed to a particular person and took its colour from that fact. The Party told you to reject the evidence of your eyes and ears. It was their final, most essential command. His heart sank as he thought of the enormous power arrayed against him, the ease with which any Party intellectual would overthrow him in debate, the subtle arguments which he would not be able to understand, much less answer. And yet he was in the right! They were wrong and he was right. The obvious, the silly, and the true had got to be defended. Truisms are true, hold on to that! The solid world exists, its laws do not change.","Here’s an interpretation of the passage, aiming for 3-5 sentences and addressing meaning, themes, and significance:

This passage reveals the chilling core of Orwell’s dystopian vision – the complete subjugation of individual thought and reality under the Party’s control. Winston’s futile act of writing the diary for O’Brien represents a desperate, yet doomed, attempt to maintain a personal truth against a system designed to erase all independent perception. The passage highlights the central theme of manipulation and the Party’s ultimate weapon: the rejection of objective reality in favor of manufactured narratives. Ultimately, the insistent ""truisms"" underscore the Party’s power to redefine truth and the terrifying implications of a society where simple, undeniable facts are deemed irrelevant. 

---

Would you like me to analyze another passage, or perhaps explore a specific aspect of this interpretation in more detail (e.g., the significance of the diary, the portrayal of intellectual struggle)?"
1984_032,1984,gemma,gemma3:4b,"But I went ahead and did it just the same. He pressed his fingers against his eyelids again. He had written it down at last, but it made no difference. The urge to shout filthy words at the top of his voice was as strong as ever. Chapter 7 ‘If there is hope,’ wrote Winston, ‘it lies in the proles.’ If there was hope, it MUST lie in the proles, because only there in those swarming disregarded masses, 85 per cent of the population of Oceania, could the force to destroy the Party ever be generated. The Party could not be overthrown from within. Its enemies, if it had any enemies, had no way of coming together or even of identifying one another. Even if the legendary Brotherhood existed, as just possibly it might, it was inconceivable that its members could ever assemble in larger numbers than twos and threes.","Here’s an interpretation of the passage, aiming for 3-5 sentences and addressing meaning, themes, and significance:

This passage powerfully illustrates the Party’s absolute control through its manipulation of fear and the deliberate suppression of any potential rebellion. Winston’s continued, defiant act of writing – despite its lack of impact – highlights the Party’s ability to instill a sense of futility and crush individual resistance. The stark declaration that hope resides solely within the proles, a vast and ignored population, underscores the Party’s cynical understanding of human nature and its strategic reliance on the masses' inherent lack of organization. Ultimately, the passage underscores the novel’s central theme of totalitarian control and the chilling possibility of liberation stemming from the most overlooked segment of society. 

---

Would you like me to analyze another passage, or perhaps delve deeper into this one’s specific elements?"
1984_033,1984,gemma,gemma3:4b,"In a way she realized that she herself was doomed, that sooner or later the Thought Police would catch her and kill her, but with another part of her mind she believed that it was somehow possible to construct a secret world in which you could live as you chose. All you needed was luck and cunning and boldness. She did not understand that there was no such thing as happiness, that the only victory lay in the far future, long after you were dead, that from the moment of declaring war on the Party it was better to think of yourself as a corpse. ‘We are the dead,’ he said. ‘We’re not dead yet,’ said Julia prosaically. Six months, a year — five years, conceivably. You are young, so presumably you’re more afraid of it than I am. Obviously we shall put it off as long as we can.","Here’s an interpretation of the passage, aiming for 3-5 sentences and addressing meaning, themes, and significance:

This passage reveals a chilling acceptance of inevitable doom within a totalitarian regime, symbolized by the omnipresent Thought Police. The protagonist’s internal conflict – acknowledging her vulnerability alongside a desperate yearning for self-determination – highlights the core themes of oppression and the human desire for agency.  Ultimately, the passage suggests that survival within such a system relies not on happiness, but on strategic delusion and a calculated embrace of death, illustrating the Party’s complete control over thought and the bleakness of their existence as ""the dead.""  The contrasting voices of Winston and Julia underscore the fragile hope and ultimately futile resistance against a power that seeks to erase all meaning and individual experience."
1984_034,1984,gemma,gemma3:4b,"These causes do not operate singly, and as a rule all four of them are present in some degree. A ruling class which could guard against all of them would remain in power permanently. Ultimately the determining factor is the mental attitude of the ruling class itself. After the middle of the present century, the first danger had in reality disappeared. Each of the three powers which now divide the world is in fact unconquerable, and could only become conquerable through slow demographic changes which a government with wide powers can easily avert. The second danger, also, is only a theoretical one. The masses never revolt of their own accord, and they never revolt merely because they are oppressed. Indeed, so long as they are not permitted to have standards of comparison, they never even become aware that they are oppressed.","Here’s an interpretation of the passage, aiming for 3-5 sentences, focusing on meaning, themes, and significance:

This passage from a dystopian narrative reveals a chillingly pragmatic view of power maintenance, suggesting the ruling class’s greatest threat isn't external forces but their own complacency. The author argues that eliminating potential rebellion – through demographic control and suppressing awareness of oppression – is the key to perpetual rule.  It highlights the theme of manipulation and control, portraying the masses as inherently passive and needing to be deliberately kept ignorant. Ultimately, the passage serves as a stark warning about the dangers of a ruling class prioritizing stability over genuine societal well-being, reinforcing a core dystopian trope of insidious, systemic control."
1984_035,1984,gemma,gemma3:4b,"On the sixth day of Hate Week, after the processions, the speeches, the shouting, the singing, the banners, the posters, the films, the waxworks, the rolling of drums and squealing of trumpets, the tramp of marching feet, the grinding of the caterpillars of tanks, the roar of massed planes, the booming of guns — after six days of this, when the great orgasm was quivering to its climax and the general hatred of Eurasia had boiled up into such delirium that if the crowd could have got their hands on the 2,000 Eurasian war-criminals who were to be publicly hanged on the last day of the proceedings, they would unquestionably have torn them to pieces — at just this moment it had been announced that Oceania was not after all at war with Eurasia. Oceania was at war with Eastasia.","Here’s an interpretation of the passage, aiming for 3-5 sentences and addressing meaning, themes, and significance:

This jarring announcement, delivered amidst the feverish peak of Hate Week, immediately reveals the manipulative and utterly fabricated nature of Oceania’s reality. The overwhelming sensory bombardment – a meticulously constructed spectacle of manufactured hatred – underscores the Party’s control and the citizens’ complete dependence on propaganda.  The sudden shift in enemy reveals the core theme of the novel: the Party’s ability to arbitrarily redefine truth and manipulate the populace through manufactured conflict, ultimately highlighting the dangers of blind obedience and the loss of individual thought.  Ultimately, the passage serves as a chilling critique of totalitarian regimes and their capacity to sustain power through deception and manufactured crises. 

---

Would you like me to analyze another passage, or perhaps delve deeper into this one's themes and significance?"
1984_036,1984,gemma,gemma3:4b,"The refugee woman in the boat had also covered the little boy with her arm, which was no more use against the bullets than a sheet of paper. The terrible thing that the Party had done was to persuade you that mere impulses, mere feelings, were of no account, while at the same time robbing you of all power over the material world. When once you were in the grip of the Party, what you felt or did not feel, what you did or refrained from doing, made literally no difference. Whatever happened you vanished, and neither you nor your actions were ever heard of again. You were lifted clean out of the stream of history. And yet to the people of only two generations ago this would not have seemed all-important, because they were not attempting to alter history.","Here’s an interpretation of the passage, aiming for 3-5 sentences and addressing meaning, themes, and significance:

This passage powerfully illustrates the Party’s ultimate control through the systematic erosion of individual agency and historical significance. The image of the woman shielding the boy with a useless arm symbolizes the futility of resistance against a force that doesn’t recognize or value human emotion or action.  The core theme is the Party’s deliberate manipulation – convincing people that feelings are irrelevant while simultaneously stripping them of any ability to impact the world. Ultimately, the passage reveals a chilling consequence: those consumed by the Party disappear from history itself, demonstrating a complete eradication of personal identity and consequence."
1984_037,1984,gemma,gemma3:4b,"In some ways she was far more acute than Winston, and far less susceptible to Party propaganda. Once when he happened in some connexion to mention the war against Eurasia, she startled him by saying casually that in her opinion the war was not happening. The rocket bombs which fell daily on London were probably fired by the Government of Oceania itself, ‘just to keep people frightened’. This was an idea that had literally never occurred to him. She also stirred a sort of envy in him by telling him that during the Two Minutes Hate her great difficulty was to avoid bursting out laughing. But she only questioned the teachings of the Party when they in some way touched upon her own life. Often she was ready to accept the official mythology, simply because the difference between truth and falsehood did not seem important to her.","Here’s an interpretation of the passage, aiming for 3-5 sentences and addressing meaning, themes, and significance:

This passage reveals a crucial vulnerability within Oceania’s seemingly monolithic control – a woman who actively resists the Party’s indoctrination with a chillingly logical doubt. Her skepticism regarding the war, attributing the bombings to self-serving manipulation, highlights the Party’s ability to manufacture fear and distort reality, and exposes Winston’s own naivete.  The passage underscores the theme of individual agency and the subtle ways people can resist, not through grand rebellion, but through quiet, personal questioning. Ultimately, her pragmatic approach – accepting official narratives where they don't directly impact her – demonstrates the Party's success in fostering a culture of apathy and prioritizing comfort over truth. 


---

Would you like me to analyze another passage, or perhaps delve deeper into this one’s themes and significance?"
1984_038,1984,gemma,gemma3:4b,"When the Hate was over he returned to his cubicle, took the Newspeak dictionary from the shelf, pushed the speakwrite to one side, cleaned his spectacles, and settled down to his main job of the morning. Winston’s greatest pleasure in life was in his work. Most of it was a tedious routine, but included in it there were also jobs so difficult and intricate that you could lose yourself in them as in the depths of a mathematical problem — delicate pieces of forgery in which you had nothing to guide you except your knowledge of the principles of Ingsoc and your estimate of what the Party wanted you to say. Winston was good at this kind of thing. On occasion he had even been entrusted with the rectification of ‘The Times’ leading articles, which were written entirely in Newspeak. He unrolled the message that he had set aside earlier.","Here’s an interpretation of the passage, aiming for 3-5 sentences and addressing meaning, themes, and significance:

This passage meticulously portrays the chillingly banal nature of Winston’s existence within the Party’s control, illustrating the core theme of thought control through meticulously crafted work.  His “greatest pleasure” derives from a deliberately obfuscating task – forging propaganda in Newspeak – highlighting how the Party cultivates a sense of purpose, however meaningless, to maintain obedience.  Winston’s skill in this deceptive work underscores the Party’s sophisticated manipulation of language and information, effectively erasing independent thought and replacing it with the Party’s dictated reality. Ultimately, the passage suggests a horrifyingly efficient system built on the erosion of genuine understanding and the suppression of individual expression. 


---

Would you like me to analyze another passage, or perhaps explore specific aspects of this one in more detail (e.g., the symbolism of Newspeak, or the implications of Winston’s “pleasure” in this work)?"
1984_039,1984,gemma,gemma3:4b,"The blue overalls of the Party could not be a common sight in a street like this. Indeed, it was unwise to be seen in such places, unless you had definite business there. The patrols might stop you if you happened to run into them. ‘May I see your papers, comrade? What time did you leave work? Is this your usual way home?’— and so on and so forth. Not that there was any rule against walking home by an unusual route: but it was enough to draw attention to you if the Thought Police heard about it. Suddenly the whole street was in commotion. There were yells of warning from all sides. People were shooting into the doorways like rabbits.","Here’s an interpretation of the passage, aiming for 3-5 sentences and addressing meaning, themes, and significance:

This passage vividly depicts the suffocating surveillance and control inherent in a totalitarian regime. The omnipresent blue overalls and the fear of the “Thought Police” underscore the Party’s absolute authority and the suppression of individual freedom, demonstrating a society where even simple actions are scrutinized. The chaotic commotion and panicked shooting reveal the brutal consequences of deviation, suggesting a culture of terror and the Party’s willingness to use violence to enforce conformity. Ultimately, the passage highlights the chilling theme of loss of autonomy and the devastating impact of unchecked power on a community. 


---

Would you like me to analyze another passage, or perhaps explore a particular aspect of this one in more detail (e.g., the symbolism of the overalls, the role of the Thought Police)?"
1984_040,1984,gemma,gemma3:4b,"On the other hand his actions are not regulated by law or by any clearly formulated code of behaviour. In Oceania there is no law. Thoughts and actions which, when detected, mean certain death are not formally forbidden, and the endless purges, arrests, tortures, imprisonments, and vaporizations are not inflicted as punishment for crimes which have actually been committed, but are merely the wiping-out of persons who might perhaps commit a crime at some time in the future. A Party member is required to have not only the right opinions, but the right instincts. Many of the beliefs and attitudes demanded of him are never plainly stated, and could not be stated without laying bare the contradictions inherent in Ingsoc. If he is a person naturally orthodox (in Newspeak a GOODTHINKER), he will in all circumstances know, without taking thought, what is the true belief or the desirable emotion.","Here's an interpretation of the passage, aiming for 3-5 sentences and addressing meaning, themes, and significance:

This passage powerfully illustrates the chilling nature of Oceania’s control, revealing that law is entirely absent, replaced by a system of preventative terror. The “crimes” – deviations of thought and action – are not punished for their actuality but for the *potential* for future transgression, highlighting the regime's obsession with suppressing all independent thought.  The emphasis on “right instincts” and the demand for unquestioning orthodoxy reveals a profound manipulation of identity and a reliance on indoctrination, suggesting themes of totalitarianism and the erosion of individual autonomy. Ultimately, the passage underscores how Ingsoc maintains power not through established rules, but through the constant threat of elimination and the enforced conformity of the mind. 


---

Would you like me to analyze another passage, or perhaps delve deeper into this one with a specific focus (e.g., analyzing the use of Newspeak)?"
1984_041,1984,gemma,gemma3:4b,"They had confessed to intelligence with the enemy (at that date, too, the enemy was Eurasia), embezzlement of public funds, the murder of various trusted Party members, intrigues against the leadership of Big Brother which had started long before the Revolution happened, and acts of sabotage causing the death of hundreds of thousands of people. After confessing to these things they had been pardoned, reinstated in the Party, and given posts which were in fact sinecures but which sounded important. All three had written long, abject articles in ‘The Times’, analysing the reasons for their defection and promising to make amends. Some time after their release Winston had actually seen all three of them in the Chestnut Tree Cafe. He remembered the sort of terrified fascination with which he had watched them out of the corner of his eye.","Here’s an interpretation of the passage, aiming for 3-5 sentences and incorporating meaning, themes, and significance:

This passage reveals the chilling banality of the Party’s control, showcasing how dissent is not met with annihilation but with a carefully constructed illusion of rehabilitation. The “confession” of serious crimes, followed by pardon and meaningless positions, demonstrates the Party’s ability to manipulate truth and create a facade of normalcy. Winston’s observation of the ex-members in the Chestnut Tree Cafe highlights the lingering fear and unsettling fascination they inspire – a testament to the Party’s success in fostering a climate of paranoia and suspicion. Ultimately, the scene underscores the novel’s core themes of psychological manipulation, the suppression of individuality, and the terrifying power of propaganda to distort reality. 

---

Would you like me to analyze another passage, or perhaps explore specific aspects of this one in more detail (e.g., the symbolism of the Chestnut Tree Cafe)?"
1984_042,1984,gemma,gemma3:4b,"He confessed to the assassination of eminent Party members, the distribution of seditious pamphlets, embezzlement of public funds, sale of military secrets, sabotage of every kind. He confessed that he had been a spy in the pay of the Eastasian government as far back as 1968. He confessed that he was a religious believer, an admirer of capitalism, and a sexual pervert. He confessed that he had murdered his wife, although he knew, and his questioners must have known, that his wife was still alive. He confessed that for years he had been in personal touch with Goldstein and had been a member of an underground organization which had included almost every human being he had ever known. It was easier to confess everything and implicate everybody. Besides, in a sense it was all true.","Here’s an interpretation of the passage, aiming for 3-5 sentences and addressing meaning, themes, and significance:

This passage embodies the chilling logic of totalitarian control through overwhelming confession. The man’s meticulously detailed, almost absurd, accusations – encompassing treason, heresy, and personal crimes – aren’t about factual truth but about creating a labyrinth of guilt that paralyzes and destroys the individual.  The ease with which he implicates everyone and insists “it was all true” highlights the Party’s manipulation of reality and the psychological pressure exerted to break the spirit.  Ultimately, the passage underscores the novel’s core themes of thought control, the erosion of individual identity, and the terrifying power of a system built on manufactured accusations. 


---

Would you like me to analyze another passage, or perhaps explore a specific aspect of this one in more detail (e.g., the role of confession, the representation of Goldstein)?"
1984_043,1984,gemma,gemma3:4b,"He wrote: GOD IS POWER He accepted everything. The past never had been altered. Oceania was at war with Eastasia. Oceania had always been at war with Eastasia. Jones, Aaronson, and Rutherford were guilty of the crimes they were charged with. He had never seen the photograph that disproved their guilt. It had never existed, he had invented it. He remembered remembering contrary things, but those were false memories, products of self-deception. Only surrender, and everything else followed. It was like swimming against a current that swept you backwards however hard you struggled, and then suddenly deciding to turn round and go with the current instead of opposing it. Nothing had changed except your own attitude: the predestined thing happened in any case. He hardly knew why he had ever rebelled. The so-called laws of Nature were nonsense. The law of gravity was nonsense.","Here’s an interpretation of the passage, aiming for 3-5 sentences and addressing meaning, themes, and significance:

This passage is a chilling depiction of manufactured reality within Oceania, illustrating the Party’s complete control through manipulation and the erasure of truth. The assertion “GOD IS POWER” encapsulates the Party’s ideology – that obedience and acceptance are the only forms of power – and the individual’s desperate acceptance of a fabricated reality.  The invented photograph and manufactured memories highlight the Party’s ability to rewrite history and the individual’s psychological surrender, demonstrating the core themes of totalitarian control and the loss of individual agency. Ultimately, the passage suggests a tragic, almost absurd, loop of rebellion and acceptance, illustrating how the individual's struggle is ultimately futile against a system designed to ensure its own perpetuation. 


---

Would you like me to analyze another passage, or perhaps explore a particular aspect of this interpretation in more detail?"
1984_044,1984,gemma,gemma3:4b,"But in any case an elaborate mental training, undergone in childhood and grouping itself round the Newspeak words CRIMESTOP, BLACKWHITE, and DOUBLETHINK, makes him unwilling and unable to think too deeply on any subject whatever. A Party member is expected to have no private emotions and no respites from enthusiasm. He is supposed to live in a continuous frenzy of hatred of foreign enemies and internal traitors, triumph over victories, and self-abasement before the power and wisdom of the Party. The discontents produced by his bare, unsatisfying life are deliberately turned outwards and dissipated by such devices as the Two Minutes Hate, and the speculations which might possibly induce a sceptical or rebellious attitude are killed in advance by his early acquired inner discipline. The first and simplest stage in the discipline, which can be taught even to young children, is called, in Newspeak, CRIMESTOP.","Here’s an interpretation of the passage, aiming for 3-5 sentences and addressing meaning, themes, and significance:

This passage powerfully depicts the Party’s systematic control over thought through psychological manipulation and linguistic restriction. The core theme is the deliberate suppression of independent thought via the conditioning of individuals, particularly through the insidious use of Newspeak and ingrained behavioral expectations. By instilling concepts like “CRIMESTOP” and demanding constant, unproductive fervor, the Party effectively eliminates dissent and any potential for critical reflection. Ultimately, the passage highlights the terrifying potential of totalitarian regimes to not just control actions, but to fundamentally shape the very capacity for independent thought and genuine human emotion. 


---

Would you like me to analyze another passage, perhaps focusing on a specific aspect like symbolism or tone?"
1984_045,1984,gemma,gemma3:4b,"They wouldn’t shoot me for going off the rails just once?’ ‘Are you guilty?’ said Winston. ‘Of course I’m guilty!’ cried Parsons with a servile glance at the telescreen. ‘You don’t think the Party would arrest an innocent man, do you?’ His frog-like face grew calmer, and even took on a slightly sanctimonious expression. ‘Thoughtcrime is a dreadful thing, old man,’ he said sententiously. It can get hold of you without your even knowing it. Do you know how it got hold of me? There I was, working away, trying to do my bit — never knew I had any bad stuff in my mind at all. And then I started talking in my sleep. Do you know what they heard me saying?’ He sank his voice, like someone who is obliged for medical reasons to utter an obscenity. ‘“Down with Big Brother!” Yes, I said that!","Here’s an interpretation of the passage, aiming for 3-5 sentences and addressing meaning, themes, and significance:

This brief exchange reveals the chilling effectiveness of the Party’s control through manufactured guilt and manipulation. Parsons’s terrified, almost robotic declaration of innocence – coupled with his servile deference to the telescreen – highlights the Party’s ability to instill fear and self-incrimination within its citizens. The unsettling revelation of his “thoughtcrime” born from sleep-talking underscores the Party’s insidious reach into the most private aspects of a person’s mind, demonstrating how easily dissent can be manufactured and punished.  Ultimately, the passage signifies the complete erosion of individual thought and the terrifying power of a state built on constant surveillance and the accusation of treason. 


---

Would you like me to analyze another passage, or perhaps explore specific aspects of this one in more detail (e.g., the symbolism of the telescreen, the use of Parsons' character)?"
1984_046,1984,gemma,gemma3:4b,"Already our control over matter is absolute.’ For a moment Winston ignored the dial. He made a violent effort to raise himself into a sitting position, and merely succeeded in wrenching his body painfully. ‘But how can you control matter?’ he burst out. ‘You don’t even control the climate or the law of gravity. And there are disease, pain, death ——’ O’Brien silenced him by a movement of his hand. ‘We control matter because we control the mind. You will learn by degrees, Winston. There is nothing that we could not do. I could float off this floor like a soap bubble if I wish to. I do not wish to, because the Party does not wish it. You must get rid of those nineteenth-century ideas about the laws of Nature. We make the laws of Nature.’ ‘But you do not! You are not even masters of this planet.","Here’s an interpretation of the passage, aiming for 3-5 sentences and addressing meaning, themes, and significance:

This passage reveals the chilling core of the Party’s power – not through physical domination, but through absolute control of the individual mind. O’Brien’s assertion that they control matter because they control the mind highlights the novel’s central theme of psychological manipulation and the erasure of independent thought. The absurdity of claiming control over gravity and the natural world underscores the Party’s deliberate distortion of reality and its demand that citizens abandon all inherited knowledge.  Ultimately, the passage demonstrates the terrifying logic of totalitarianism: the Party isn’t a master of the external world, but a puppeteer of the human psyche, shaping reality itself. 


---

Would you like me to analyze another passage, or perhaps delve deeper into this one with a specific focus (e.g., analyzing O’Brien’s character, or exploring the significance of the “nineteenth-century ideas”)?"
1984_047,1984,gemma,gemma3:4b,"When public trials were happening she had taken her place in the detachments from the Youth League who surrounded the courts from morning to night, chanting at intervals ‘Death to the traitors!’ During the Two Minutes Hate she always excelled all others in shouting insults at Goldstein. Yet she had only the dimmest idea of who Goldstein was and what doctrines he was supposed to represent. She had grown up since the Revolution and was too young to remember the ideological battles of the fifties and sixties. Such a thing as an independent political movement was outside her imagination: and in any case the Party was invincible. It would always exist, and it would always be the same. You could only rebel against it by secret disobedience or, at most, by isolated acts of violence such as killing somebody or blowing something up.","Here’s an interpretation of the passage, aiming for 3-5 sentences and addressing meaning, themes, and significance:

This passage powerfully illustrates the chilling effect of the Party’s indoctrination, revealing a populace utterly devoid of genuine understanding and critical thought. The young woman’s fervent, yet mindless, participation in the public displays of hatred – chanting slogans and excelling in the Two Minutes Hate – demonstrates the Party’s success in manipulating emotion and suppressing intellectual engagement.  The lack of knowledge regarding Goldstein highlights the deliberate obfuscation of truth and the Party's control over information, while the unquestioning belief in its invincibility underscores the theme of absolute authority and the suppression of dissent. Ultimately, the passage suggests that the Party’s power rests not just on force, but on the complete erasure of individual thought and historical context."
1984_048,1984,gemma,gemma3:4b,"He opened his mouth to speak and then did not speak. He could not take his eyes away from the dial. Tell me what you think you remember.’ ‘I remember that until only a week before I was arrested, we were not at war with Eastasia at all. We were in alliance with them. That had lasted for four years. Before that ——’ O’Brien stopped him with a movement of the hand. ‘Some years ago you had a very serious delusion indeed. You believed that three men, three one-time Party members named Jones, Aaronson, and Rutherford — men who were executed for treachery and sabotage after making the fullest possible confession — were not guilty of the crimes they were charged with. You believed that you had seen unmistakable documentary evidence proving that their confessions were false. There was a certain photograph about which you had a hallucination.","Here’s an interpretation of the passage, aiming for 3-5 sentences and addressing meaning, themes, and significance:

This passage vividly illustrates the Party’s absolute control over reality and memory within Oceania. Through O’Brien’s deliberate manipulation – forcing Winston to confront a fabricated past – the novel explores the theme of historical revisionism and the deliberate distortion of truth. The unsettling detail of Winston’s obsessive focus on the dial highlights the Party’s power to rewrite individual recollections, transforming verifiable history into a tool of propaganda. Ultimately, the passage signifies the terrifying extent of the Party’s ability to erase individual autonomy and replace it with unwavering, fabricated allegiance. 

---

Would you like me to analyze a different passage, or perhaps delve deeper into this one with a specific question (e.g., analyzing O’Brien’s technique)?"
1984_049,1984,gemma,gemma3:4b,"They’re not so holy as they make out.’ His heart leapt. Scores of times she had done it: he wished it had been hundreds — thousands. Anything that hinted at corruption always filled him with a wild hope. Who knew, perhaps the Party was rotten under the surface, its cult of strenuousness and self-denial simply a sham concealing iniquity. If he could have infected the whole lot of them with leprosy or syphilis, how gladly he would have done so! Anything to rot, to weaken, to undermine! He pulled her down so that they were kneeling face to face. The more men you’ve had, the more I love you. Do you understand that?’ ‘Yes, perfectly.’ ‘I hate purity, I hate goodness! I don’t want any virtue to exist anywhere. I want everyone to be corrupt to the bones.’ ‘Well then, I ought to suit you, dear.","Here’s an interpretation of the passage, aiming for 3-5 sentences and addressing meaning, themes, and significance:

This passage reveals a deeply unsettling desire for the destruction of established order, symbolized by the Party’s rigid pursuit of purity and self-discipline. The man’s fervent wish to infect everyone with disease—specifically leprosy and syphilis—represents a rejection of everything the Party holds sacred and a yearning for chaos and decay. This violent rejection of virtue highlights a core dystopian theme: the corruption of ideals and the potential for humanity to crave instability over enforced goodness. Ultimately, the exchange underscores a perverse attraction to vice and a profound distrust of any system built on moral constraint, suggesting a desire to dismantle not just the Party, but the very foundations of societal values. 


---

Would you like me to analyze another passage or perhaps delve deeper into specific aspects of this one?"
animal_farm_000,animal_farm,gemma,gemma3:4b,"Had I a sucking-pig, Ere he had grown as bi g Even as a pint bottle or as a rolling-pin, He should have learned to be Faithful and true to thee, Yes, his first squeak should be “Comrade Napoleon!” Napoleon approved of this poem and caused it to be inscribed on the wall of the big barn, at the opposite end from the Seven Commandments. It was surmounted by a portrait of Napoleon, in profile, executed by Squealer in white paint. Meanwhile, through the agency of Whymper, Napoleon was engaged in complicated negotiations with Frederick and Pilkington. The pile of timber was still unsold. Of the two, Frederick was the more anxious to get hold of it, but he would not offer a reasonable price.","Here’s an interpretation of the passage, aiming for 3-5 sentences and addressing meaning, themes, and significance:

This passage powerfully depicts the chilling indoctrination occurring within Animal Farm, highlighting the Party’s manipulation and the erosion of independent thought. The insistence that the piglet must utter “Comrade Napoleon!” from birth underscores the complete control exerted over the animals’ minds and the replacement of genuine belief with unquestioning obedience.  By prioritizing Napoleon’s name above all others and immediately solidifying his image through propaganda – the poem, portrait, and negotiations – the pigs establish a cult of personality, demonstrating the novel’s central theme of totalitarianism and the loss of individual autonomy.  Ultimately, the passage reveals how the initial revolutionary ideals have been systematically dismantled through strategic propaganda and the consolidation of power by a single, ruthless leader. 

---

Would you like me to analyze another passage, or perhaps delve deeper into this one with a specific question?"
animal_farm_001,animal_farm,gemma,gemma3:4b,"Then a goose came forward and confessed to having secreted six ears of corn during the last year’s harvest and eaten them in the night. Then a sheep confessed to having urinated in the drinking pool—urged to do this, so she said, by Snowball—and two other sheep confessed to having murdered an old ram, an especially devoted follower of Napoleon, by chasing him round and round a bonfire when he was suffering from a cough. They were all slain on the spot. And so the tale of confessions and executions went on, until there was a pile of corpses lying before Napoleon’s feet and the air was heavy with the smell of blood, which had been unknown there since the expulsion of Jones. When it was all over, the remaining animals, except for the pigs and dogs, crept away in a body.","Here’s an interpretation of the passage, aiming for 3-5 sentences and addressing meaning, themes, and significance:

This chilling scene vividly depicts the brutal and arbitrary nature of totalitarian control in Orwell’s *Animal Farm*. The relentless cycle of confessions and executions, fueled by Napoleon’s paranoia, underscores the complete erosion of justice and morality within the farm.  The fabricated crimes—corn eaten, urine urinated, and a ram murdered—represent the manipulation of truth and the terrifying power of propaganda used to eliminate any perceived threat to the regime.  Ultimately, the passage highlights the devastating consequences of unchecked power and the systematic dismantling of any semblance of equality and freedom, culminating in a grotesque display of violence and the expulsion of loyal subjects. 


---

Would you like me to analyze another passage, or perhaps explore a specific aspect of this one in more detail (e.g., the symbolism of the animals, the parallels to historical events)?"
animal_farm_002,animal_farm,gemma,gemma3:4b,"Nevertheless, the sight of Napoleon, on all fours, delivering orders to Whymper, who stood on two legs, roused their pride and partly reconciled them to the new arrangement. Their relations with the human race were now not quite the same as they had been before. The human beings did not hate Animal Farm any less now that it was prospering; indeed, they hated it more than ever. Every human being held it as an article of faith that the farm would go bankrupt sooner or later, and, above all, that the windmill would be a failure. They would meet in the public-houses and prove to one another by means of diagrams that the windmill was bound to fall down, or that if it did stand up, then that it would never work.","Here’s an interpretation of the passage, aiming for 3-5 sentences and addressing meaning, themes, and significance:

This passage reveals a chilling irony within the seemingly successful Animal Farm, demonstrating a persistent, deeply ingrained human cynicism. The humans’ renewed pride and cautious acceptance of the farm’s prosperity are immediately undercut by their unwavering belief in its inevitable downfall, suggesting a fundamental distrust of any system, even one achieved through animal labor.  The obsessive focus on the windmill – a symbol of ambition and potential failure – represents humanity's inherent tendency to sabotage progress and maintain a state of perpetual suspicion.  Ultimately, the passage highlights the enduring themes of power, control, and the human capacity for self-destructive negativity, mirroring Orwell’s critique of revolutionary ideals corrupted by ingrained prejudice."
animal_farm_003,animal_farm,gemma,gemma3:4b,"As for the dogs, when they grow old and toothless, Jones ties a brick round their necks and drowns them in the nearest pond. “Is it not crystal clear, then, comrades, that all the evils of this life of ours spring from the tyranny of human beings? Only get rid of Man, and the produce of our labour would be our own. Almost overnight we could become rich and free. Why, work night and day, body and soul, for the overthrow of the human race! That is my message to you, comrades: Rebellion! I do not know when that Rebellion will come, it might be in a week or in a hundred years, but I know, as surely as I see this straw beneath my feet, that sooner or later justice will be done. Fix your eyes on that, comrades, throughout the short remainder of your lives!","Here’s an interpretation of the passage, aiming for 3-5 sentences and addressing meaning, themes, and significance:

This passage reveals a chillingly pragmatic and manipulative ideology, delivered with fervent zeal by Jones. It utilizes a brutal act – the disposal of elderly dogs – to illustrate the Party’s ruthless determination to eliminate any perceived threat, extending this logic to humanity itself.  The core theme is the seductive power of simplistic solutions and the justification of violence through a promise of utopian liberation, revealing a dangerous disregard for individual life and the complexities of social change. Ultimately, the passage highlights the Party’s ability to incite blind faith and mobilize followers through a potent blend of fear, rhetoric, and a fabricated vision of justice. 


---

Would you like me to analyze another passage, or perhaps explore specific aspects of this one in more detail (e.g., the use of language, the portrayal of Jones, or the broader implications of the themes)?"
animal_farm_004,animal_farm,gemma,gemma3:4b,"They had been warned earlier that this sacrifice might be necessary, but had not believed that it would really happen. They were just getting their clutches ready for the spring sitting, and they protested that to take the eggs away now was murder. For the first time since the expulsion of Jones, there was something resembling a rebellion. Led by three young Black Minorca pullets, the hens made a determined effort to thwart Napoleon’s wishes. Their method was to fly up to the rafters and there lay their eggs, which smashed to pieces on the floor. He ordered the hens’ rations to be stopped, and decreed that any animal giving so much as a grain of corn to a hen should be punished by death. The dogs saw to it that these orders were carried out.","Here’s an interpretation of the passage, aiming for 3-5 sentences and addressing meaning, themes, and significance:

This passage vividly portrays the chillingly efficient oppression of Animal Farm, highlighting the consolidation of power under Napoleon’s tyrannical rule. The hens’ desperate act of laying their eggs in the rafters represents a poignant, almost heartbreaking, resistance against the Party’s increasingly brutal control and disregard for even the most basic instincts of survival.  The theme of lost autonomy and the suppression of individual desire is powerfully illustrated by the hens' futile rebellion, mirroring the broader erosion of freedom within the farm.  Ultimately, the passage underscores Orwell's critique of totalitarianism through the horrifyingly logical escalation of control – a seemingly minor act of defiance is met with disproportionate violence, demonstrating the Party’s absolute power and its willingness to eliminate any threat to its dominance. 


---

Would you like me to analyze another passage or perhaps explore a specific aspect of this interpretation in more detail?"
animal_farm_005,animal_farm,gemma,gemma3:4b,"There, comrades, is the answer to all our problems. It is summed up in a single word—Man. Man is the only real enemy we have. Remove Man from the scene, and the root cause of hunger and overwork is abolished for ever. “Man is the only creature that consumes without producing. He does not give milk, he does not lay eggs, he is too weak to pull the plough, he cannot run fast enough to catch rabbits. Yet he is lord of all the animals. He sets them to work, he gives back to them the bare minimum that will prevent them from starving, and the rest he keeps for himself. Our labour tills the soil, our dung fertilises it, and yet there is not one of us that owns more than his bare skin.","Here’s an interpretation of the passage, aiming for 3-5 sentences and addressing meaning, themes, and significance:

This passage from Animal Farm powerfully critiques societal hierarchies and exploitation through a fable-like narrative. The central argument – that “Man” is the sole source of all problems – represents a cynical and reductive explanation of human greed and dominion.  It highlights the inherent imbalance of power where a controlling entity (Man) benefits immensely from the labor of others (the animals), creating a system of perpetual servitude and deprivation.  Ultimately, the passage’s significance lies in its stark portrayal of how a seemingly simple observation can encapsulate complex themes of class struggle, injustice, and the corrupting influence of leadership. 


---

Would you like me to analyze another passage, or perhaps delve deeper into this one's themes?"
animal_farm_006,animal_farm,gemma,gemma3:4b,"It now appeared that Snowball was not, after all, hiding on Pinchfield Farm, and in fact had never been there in his life: he was living—in considerable luxury, so it was said—at Foxwood, and had in reality been a pensioner of Pilkington for years past. The pigs were in ecstasies over Napoleon’s cunning. By seeming to be friendly with Pilkington he had forced Frederick to raise his price by twelve pounds. But the superior quality of Napoleon’s mind, said Squealer, was shown in the fact that he trusted nobody, not even Frederick. Frederick had wanted to pay for the timber with something called a cheque, which, it seemed, was a piece of paper with a promise to pay written upon it. But Napoleon was too clever for him. He had demanded payment in real five-pound notes, which were to be handed over before the timber was removed.","Here’s an interpretation of the passage, aiming for 3-5 sentences and addressing meaning, themes, and significance:

This passage reveals the Party’s masterful manipulation of truth and its control over information, solidifying Napoleon’s tyrannical power. Through carefully constructed lies about Snowball’s whereabouts and his shrewd negotiation with Frederick, the pigs successfully exploited a naive foreign power and further silenced dissent. The reliance on a “cheque” – a symbol of modernity and trust – and Napoleon’s insistence on tangible currency highlights the Party’s deliberate rejection of progress and its preference for a brutal, archaic control. Ultimately, this scene underscores the novel’s central theme of propaganda and the devastating consequences of unquestioning obedience to a manipulative leader. 


---

Would you like me to analyze another passage or perhaps delve deeper into specific aspects of this one?"
animal_farm_007,animal_farm,gemma,gemma3:4b,"And when Squealer went on to give further graphic details of Boxer’s death-bed, the admirable care he had received, and the expensive medicines for which Napoleon had paid without a thought as to the cost, their last doubts disappeared and the sorrow that they felt for their comrade’s death was tempered by the thought that at least he had died happy. Napoleon himself appeared at the meeting on the following Sunday morning and pronounced a short oration in Boxer’s honour. It had not been possible, he said, to bring back their lamented comrade’s remains for interment on the farm, but he had ordered a large wreath to be made from the laurels in the farmhouse garden and sent down to be placed on Boxer’s grave. And in a few days’ time the pigs intended to hold a memorial banquet in Boxer’s honour.","Here’s an interpretation of the passage, aiming for 3-5 sentences and addressing meaning, themes, and significance:

This passage reveals the chilling manipulation at the heart of Orwell’s *Animal Farm*, demonstrating how Napoleon skillfully rewrites reality to maintain control. By fabricating a narrative of Boxer’s happiness and portraying himself as a generous benefactor, Napoleon effectively erased any potential guilt or dissent surrounding Boxer’s exploitation and brutal death. The lavish memorial – a wreath and a banquet – isn’t an expression of genuine grief, but a calculated propaganda effort designed to solidify Boxer's image as a loyal, contented worker and to further intimidate the other animals. Ultimately, this scene underscores the novel’s central themes of propaganda, the distortion of truth, and the complete subjugation of the working class through manufactured loyalty. 


---

Would you like me to analyze another passage, or perhaps delve deeper into this one with a specific question in mind?"
animal_farm_008,animal_farm,gemma,gemma3:4b,"It was announced that later, when bricks and timber had been purchased, a schoolroom would be built in the farmhouse garden. For the time being, the young pigs were given their instruction by Napoleon himself in the farmhouse kitchen. They took their exercise in the garden, and were discouraged from playing with the other young animals. About this time, too, it was laid down as a rule that when a pig and any other animal met on the path, the other animal must stand aside: and also that all pigs, of whatever degree, were to have the privilege of wearing green ribbons on their tails on Sundays. The farm had had a fairly successful year, but was still short of money.","Here’s an interpretation of the passage, aiming for 3-5 sentences and addressing meaning, themes, and significance:

This seemingly idyllic announcement of a schoolroom and Napoleon’s instruction subtly reveals the chilling control exerted by the pigs on Animal Farm. The prioritization of education for a select group – the young pigs – and the enforced segregation from other animals highlights the burgeoning totalitarian regime’s manipulation of language and tradition to solidify its power. The arbitrary rules, like the green ribbons, demonstrate the pigs’ obsession with appearances and their use of superficial rewards to maintain obedience and suppress dissent. Ultimately, the passage foreshadows the farm’s descent into a rigid, unequal society, where individual freedoms are sacrificed for the illusion of order and a carefully constructed hierarchy. 


---

Would you like me to analyze another passage, or perhaps explore a specific aspect of this interpretation in more detail (e.g., the symbolism of the pigs or the themes of control and propaganda)?"
animal_farm_009,animal_farm,gemma,gemma3:4b,"Rumours of a wonderful farm, where the human beings had been turned out and the animals managed their own affairs, continued to circulate in vague and distorted forms, and throughout that year a wave of rebelliousness ran through the countryside. Bulls which had always been tractable suddenly turned savage, sheep broke down hedges and devoured the clover, cows kicked the pail over, hunters refused their fences and shot their riders on to the other side. Above all, the tune and even the words of “Beasts of England” were known everywhere. It had spread with astonishing speed. The human beings could not contain their rage when they heard this song, though they pretended to think it merely ridiculous. They could not understand, they said, how even animals could bring themselves to sing such contemptible rubbish. Any animal caught singing it was given a flogging on the spot.","Here’s an interpretation of the passage, aiming for 3-5 sentences and addressing meaning, themes, and significance:

This passage powerfully depicts the nascent stages of rebellion within a rigidly controlled society, fueled by the persistent, almost mythical, promise of an animal-led utopia. The escalating, chaotic behavior of the animals – a direct consequence of their newfound agency – represents a symbolic eruption of suppressed humanity, mirroring the longing for freedom and equality.  The humans’ violent suppression of “Beasts of England,” a song representing animal solidarity, highlights the oppressive nature of their regime and their desperate attempt to maintain control through fear and denial. Ultimately, the passage underscores themes of oppression, resistance, and the potential for revolution sparked by the yearning for a just and equitable world. 


---

Would you like me to analyze another passage, or perhaps explore specific aspects of this one in more detail (e.g., the symbolism of the animals, the significance of ""Beasts of England,"" or the overall dystopian context)?"
animal_farm_010,animal_farm,gemma,gemma3:4b,"And the news soon leaked out that every pig was now receiving a ration of a pint of beer daily, with half a gallon for Napoleon himself, which was always served to him in the Crown Derby soup tureen. But if there were hardships to be borne, they were partly offset by the fact that life nowadays had a greater dignity than it had had before. There were more songs, more speeches, more processions. Napoleon had commanded that once a week there should be held something called a Spontaneous Demonstration, the object of which was to celebrate the struggles and triumphs of Animal Farm. At the appointed time the animals would leave their work and march round the precincts of the farm in military formation, with the pigs leading, then the horses, then the cows, then the sheep, and then the poultry.","Here’s an interpretation of the passage, aiming for 3-5 sentences and addressing meaning, themes, and significance:

This passage reveals the insidious corruption at the heart of Animal Farm, showcasing Napoleon’s increasingly decadent and authoritarian control. The lavish treatment of himself – a pint of beer and a Crown Derby tureen – directly contradicts the farm’s original egalitarian ideals, highlighting the pigs’ betrayal of their revolutionary principles.  The orchestrated ""Spontaneous Demonstrations,"" presented as celebrations of their struggle, are clearly a manipulative propaganda tool, reinforcing the animals’ obedience and maintaining a false image of unity. Ultimately, the passage underscores the novel’s central theme of how easily revolutionary ideals can be subverted and twisted for personal gain, demonstrating the tragic loss of genuine liberation. 


---

Would you like me to analyze a different passage, or perhaps delve deeper into this one with a specific focus (e.g., symbolism, character analysis)?"
animal_farm_011,animal_farm,gemma,gemma3:4b,"Hitherto the animals had had little or no contact with Whymper on his weekly visits: now, however, a few selected animals, mostly sheep, were instructed to remark casually in his hearing that rations had been increased. In addition, Napoleon ordered the almost empty bins in the store-shed to be filled nearly to the brim with sand, which was then covered up with what remained of the grain and meal. On some suitable pretext Whymper was led through the store-shed and allowed to catch a glimpse of the bins. He was deceived, and continued to report to the outside world that there was no food shortage on Animal Farm. Nevertheless, towards the end of January it became obvious that it would be necessary to procure some more grain from somewhere.","Here’s an interpretation of the passage, aiming for 3-5 sentences and addressing meaning, themes, and significance:

This passage reveals the chillingly effective manipulation at the heart of Animal Farm’s corruption. Napoleon’s calculated deception – the staged “increased rations” and the cleverly concealed sand – demonstrates a brutal shift from genuine egalitarianism towards a totalitarian regime built on lies. The theme of propaganda and the distortion of reality is powerfully established, showcasing how power can be maintained through fabricated appearances and carefully controlled narratives.  Ultimately, the passage signifies the complete erosion of Animal Farm’s original ideals, illustrating how the pigs’ ambition ultimately led to a system indistinguishable from the human oppression they’d initially sought to overthrow."
animal_farm_012,animal_farm,gemma,gemma3:4b,"Napoleon then led them back to the store-shed and served out a double ration of corn to everybody, with two biscuits for each dog. Then they sang “Beasts of England” from end to end seven times running, and after that they settled down for the night and slept as they had never slept before . But they woke at dawn as usual, and suddenly remembering the glorious thing that had happened, they all raced out into the pasture together. A little way down the pasture there was a knoll that commanded a view of most of the farm. The animals rushed to the top of it and gazed round them in the clear morning light. Yes, it was theirs—everything that they could see was theirs! In the ecstasy of that thought they gambolled round and round, they hurled themselves into the air in great leaps of excitement.","Here’s an interpretation of the passage, aiming for 3-5 sentences and addressing meaning, themes, and significance:

This passage depicts a pivotal, almost ecstatic, moment of rebellion and newfound freedom for the animals on the farm. The act of singing ""Beasts of England"" and receiving a double ration symbolizes a tangible victory against their oppressors, triggering a profound shift in their perception of ownership.  The rush to the knoll and the realization that “everything that they could see was theirs” represents the intoxicating power of collective action and the liberation from systematic exploitation. Ultimately, the passage highlights the enduring human (and animal) desire for autonomy and the transformative potential of a shared, joyous uprising against injustice. 


---

Would you like me to analyze another passage, or perhaps explore specific aspects of this one in more detail (e.g., the symbolism of “Beasts of England,” or the significance of the knoll)?"
animal_farm_013,animal_farm,gemma,gemma3:4b,"The next moment a choking roar of rage sounded from Napoleon’s apartments. The news of what had happened sped round the farm like wildfire. Frederick had got the timber for nothing! Napoleon called the animals together immediately and in a terrible voice pronounced the death sentence upon Frederick. When captured, he said, Frederick should be boiled alive. At the same time he warned them that after this treacherous deed the worst was to be expected. Frederick and his men might make their long-expected attack at any moment. Sentinels were placed at all the approaches to the farm. In addition, four pigeons were sent to Foxwood with a conciliatory message, which it was hoped might re-establish good relations with Pilkington. The very next morning the attack came.","Here’s an interpretation of the passage, aiming for 3-5 sentences and addressing meaning, themes, and significance:

This passage powerfully depicts the consolidation of tyrannical power within the animal farm, illustrating the swift and brutal nature of authoritarianism. Napoleon’s calculated cruelty – the death sentence and threat of boiling – reveals a chilling shift away from any semblance of justice and towards paranoid control, mirroring historical dictatorships. The immediate response – bolstering defenses, issuing threats, and attempting a deceptive olive branch – demonstrates the pigs’ manipulation and willingness to exploit fear to maintain dominance.  Ultimately, the sudden attack signifies the inevitable and devastating outcome of unchecked power and the farm’s descent into a cycle of violence and oppression, a bleak reflection on the corruption of revolution. 


---

Would you like me to analyze another passage, or perhaps delve deeper into this one with a specific focus (e.g., symbolism, character analysis)?"
animal_farm_014,animal_farm,gemma,gemma3:4b,"Old Major (so he was always called, though the name under which he had been exhibited was Willingdon Beauty) was so highly regarded on the farm that everyone was quite ready to lose an hour’s sleep in order to hear what he had to say. At one end of the big barn, on a sort of raised platform, Major was already ensconced on his bed of straw, under a lantern which hung from a beam. He was twelve years old and had lately grown rather stout, but he was still a majestic-looking pig, with a wise and benevolent appearance in spite of the fact that his tushes had never been cut. Before long the other animals began to arrive and make themselves comfortable after their different fashions.","Here’s an interpretation of the passage, aiming for 3-5 sentences and focusing on meaning, themes, and significance:

This opening establishes a striking contrast between revered wisdom and comfortable complacency, immediately signaling a critique of blind faith. The elaborate reverence surrounding “Old Major,” despite his unconventional exhibition name and lack of grooming, suggests a desperate yearning for leadership and guidance among the animals.  The barn setting, with its formal platform and lantern, elevates Major to a quasi-religious figure, hinting at a potential cult of personality and foreshadowing the unquestioning obedience that will ultimately drive the narrative. Ultimately, the passage establishes a deeply unsettling dynamic, suggesting a society primed for manipulation and the dangers of accepting authority without critical thought. 


Would you like me to analyze another passage, or perhaps delve deeper into this one’s elements?"
animal_farm_015,animal_farm,gemma,gemma3:4b,"With the ring of light from his lantern dancing from side to side, he lurched across the yard, kicked off his boots at the back door, drew himself a last glass of beer from the barrel in the scullery, and made his way up to bed, where Mrs. As soon as the light in the bedroom went out there was a stirring and a fluttering all through the farm buildings. Word had gone round during the day that old Major, the prize Middle White boar, had had a strange dream on the previous night and wished to communicate it to the other animals. It had been agreed that they should all meet in the big barn as soon as Mr. Jones was safely out of the way.","Here’s an interpretation of the passage, aiming for 3-5 sentences and addressing meaning, themes, and significance:

This passage establishes a tense and unsettling atmosphere, immediately signaling a disruption of the established order on the farm. The frantic actions of the farmer – a last indulgence before sleep – juxtaposed with the unsettling “stirring and fluttering” across the property, suggest a burgeoning rebellion fueled by a seemingly irrational impulse.  The dream of Old Major, a revered figure, represents the nascent desire for change and leadership, hinting at the revolutionary potential within the animal community and foreshadowing the themes of societal upheaval and questioning authority that will likely dominate the novel.  Ultimately, the passage sets the stage for a dramatic shift in power dynamics, moving beyond simple farming to grapple with complex ideas of equality and resistance. 


---

Would you like me to analyze another passage or perhaps explore a specific aspect of interpretation (e.g., focusing on symbolism or narrative technique)?"
animal_farm_016,animal_farm,gemma,gemma3:4b,"I have had a long life, I have had much time for thought as I lay alone in my stall, and I think I may say that I understand the nature of life on this earth as well as any animal now living. It is about this that I wish to speak to you. “Now, comrades, what is the nature of this life of ours? Let us face it: our lives are miserable, laborious, and short. We are born, we are given just so much food as will keep the breath in our bodies, and those of us who are capable of it are forced to work to the last atom of our strength; and the very instant that our usefulness has come to an end we are slaughtered with hideous cruelty. No animal in England knows the meaning of happiness or leisure after he is a year old.","Here’s an interpretation of the passage, aiming for 3-5 sentences and addressing meaning, themes, and significance:

This passage from a dystopian novel lays bare the brutal, cyclical nature of existence within a system of exploitation.  The old animal’s declaration – that life is “miserable, laborious, and short” – immediately establishes a bleak worldview defined by forced labor, scarcity, and ultimately, violent death.  The themes of oppression, dehumanization, and the loss of inherent worth resonate powerfully, foreshadowing a society stripped of dignity and freedom.  Significantly, the passage utilizes a familiar narrative structure – the wise elder imparting wisdom – to critique societal injustice and highlight the desperate plight of the oppressed, suggesting a rebellion against a predetermined, cruel fate."
animal_farm_017,animal_farm,gemma,gemma3:4b,"At last, feeling this to be in some way a substitute for the words she was unable to find, she began to sing “Beasts of England.” The other animals sitting round her took it up, and they sang it three times over—very tunefully, but slowly and mournfully, in a way they had never sung it before. They had just finished singing it for the third time when Squealer, attended by two dogs, approached them with the air of having something important to say. He announced that, by a special decree of Comrade Napoleon, “Beasts of England” had been abolished. From now onwards it was forbidden to sing it. “It’s no longer needed, comrade,” said Squealer stiffly. “‘Beasts of England’ was the song of the Rebellion. But the Rebellion is now completed. The execution of the traitors this afternoon was the final act.","Here’s an interpretation of the passage, aiming for 3-5 sentences and addressing meaning, themes, and significance:

This passage powerfully illustrates the Party’s insidious control through the systematic dismantling of even the most potent symbols of rebellion. The animals’ initial, heartfelt singing of “Beasts of England” represents a lingering hope and a connection to their original ideals, yet Squealer swiftly and ruthlessly eliminates it, signifying the Party’s complete dominance.  The banishment of the song underscores the theme of historical revisionism and the deliberate manipulation of memory, as the song’s significance – representing the Rebellion – is erased to solidify Napoleon’s power. Ultimately, the passage highlights the terrifying potential of totalitarian regimes to not only suppress dissent but to actively rewrite the past to maintain absolute control. 


---

Would you like me to analyze another passage, or perhaps delve deeper into the themes suggested by this one?"
animal_farm_018,animal_farm,gemma,gemma3:4b,"No creature called any other creature “Master.” All animals were equal. One day in early summer Squealer ordered the sheep to follow him, and led them out to a piece of waste ground at the other end of the farm, which had become overgrown with birch saplings. The sheep spent the whole day there browsing at the leaves under Squealer’s supervision. In the evening he returned to the farmhouse himself, but, as it was warm weather, told the sheep to stay where they were. It ended by their remaining there for a whole week, during which time the other animals saw nothing of them. Squealer was with them for the greater part of every day. He was, he said, teaching them to sing a new song, for which privacy was needed.","Here’s an interpretation of the passage, aiming for 3-5 sentences and addressing meaning, themes, and significance:

This seemingly innocuous scene subtly reveals the manipulative control exerted by Squealer within the totalitarian environment of Animal Farm.  The instruction to “follow him” and the sheep’s passive obedience highlights the erosion of genuine equality, demonstrating how power is maintained through subtle coercion and the creation of fabricated necessities—in this case, a pointless exercise disguised as instruction.  The isolation of the sheep for a week, coupled with Squealer's constant presence, speaks to a system designed to distract and control through manufactured needs, and ultimately underscores the novel’s chilling exploration of propaganda and the loss of individual autonomy within a collective.  This scene exemplifies the farm’s descent into a distorted parody of its original ideals. 


---

Would you like me to analyze another passage, or perhaps delve deeper into this interpretation with a specific focus (e.g., symbolism, character analysis)?"
animal_farm_019,animal_farm,gemma,gemma3:4b,"In sheer malignity, thinking to set back our plans and avenge himself for his ignominious expulsion, this traitor has crept here under cover of night and destroyed our work of nearly a year. Comrades, here and now I pronounce the death sentence upon Snowball. ‘Animal Hero, Second Class,’ and half a bushel of apples to any animal who brings him to justice. A full bushel to anyone who captures him alive!” The animals were shocked beyond measure to learn that even Snowball could be guilty of such an action. There was a cry of indignation, and everyone began thinking out ways of catching Snowball if he should ever come back. Almost immediately the footprints of a pig were discovered in the grass at a little distance from the knoll. They could only be traced for a few yards, but appeared to lead to a hole in the hedge.","Here’s an interpretation of the passage, aiming for 3-5 sentences and addressing meaning, themes, and significance:

This passage powerfully illustrates the chilling descent of power within the Animal Farm, revealing the corruption of revolutionary ideals. Napoleon’s brutal act of destroying Snowball’s work, fueled by spite and a desire for control, immediately establishes the totalitarian nature of the new regime. The reward system – a stark contrast to the initial egalitarianism – highlights the manipulation and paranoia central to the pigs’ dominance, while the panicked discovery of footprints underscores the animals' growing fear and the pigs’ deceptive control. Ultimately, the passage foreshadows the complete erosion of justice and the stifling of dissent, demonstrating how easily a utopian vision can be twisted into a nightmare of oppression. 

---

Would you like me to analyze another passage, or perhaps explore a specific aspect of this one in more detail (e.g., the symbolism of Snowball, the role of propaganda, or the themes of betrayal and manipulation)?"
animal_farm_020,animal_farm,gemma,gemma3:4b,"Last of all came the cat, who looked round, as usual, for the warmest place, and finally squeezed herself in between Boxer and Clover; there she purred contentedly throughout Major’s speech without listening to a word of what he was saying. All the animals were now present except Moses, the tame raven, who slept on a perch behind the back door. When Major saw that they had all made themselves comfortable and were waiting attentively, he cleared his throat and began: “Comrades, you have heard already about the strange dream that I had last night. But I will come to the dream later. I have something else to say first. I do not think, comrades, that I shall be with you for many months longer, and before I die, I feel it my duty to pass on to you such wisdom as I have acquired.","Here's an interpretation of the passage, aiming for 3-5 sentences and addressing meaning, themes, and significance:

This seemingly simple scene of a cat finding comfort amidst the animals underscores the profound themes of impending doom and the erosion of genuine connection within Animal Farm. The cat’s oblivious contentment, juxtaposed with Major’s serious speech about his impending death and the transmission of wisdom, highlights the animals’ inability to grasp the gravity of their situation and their detachment from meaningful discourse.  The inclusion of Moses, the symbol of blind faith and the old order, further emphasizes the farm’s descent into a state of passive acceptance, suggesting a loss of revolutionary fervor and a return to unquestioning obedience. Ultimately, the passage foreshadows the farm’s ultimate failure, illustrating how even amidst grand ideals, comfort and distraction can prevent true understanding and resistance. 


---

Would you like me to analyze another passage, or perhaps explore specific aspects of this interpretation in more detail?"
animal_farm_021,animal_farm,gemma,gemma3:4b,"In the end, however, she was found hiding in her stall with her head buried among the hay in the manger. She had taken to flight as soon as the gun went off. And when the others came back from looking for her, it was to find that the stable-lad, who in fact was only stunned, had already recovered and made off. The animals had now reassembled in the wildest excitement, each recounting his own exploits in the battle at the top of his voice. An impromptu celebration of the victory was held immediately. The flag was run up and “Beasts of England” was sung a number of times, then the sheep who had been killed was given a solemn funeral, a hawthorn bush being planted on her grave.","Here’s an interpretation of the passage, aiming for 3-5 sentences and addressing meaning, themes, and significance:

This seemingly simple scene of a rural celebration subtly exposes the fragility of rebellion and the desperate clinging to hope within a dystopian setting. The woman’s hidden retreat and the stable-lad’s convenient recovery reveal a system built on surveillance and manipulation, highlighting the impossibility of genuine resistance.  The exuberant, almost childlike, celebration – marked by revolutionary slogans and a poignant funeral – represents a fleeting, unconscious yearning for freedom and a connection to lost humanity, ultimately offering a poignant critique of societal control.  The act of planting a hawthorn bush symbolizes a futile yet deeply felt attempt to reclaim a lost natural order and mourn the cost of defiance. 


---

Would you like me to analyze another passage, or perhaps delve deeper into the interpretation of this one?"
animal_farm_022,animal_farm,gemma,gemma3:4b,"The animals crowded round the van. “Good-bye, Boxer!” they chorused, “good-bye!” “Fools! Fools!” shouted Benjamin, prancing round them and stamping the earth with his small hoofs. Do you not see what is written on the side of that van?” That gave the animals pause, and there was a hush. Muriel began to spell out the words. But Benjamin pushed her aside and in the midst of a deadly silence he read: “‘Alfred Simmonds, Horse Slaughterer and Glue Boiler, Willingdon. Kennels Supplied.’ Do you not understand what that means? They are taking Boxer to the knacker’s!” A cry of horror burst from all the animals. At this moment the man on the box whipped up his horses and the van moved out of the yard at a smart trot. All the animals followed, crying out at the tops of their voices. Clover forced her way to the front.","Here’s an interpretation of the passage, aiming for 3-5 sentences and addressing meaning, themes, and significance:

This passage powerfully illustrates the brutal dehumanization at the heart of George Orwell’s *Animal Farm*. The animals’ mournful farewell to Boxer reveals their blissful ignorance and the manipulative control exerted by the pigs, symbolized by Benjamin’s cynical intervention and the stark, revealing inscription on the van. The chilling message – “Alfred Simmonds, Horse Slaughterer…” – exposes the horrifying reality of their exploitation and the ultimate betrayal of their revolutionary ideals, demonstrating how the animals are destined to be reduced to mere commodities. Ultimately, the passage underscores the devastating consequences of blind faith and the corruption of power within a system built on inequity."
animal_farm_023,animal_farm,gemma,gemma3:4b,"And above all, pass on this message of mine to those who come after you, so that future generations shall carry on the struggle until it is victorious. “And remember, comrades, your resolution must never falter. No argument must lead you astray. Never listen when they tell you that Man and the animals have a common interest, that the prosperity of the one is the prosperity of the others. Man serves the interests of no creature except himself. And among us animals let there be perfect unity, perfect comradeship in the struggle. All animals are comrades.” At this moment there was a tremendous uproar. While Major was speaking four large rats had crept out of their holes and were sitting on their hindquarters, listening to him.","Here's an interpretation of the passage, aiming for 3-5 sentences and addressing meaning, themes, and significance:

This passage, delivered by the aged Major, establishes a fervent call to revolutionary action within *Animal Farm*, immediately signaling the novel’s central themes of rebellion and disillusionment.  Major’s impassioned speech, urging unwavering resolve and rejecting any notion of harmony between humans and animals, underscores the fundamental struggle against oppressive authority and the inherent selfishness of power. The inclusion of the listening rats – initially dismissed as insignificant – subtly highlights the potential for unexpected allies and the pervasive nature of betrayal within the nascent revolution. Ultimately, the passage establishes a bleak yet compelling vision of a future where relentless, uncompromising struggle is the only path to victory, a theme that becomes tragically ironic as the pigs seize control. 

---

Would you like me to analyze another passage, or perhaps explore specific aspects of this one in more detail (e.g., the symbolism of the rats)?"
animal_farm_024,animal_farm,gemma,gemma3:4b,"A white stripe down his nose gave him a somewhat stupid appearance, and in fact he was not of first-rate intelligence, but he was universally respected for his steadiness of character and tremendous powers of work. After the horses came Muriel, the white goat, and Benjamin, the donkey. Benjamin was the oldest animal on the farm, and the worst tempered. He seldom talked, and when he did, it was usually to make some cynical remark—for instance, he would say that God had given him a tail to keep the flies off, but that he would sooner have had no tail and no flies. Alone among the animals on the farm he never laughed. If asked why, he would say that he saw nothing to laugh at.","Here’s an interpretation of the passage, aiming for 3-5 sentences and addressing meaning, themes, and significance:

This passage establishes Benjamin as an anomaly within the rigidly structured animal society of the farm, highlighting the dangers of a stifled, logic-driven existence. His perceived “stupidity” and cynicism, born from a detached observation of the world, represent a rebellion against the enforced optimism and unquestioning obedience demanded by the farm’s leadership.  Benjamin’s bleak worldview—rejecting even the comforts of his existence—suggests a critique of the dehumanizing effects of a system that prioritizes productivity over genuine emotion and meaning, foreshadowing a deeper exploration of disillusionment and the loss of spiritual connection.  Ultimately, he embodies a quiet, unsettling skepticism that will become a central thread in the novel’s questioning of authority and societal norms. 

---

Would you like me to analyze another passage, or perhaps explore specific aspects of this one in more detail (like the symbolism of the animals or the themes present)?"
animal_farm_025,animal_farm,gemma,gemma3:4b,"There were the bricks, sand, and lime for the schoolroom to be purchased, and it would also be necessary to begin saving up again for the machinery for the windmill. Then there were lamp oil and candles for the house, sugar for Napoleon’s own table (he forbade this to the other pigs, on the ground that it made them fat), and all the usual replacements such as tools, nails, string, coal, wire, scrap-iron, and dog biscuits. A stump of hay and part of the potato crop were sold off, and the contract for eggs was increased to six hundred a week, so that that year the hens barely hatched enough chicks to keep their numbers at the same level. Rations, reduced in December, were reduced again in February, and lanterns in the stalls were forbidden to save oil.","Here’s an interpretation of the passage, aiming for 3-5 sentences and addressing meaning, themes, and significance:

This passage meticulously details the relentless, almost absurd, austerity gripping the family’s existence, highlighting the devastating consequences of deprivation and control. The constant need for replacements – from simple tools to luxury items like sugar – underscores the breakdown of basic comforts and the prioritization of the leader’s whims (Napoleon’s indulgence).  The reduced rations, curtailed luxuries, and suppressed hen productivity demonstrate a regime obsessed with maintaining power through scarcity and rigid control, reflecting broader themes of totalitarianism and the erosion of human dignity.  Ultimately, the passage powerfully illustrates how a system built on enforced limitation and a distorted sense of value can systematically dismantle a family’s life and hope. 


---

Would you like me to analyze another passage, or perhaps explore a specific aspect of this interpretation in more detail?"
animal_farm_026,animal_farm,gemma,gemma3:4b,"A rumour went round that Snowball had after all contrived to introduce poison into Napoleon’s food. At eleven o’clock Squealer came out to make another announcement. As his last act upon earth, Comrade Napoleon had pronounced a solemn decree: the drinking of alcohol was to be punished by death. By the evening, however, Napoleon appeared to be somewhat better, and the following morning Squealer was able to tell them that he was well on the way to recovery. By the evening of that day Napoleon was back at work, and on the next day it was learned that he had instructed Whymper to purchase in Willingdon some booklets on brewing and distilling. A week later Napoleon gave orders that the small paddock beyond the orchard, which it had previously been intended to set aside as a grazing-ground for animals who were past work, was to be ploughed up.","Here’s an interpretation of the passage, aiming for 3-5 sentences and addressing meaning, themes, and significance:

This passage masterfully illustrates the insidious nature of propaganda and manipulation within Orwell’s *Animal Farm*. The fabricated rumor surrounding Snowball immediately establishes a climate of fear and suspicion, demonstrating how easily truth can be twisted to serve the ruling power. Napoleon’s increasingly erratic decrees – the ban on alcohol followed by his sudden embrace of it – highlight the Party’s capacity to rewrite reality and control the animals' perceptions.  Ultimately, the final actions – purchasing brewing equipment and diverting land – reveal Napoleon’s ruthless pursuit of consolidating power and solidifying the farm’s transformation into a fundamentally oppressive system, mirroring the corruption of totalitarian regimes. 


---

Would you like me to analyze another passage, or perhaps delve deeper into the interpretation above?"
animal_farm_027,animal_farm,gemma,gemma3:4b,"“You have heard, then, comrades,” he said, “that we pigs now sleep in the beds of the farmhouse? You did not suppose, surely, that there was ever a ruling against beds ? A bed merely means a place to sleep in. A pile of straw in a stall is a bed, properly regarded. The rule was against sheets , which are a human invention. We have removed the sheets from the farmhouse beds, and sleep between blankets. And very comfortable beds they are too! But not more comfortable than we need, I can tell you, comrades, with all the brainwork we have to do nowadays. You would not rob us of our repose, would you, comrades? You would not have us too tired to carry out our duties?","Here’s an interpretation of the passage, aiming for 3-5 sentences and addressing meaning, themes, and significance:

This passage, dripping with subtle manipulation, reveals the pigs’ insidious control over the remaining human workers in the dystopian setting.  The carefully constructed denial – dismissing the “rule against sheets” – demonstrates a blatant distortion of truth and a calculated attempt to lull the humans into complacency.  The emphasis on comfort and the justification of needing rest for “brainwork” cleverly frames the pigs’ luxurious living as a necessary burden, solidifying their power through dependency and eroding any potential resistance.  Ultimately, the scene highlights the core themes of propaganda, deception, and the abuse of authority, showcasing how a seemingly simple shift in language can be a tool for complete domination. 


---

Would you like me to analyze another passage or perhaps explore specific aspects of this one in more detail (e.g., the use of rhetoric, the symbolism of the beds)?"
animal_farm_028,animal_farm,gemma,gemma3:4b,"But I believe that at the Battle of the Cowshed he was a good comrade.” “Our Leader, Comrade Napoleon,” announced Squealer, speaking very slowly and firmly, “has stated categorically—categorically, comrade—that Snowball was Jones’s agent from the very beginning—yes, and from long before the Rebellion was ever thought of.” “Ah, that is different!” said Boxer. “If Comrade Napoleon says it, it must be right.” “That is the true spirit, comrade!” cried Squealer, but it was noticed he cast a very ugly look at Boxer with his little twinkling eyes. He turned to go, then paused and added impressively: “I warn every animal on this farm to keep his eyes very wide open. For we have reason to think that some of Snowball’s secret agents are lurking among us at this moment!” Four days later, in the late afternoon, Napoleon ordered all the animals to assemble in the yard.","Here’s an interpretation of the passage, aiming for 3-5 sentences and addressing meaning, themes, and significance:

This passage powerfully illustrates the insidious nature of totalitarian control and propaganda within Orwell’s *Animal Farm*. Squealer’s deliberate fabrication regarding Snowball’s betrayal, coupled with Boxer’s unquestioning faith in the Leader, highlights the manipulation of truth and the suppression of critical thought. The carefully constructed lies, delivered with chilling precision, demonstrate how a ruling power can rewrite history and instill fear to maintain its dominance, effectively silencing dissent and fostering an environment of paranoia. Ultimately, the passage underscores the dangers of blind obedience and the corruption inherent in systems where power is concentrated and unchallenged."
animal_farm_029,animal_farm,gemma,gemma3:4b,"Nevertheless, without openly admitting it, he was devoted to Boxer; the two of them usually spent their Sundays together in the small paddock beyond the orchard, grazing side by side and never speaking. The two horses had just lain down when a brood of ducklings, which had lost their mother, filed into the barn, cheeping feebly and wandering from side to side to find some place where they would not be trodden on. Clover made a sort of wall round them with her great foreleg, and the ducklings nestled down inside it and promptly fell asleep. At the last moment Mollie, the foolish, pretty white mare who drew Mr. Jones’s trap, came mincing daintily in, chewing at a lump of sugar. She took a place near the front and began flirting her white mane, hoping to draw attention to the red ribbons it was plaited with.","Here’s an interpretation of the passage, aiming for 3-5 sentences and addressing meaning, themes, and significance:

This passage subtly reveals a profound sense of quiet solidarity and impending doom within the animal world of Animal Farm. The devotion between Boxer and his companion, expressed through unspoken routine, highlights the inherent need for connection and loyalty even in a system that promises equality.  The protective gesture of Clover towards the vulnerable ducklings mirrors the farm’s potential for genuine compassion, while Mollie’s frivolous behavior – prioritizing vanity and comfort – represents a critical deviation from the revolution’s ideals and foreshadows the corrupting influence of external values. Ultimately, the scene suggests the slow erosion of the farm’s original purpose and the descent into a world of superficiality and self-interest, a key theme of the novel’s critique of utopian ambitions. 


---

Would you like me to analyze another passage, or perhaps delve deeper into this one’s elements?"
animal_farm_030,animal_farm,gemma,gemma3:4b,"You cows that I see before me, how many thousands of gallons of milk have you given during this last year? And what has happened to that milk which should have been breeding up sturdy calves? Every drop of it has gone down the throats of our enemies. And you hens, how many eggs have you laid in this last year, and how many of those eggs ever hatched into chickens? The rest have all gone to market to bring in money for Jones and his men. And you, Clover, where are those four foals you bore, who should have been the support and pleasure of your old age? Each was sold at a year old—you will never see one of them again. In return for your four confinements and all your labour in the fields, what have you ever had except your bare rations and a stall?","Here’s an interpretation of the passage, aiming for 3-5 sentences and addressing meaning, themes, and significance:

This passage is a brutal indictment of the pigs’ exploitation of the farm animals, revealing a chillingly efficient system of control built on relentless calculation and the denial of any genuine reward.  The repetitive questioning – regarding milk, eggs, and foals – underscores the animals’ complete lack of agency and the pigs’ systematic dismantling of their lives for the benefit of their oppressors, Jones and his men.  The deliberate erasure of the animals’ futures – the sold foals, the wasted milk – highlights themes of loss, betrayal, and the complete negation of natural order and happiness.  Ultimately, the passage serves as a stark warning about the dangers of unchecked power and the devastating consequences of reducing sentient beings to mere cogs in a machine. 


---

Would you like me to analyze another passage, or perhaps explore a specific aspect of this interpretation in more detail (e.g., the symbolism of the animals themselves)?"
animal_farm_031,animal_farm,gemma,gemma3:4b,"Table of contents TITLE PAGE COPYRIGHT PAGE CONTENTS CHAPTER 1 CHAPTER 2 CHAPTER 3 CHAPTER 4 CHAPTER 5 CHAPTER 6 CHAPTER 7 CHAPTER 8 CHAPTER 9 CHAPTER 10 ABOUT THE AUTHOR Guide Cover Beginning Contents 1 2 3 4 5 6 7 8 9 10 11 12 13 14 15 16 17 18 19 20 21 22 23 24 25 26 27 28 29 30 31 32 33 34 35 36 37 38 39 40 41 42 43 44 45 46 47 48 49 50 51 52 53 54 55 56 57 58 59 60 61 62 63 64 65 66 67 68 69 70 71 72 73 74 75 76 77 78 79 80 81 82 83 84 85 86 87 88 89 90 91 92 93 94 95 96 97 98 99 100 101 102 103 104 105 106 107 108

This is a work of fiction.","Here’s an interpretation of the passage, aiming for 3-5 sentences, focusing on meaning, themes, and significance:

This seemingly innocuous listing of a book’s contents – a table of contents, title page, copyright page – is a potent symbol of control and erasure within a dystopian setting. The meticulous, almost sterile, presentation suggests a society where creativity, individuality, and even the very act of creation are rigidly categorized and regulated.  The deliberate lack of actual content beyond the structural elements powerfully conveys the absence of genuine narrative or independent thought, hinting at a world where stories and ideas are systematically stripped away.  Ultimately, this passage highlights the dangers of enforced standardization and the suppression of imaginative expression, a core theme often explored in dystopian literature. 


---

Would you like me to analyze a different passage, or perhaps explore a specific aspect of dystopian literature in more detail?"
animal_farm_032,animal_farm,gemma,gemma3:4b,"He had gone out alone to drag a load of stone down to the windmill. And sure enough, the rumour was true. A few minutes later two pigeons came racing in with the news: “Boxer has fallen! He is lying on his side and can’t get up!” About half the animals on the farm rushed out to the knoll where the windmill stood. There lay Boxer, between the shafts of the cart, his neck stretched out, unable even to raise his head. His eyes were glazed, his sides matted with sweat. A thin stream of blood had trickled out of his mouth. Clover dropped to her knees at his side. “Boxer!” she cried, “how are you?” “It is my lung,” said Boxer in a weak voice. I think you will be able to finish the windmill without me. There is a pretty good store of stone accumulated.","Here’s an interpretation of the passage, aiming for 3-5 sentences and addressing meaning, themes, and significance:

This passage is a stark depiction of impending doom and the systematic exploitation within a totalitarian society, mirroring the themes of sacrifice and disillusionment present in George Orwell's *Animal Farm*. Boxer’s catastrophic collapse, triggered by relentless work and ultimately a physical failure, represents the expendable nature of the working class – valued solely for their labor until utterly broken. The rushed response of the other animals, coupled with Boxer’s fatalistic acceptance (""I think you will be able to finish the windmill without me""), highlights the lack of genuine concern or empathy within the collective, revealing a system built on ignoring individual suffering for the sake of a misguided, imposed goal.  Ultimately, Boxer’s death serves as a chilling symbol of the inherent injustice and the inevitable betrayal of ideals in a world devoid of compassion. 


---

Would you like me to analyze another passage, or perhaps explore specific aspects of this one in more detail (e.g., the symbolism of the windmill, Boxer’s character)?"
animal_farm_033,animal_farm,gemma,gemma3:4b,"No animal in England is free. The life of an animal is misery and slavery: that is the plain truth. “But is this simply part of the order of nature? Is it because this land of ours is so poor that it cannot afford a decent life to those who dwell upon it? No, comrades, a thousand times no! The soil of England is fertile, its climate is good, it is capable of affording food in abundance to an enormously greater number of animals than now inhabit it. This single farm of ours would support a dozen horses, twenty cows, hundreds of sheep—and all of them living in a comfort and a dignity that are now almost beyond our imagining. Why then do we continue in this miserable condition? Because nearly the whole of the produce of our labour is stolen from us by human beings.","Here’s an interpretation of the passage, aiming for 3-5 sentences and addressing meaning, themes, and significance:

This passage powerfully establishes the core injustice of the dystopian setting – a state of systematic oppression and exploitation where even the animal kingdom is denied freedom and a basic quality of life. The speaker’s forceful denial of “natural order” or poverty as justification highlights the deliberate and malicious nature of the human’s control, suggesting a society built on theft and unequal distribution.  Ultimately, the passage explores themes of class struggle and systemic injustice, mirroring the revolutionary spirit of the novel’s human characters, and foreshadows a desperate fight for recognition and survival against a dominant, exploitative force.  It’s a stark indictment of power and a rallying cry for those denied their rightful share of resources. 


---

Would you like me to analyze another passage, or perhaps delve deeper into this one with a specific focus (e.g., analyzing the rhetorical devices used)?"
animal_farm_034,animal_farm,gemma,gemma3:4b,"They rolled in the dew, they cropped mouthfuls of the sweet summer grass, they kicked up clods of the black earth and snuffed its rich scent. Then they made a tour of inspection of the whole farm and surveyed with speechless admiration the ploughland, the hayfield, the orchard, the pool, the spinney. It was as though they had never seen these things before, and even now they could hardly believe that it was all their own. Then they filed back to the farm buildings and halted in silence outside the door of the farmhouse. That was theirs too, but they were frightened to go inside. After a moment, however, Snowball and Napoleon butted the door open with their shoulders and the animals entered in single file, walking with the utmost care for fear of disturbing anything.","Here’s an interpretation of the passage, aiming for 3-5 sentences and addressing meaning, themes, and significance:

This passage powerfully depicts the disorientation and nascent ownership experienced by the animals following the revolution, highlighting the fragility of their newfound freedom. The simple act of experiencing nature – rolling in dew, eating grass – represents a primal connection they’ve been denied, emphasizing the profound impact of their previous oppression.  The “speechless admiration” of the farm’s bounty suggests a genuine awe and a recognition of its value, mirroring a lost sense of human appreciation for the land.  Ultimately, their fear of the farmhouse underscores the unsettling shift in power and the uncertain future of their utopian dream, foreshadowing the inevitable corruption and control. 


---

Would you like me to analyze another passage, or perhaps explore specific aspects of this one in more detail (e.g., the symbolism of the animals, the representation of power)?"
animal_farm_035,animal_farm,gemma,gemma3:4b,"The dogs had suddenly caught sight of them, and it was only by a swift dash for their holes that the rats saved their lives. Major raised his trotter for silence. “Comrades,” he said, “here is a point that must be settled. The wild creatures, such as rats and rabbits—are they our friends or our enemies? Let us put it to the vote. I propose this question to the meeting: Are rats comrades?” The vote was taken at once, and it was agreed by an overwhelming majority that rats were comrades. There were only four dissentients, the three dogs and the cat, who was afterwards discovered to have voted on both sides. Major continued : “I have little more to say. I merely repeat, remember always your duty of enmity towards Man and all his ways. Whatever goes upon two legs is an enemy.","Here’s an interpretation of the passage, aiming for 3-5 sentences and addressing meaning, themes, and significance:

This passage establishes a chillingly logical and deeply unsettling dystopia where animal relationships are dictated by rigid, artificial classifications. Major’s attempt to solidify the “comradeship” of rats reveals the totalitarian control exerted by the animal leadership and the deliberate manipulation of identity for the sake of enforcing obedience. The theme of dehumanization is powerfully illustrated through the demonization of “Man and all his ways,” highlighting the regime's rejection of human connection and fostering a dangerous, exclusionary worldview. Ultimately, the passage underscores the dangers of ideological purity and the potential for a society built on arbitrary distinctions to justify oppression and violence. 


---

Would you like me to analyze another passage, or perhaps delve deeper into this one’s specific elements?"
animal_farm_036,animal_farm,gemma,gemma3:4b,"“And even the miserable lives we lead are not allowed to reach their natural span. For myself I do not grumble, for I am one of the lucky ones. I am twelve years old and have had over four hundred children. Such is the natural life of a pig. But no animal escapes the cruel knife in the end. You young porkers who are sitting in front of me, every one of you will scream your lives out at the block within a year. To that horror we all must come—cows, pigs, hens, sheep, everyone. Even the horses and the dogs have no better fate. You, Boxer, the very day that those great muscles of yours lose their power, Jones will sell you to the knacker, who will cut your throat and boil you down for the foxhounds.","Here’s an interpretation of the passage, aiming for 3-5 sentences and addressing meaning, themes, and significance:

This chilling passage from George Orwell’s *Animal Farm* establishes a stark and brutal reality of controlled existence, illustrating the pigs' deliberate manipulation and terrorization of the other animals. The meticulous tracking of each animal’s lifespan, coupled with the impending doom of the “block,” represents the complete lack of autonomy and the systematic denial of natural life cycles under totalitarian rule.  The passage powerfully explores themes of oppression, sacrifice, and the horrifying consequences of a revolution corrupted by power, suggesting that even the most seemingly loyal creatures are ultimately expendable in the pigs’ pursuit of control.  Ultimately, it serves as a grim warning about the dangers of unchecked authority and the loss of individual dignity. 

---

Would you like me to analyze another passage, or perhaps delve deeper into this one with a different focus (e.g., specific literary devices used)?"
animal_farm_037,animal_farm,gemma,gemma3:4b,"He had flogged an old horse to death, he starved his cows, he had killed a dog by throwing it into the furnace, he amused himself in the evenings by making cocks fight with splinters of razor-blade tied to their spurs. The animals’ blood boiled with rage when they heard of these things being done to their comrades, and sometimes they clamoured to be allowed to go out in a body and attack Pinchfield Farm, drive out the humans, and set the animals free. But Squealer counselled them to avoid rash actions and trust in Comrade Napoleon’s strategy. Nevertheless, feeling against Frederick continued to run high. One Sunday morning Napoleon appeared in the barn and explained that he had never at any time contemplated selling the pile of timber to Frederick; he considered it beneath his dignity, he said, to have dealings with scoundrels of that description.","Here’s an interpretation of the passage, aiming for 3-5 sentences and addressing meaning, themes, and significance:

This passage powerfully depicts the insidious control exerted by totalitarian regimes through manipulation and propaganda. Squealer’s counsel to the animals reveals the Party’s ability to twist reality and justify horrific acts – like needless cruelty – through carefully crafted narratives. The simmering resentment fueled by events like the dog’s death and the cocks’ fights underscores the animals’ inherent morality and the injustice of their situation, while Napoleon’s blatant lie about the timber highlights his deceptive power and the complete erosion of truth. Ultimately, the passage serves as a chilling allegory for how propaganda can be used to maintain power and silence dissent, even when confronted with justifiable outrage. 


---

Would you like me to analyze another passage, or perhaps delve deeper into specific aspects of this one?"
animal_farm_038,animal_farm,gemma,gemma3:4b,"Three of them had their heads broken by blows from Boxer’s hoofs; another was gored in the belly by a cow’s horn; another had his trousers nearly torn off by Jessie and Bluebell. And when the nine dogs of Napoleon’s own bodyguard, whom he had instructed to make a detour under cover of the hedge, suddenly appeared on the men’s flank, baying ferociously, panic overtook them. They saw that they were in danger of being surrounded. Frederick shouted to his men to get out while the going was good, and the next moment the cowardly enemy was running for dear life. The animals chased them right down to the bottom of the field, and got in some last kicks at them as they forced their way through the thorn hedge. They had won, but they were weary and bleeding. Slowly they began to limp back towards the farm.","Here’s an interpretation of the passage, aiming for 3-5 sentences and addressing meaning, themes, and significance:

This passage vividly portrays the brutal and utterly ruthless nature of Napoleon’s regime, showcasing the pigs’ willingness to inflict violence and terror upon any perceived threat. The graphic descriptions of injuries – inflicted by Boxer, a cow, and even the other animals – underscore the complete disregard for animal life and the establishment of absolute power through fear.  The panicked retreat of the humans highlights the pigs’ manipulation and the animals’ tragic descent into a state of mindless obedience, illustrating themes of totalitarianism and the loss of individual agency. Ultimately, the “victory” is hollow and marked by suffering, signifying the devastating cost of blindly following a tyrannical leader. 


---

Would you like me to analyze another passage, or perhaps delve deeper into this one with a specific focus (e.g., analyzing a particular symbol or character)?"
animal_farm_039,animal_farm,gemma,gemma3:4b,"Names, characters, organizations, places, events, and incidents are either products of the author’s imagination or are used fictitiously. Any resemblance to actual persons, living or dead, or actual events is purely coincidental. No part of this work may be reproduced, or stored in a retrieval system, or transmitted in any form or by any means, electronic, mechanical, photocopying, recording, or otherwise, without express written permission of the publisher. Published by AmazonClassics, Seattle www.apub.com Amazon, the Amazon logo, and AmazonClassics are trademarks of Amazon.com , Inc., or its affiliates. ISBN-13: 9781542026741 (hardcover) ISBN-10: 1542026741 (hardcover) ISBN-13: 9781542026734 (paperback) ISBN-10: 1542026733 (paperback) eISBN: 9781542026727 Series design by Jeff Miller, Faceout Studio

CHAPTER 1 Mr. Jones, of the Manor Farm, had locked the hen-houses for the night, but was too drunk to remember to shut the popholes.","Here's an interpretation of the passage, aiming for 3-5 sentences and focusing on meaning, themes, and significance:

This seemingly mundane opening establishes a core dystopian motif of chaotic, systemic failure within a seemingly idyllic setting – the farm of Mr. Jones. The absurd detail of a drunk farmer forgetting basic tasks like securing livestock and closing doors immediately signals a breakdown of order and control, hinting at a larger, more profound societal collapse.  The passage’s inclusion of legal disclaimers and publication details underscores the artificiality and constructed nature of this world, suggesting the narrative itself is a carefully curated fabrication, perhaps mirroring the manufactured reality of the dystopia. Ultimately, it’s a chilling introduction that sets the stage for a narrative likely exploring themes of oppression, loss of agency, and the corruption of fundamental institutions. 

---

Would you like me to analyze another passage, or perhaps delve deeper into this one’s specific implications?"
animal_farm_040,animal_farm,gemma,gemma3:4b,"They did not know which was more shocking—the treachery of the animals who had leagued themselves with Snowball, or the cruel retribution they had just witnessed. In the old days there had often been scenes of bloodshed equally terrible, but it seemed to all of them that it was far worse now that it was happening among themselves. Since Jones had left the farm, until today, no animal had killed another animal. Not even a rat had been killed. They had made their way on to the little knoll where the half-finished windmill stood, and with one accord they all lay down as though huddling together for warmth—Clover, Muriel, Benjamin, the cows, the sheep, and a whole flock of geese and hens—everyone, indeed, except the cat, who had suddenly disappeared just before Napoleon ordered the animals to assemble. Only Boxer remained on his feet.","Here’s an interpretation of the passage, aiming for 3-5 sentences and addressing meaning, themes, and significance:

This passage marks a chilling turning point in *Animal Farm*, signifying the complete erosion of the revolution’s ideals and the descent into brutal, self-serving tyranny. The shocking violence – specifically the deliberate killing of Snowball – underscores the pigs’ escalating paranoia and ruthless consolidation of power, shattering the farm’s foundational principle of equality.  The fact that this bloodshed has never occurred “among themselves” before highlights the pigs’ manipulative subversion of the original animal logic, while Boxer’s steadfastness symbolizes the exploited and ultimately betrayed loyalty of the working class.  Finally, the cat’s sudden disappearance and Boxer's remaining standing serve as a chilling premonition of the complete isolation and surveillance that will characterize the farm’s future under Napoleon’s rule."
animal_farm_041,animal_farm,gemma,gemma3:4b,"Sometimes the older ones among them racked their dim memories and tried to determine whether in the early days of the Rebellion, when Jones’s expulsion was still recent, things had been better or worse than now. There was nothing with which they could compare their present lives: they had nothing to go upon except Squealer’s lists of figures, which invariably demonstrated that everything was getting better and better. The animals found the problem insoluble; in any case, they had little time for speculating on such things now. Only old Benjamin professed to remember every detail of his long life and to know that things never had been, nor ever could be much better or much worse—hunger, hardship, and disappointment being, so he said, the unalterable law of life. And yet the animals never gave up hope.","Here’s an interpretation of the passage, aiming for 3-5 sentences and addressing meaning, themes, and significance:

This passage powerfully illustrates the insidious nature of propaganda and the erosion of truth within a totalitarian regime. The older animals’ futile attempts to recall a “better” past highlight the deliberate manipulation of history by Squealer, who uses fabricated data to create a false sense of progress. Benjamin’s cynical pronouncements – that conditions are eternally unchanging – represent a bleak acceptance of their oppression, while simultaneously suggesting a profound understanding of the system’s deceit. Ultimately, the animals’ persistent hope, despite the overwhelming evidence of their predicament, serves as a poignant symbol of the enduring human (or animal) spirit’s refusal to surrender to despair, even in the face of systematic manipulation. 


---

Would you like me to analyze another passage, or perhaps explore a specific aspect of this one in more detail (e.g., the character of Benjamin)?"
animal_farm_042,animal_farm,gemma,gemma3:4b,"At the same time there were renewed rumours that Frederick and his men were plotting to attack Animal Farm and to destroy the windmill, the building of which had aroused furious jealousy in him. Snowball was known to be still skulking on Pinchfield Farm. In the middle of the summer the animals were alarmed to hear that three hens had come forward and confessed that, inspired by Snowball, they had entered into a plot to murder Napoleon. They were executed immediately, and fresh precautions for Napoleon’s safety were taken. Four dogs guarded his bed at night, one at each corner, and a young pig named Pinkeye was given the task of tasting all his food before he ate it, lest it should be poisoned. At about the same time it was given out that Napoleon had arranged to sell the pile of timber to Mr.","Here’s an interpretation of the passage, aiming for 3-5 sentences and addressing meaning, themes, and significance:

This passage reveals the chilling consolidation of power under Napoleon on Animal Farm, demonstrating the brutal paranoia and surveillance that now define the regime. The rumors of rebellion, the fabricated plot involving the hens, and the extreme measures taken to protect Napoleon – including armed guards and a dedicated food taster – illustrate the complete erosion of the original ideals of equality and freedom.  Ultimately, the passage highlights the novel's central theme of totalitarianism, showcasing how fear and manipulation are used to maintain absolute control and suppress any dissent.  It underscores the tragic irony of the animals' revolution, transformed into a far more oppressive system than the one they sought to overthrow. 


---

Would you like me to analyze another passage, or perhaps explore specific aspects of this one in more detail (like the symbolism of the windmill or the representation of propaganda)?"
animal_farm_043,animal_farm,gemma,gemma3:4b,"The windmill had ceased to exist! At this sight the animals’ courage returned to them. The fear and despair they had felt a moment earlier were drowned in their rage against this vile, contemptible act. A mighty cry for vengeance went up, and without waiting for further orders they charged forth in a body and made straight for the enemy. This time they did not heed the cruel pellets that swept over them like hail. It was a savage, bitter battle. The men fired again and again, and, when the animals got to close quarters, lashed out with their sticks and their heavy boots. A cow, three sheep, and two geese were killed, and nearly everyone was wounded. Even Napoleon, who was directing operations from the rear, had the tip of his tail chipped by a pellet. But the men did not go unscathed either.","Here’s an interpretation of the passage, aiming for 3-5 sentences and addressing meaning, themes, and significance:

This passage marks a pivotal shift in *Animal Farm*, signifying the animals’ resurgence of rebellious spirit after their initial defeat. The destruction of the windmill, a symbol of their hard-won progress, ignites a furious, almost primal rage, demonstrating the inherent need for resistance against oppression.  The violent and chaotic battle underscores the brutal reality of their struggle and highlights themes of revenge, sacrifice, and the desperate lengths to which individuals will go to reclaim control. Ultimately, the passage reveals the animals’ willingness to embrace a savage, less-refined form of fighting, illustrating the corrupting influence of power and the tragic loss of their initial utopian ideals. 


---

Would you like me to analyze another passage, or perhaps explore specific aspects of this one in more detail (e.g., symbolism, character development)?"
animal_farm_044,animal_farm,gemma,gemma3:4b,"Then Snowball (for it was Snowball who was best at writing) took a brush between the two knuckles of his trotter, painted out MANOR FARM from the top bar of the gate and in its place painted ANIMAL FARM. This was to be the name of the farm from now onwards. After this they went back to the farm buildings, where Snowball and Napoleon sent for a ladder which they caused to be set against the end wall of the big barn. They explained that by their studies of the past three months the pigs had succeeded in reducing the principles of Animalism to Seven Commandments. These Seven Commandments would now be inscribed on the wall; they would form an unalterable law by which all the animals on Animal Farm must live for ever after.","Here’s an interpretation of the passage, aiming for 3-5 sentences and addressing meaning, themes, and significance:

This passage marks a pivotal, chilling moment of power consolidation on Animal Farm, illustrating the nascent corruption at its core. Snowball’s deliberate renaming of the farm – from a symbol of hopeful aspiration to a starkly ironic ""Animal Farm"" – signifies the pigs’ immediate subversion of the revolution’s ideals.  The inscription of the Seven Commandments represents a calculated attempt to control the animals' thoughts and behavior through a rigid, legally-binding system, foreshadowing the totalitarian regime to come. Ultimately, this scene highlights the dangers of ideological manipulation and the swift descent from revolutionary fervor into authoritarian rule, establishing a key theme of Orwell's novel: the abuse of power disguised as progress."
animal_farm_045,animal_farm,gemma,gemma3:4b,"At first they pretended to laugh to scorn the idea of animals managing a farm for themselves. The whole thing would be over in a fortnight, they said. They put it about that the animals on the Manor Farm (they insisted on calling it the Manor Farm; they would not tolerate the name “Animal Farm”) were perpetually fighting among themselves and were also rapidly starving to death. When time passed and the animals had evidently not starved to death, Frederick and Pilkington changed their tune and began to talk of the terrible wickedness that now flourished on Animal Farm. It was given out that the animals there practised cannibalism, tortured one another with red-hot horseshoes, and had their females in common. This was what came of rebelling against the laws of Nature, Frederick and Pilkington said. However, these stories were never fully believed.","Here’s an interpretation of the passage, aiming for 3-5 sentences and addressing meaning, themes, and significance:

This passage subtly critiques revolutionary movements through the distorted narratives of the opposing humans, Frederick and Pilkington. Initially dismissing the animals’ farm as chaotic and failing, they quickly shift their rhetoric to paint a terrifying picture of Animal Farm – a landscape of brutality and unrestrained savagery. This manipulation highlights the danger of propaganda and the ease with which a dissenting group can be demonized, twisting reality to discredit the revolution’s successes. Ultimately, the passage foreshadows the corruption of the Animal Farm’s ideals, suggesting that even well-intentioned rebellion can be subverted by those seeking to maintain power and control. 


---

Would you like me to analyze another passage, or perhaps delve deeper into the interpretation of this one?"
animal_farm_046,animal_farm,gemma,gemma3:4b,"All the men were gone except one. Back in the yard Boxer was pawing with his hoof at the stable-lad who lay face down in the mud, trying to turn him over. “He is dead,” said Boxer sorrowfully. “I had no intention of doing that. I forgot that I was wearing iron shoes. Who will believe that I did not do this on purpose?” “No sentimentality, comrade!” cried Snowball, from whose wounds the blood was still dripping. The only good human being is a dead one.” “I have no wish to take life, not even human life,” repeated Boxer, and his eyes were full of tears. For a moment there was great alarm; it was feared that the men might have harmed her in some way, or even carried her off with them.","Here’s an interpretation of the passage, aiming for 3-5 sentences, focusing on meaning, themes, and significance:

This chilling passage reveals the brutal dehumanization at the heart of the dystopian society, showcasing Boxer’s tragic descent into violence and the chilling logic of its ruling elite.  Boxer’s accidental killing of the stable-lad, compounded by Snowball’s cynical pronouncement that “the only good human being is a dead one,” underscores the complete eradication of empathy and compassion. The scene powerfully illustrates the theme of state-sponsored violence and the manipulation of language to justify horrific acts, while Boxer’s genuine sorrow highlights the devastating loss of individual conscience within a totalitarian regime. Ultimately, the passage serves as a stark warning about the dangers of unchecked power and the systematic destruction of human connection. 


---

Would you like me to analyze another passage, or perhaps delve deeper into this one by exploring specific literary devices used?"
animal_farm_047,animal_farm,gemma,gemma3:4b,"Boxer saw them coming and put out his great hoof, caught a dog in mid-air, and pinned him to the ground. The dog shrieked for mercy and the other two fled with their tails between their legs. Boxer looked at Napoleon to know whether he should crush the dog to death or let it go. Napoleon appeared to change countenance, and sharply ordered Boxer to let the dog go, whereat Boxer lifted his hoof, and the dog slunk away, bruised and howling. The four pigs waited, trembling, with guilt written on every line of their countenances. Napoleon now called upon them to confess their crimes. They were the same four pigs as had protested when Napoleon abolished the Sunday Meetings.","Here’s an interpretation of the passage, aiming for 3-5 sentences and addressing meaning, themes, and significance:

This passage powerfully illustrates the brutal and arbitrary control exerted by Napoleon in Oceania, showcasing the terrifying consequences of unquestioning obedience. Boxer’s initial act of violence, followed by Napoleon’s capricious intervention, highlights the manipulation of power and the lack of genuine justice within the regime. The trembling pigs and their forced confession underscore the systematic deceit and fear instilled by Napoleon, reinforcing the novel’s central theme of totalitarianism and the corruption of leadership. Ultimately, the repetition of the earlier protest demonstrates the pigs’ ingrained dishonesty and their role as agents of manipulation, solidifying the chilling idea that even minor dissent can be swiftly and brutally suppressed. 


---

Would you like me to analyze another passage, or perhaps delve deeper into the specific aspects of this one (e.g., the symbolism of Boxer, the implications of the pigs' actions)?"
animal_farm_048,animal_farm,gemma,gemma3:4b,"The pigeons who were still sent out to spread tidings of the Rebellion were forbidden to set foot anywhere on Foxwood, and were also ordered to drop their former slogan of “Death to Humanity” in favour of “Death to Frederick.” In the late summer yet another of Snowball’s machinations was laid bare. The wheat crop was full of weeds, and it was discovered that on one of his nocturnal visits Snowball had mixed weed seeds with the seed corn. A gander who had been privy to the plot had confessed his guilt to Squealer and immediately committed suicide by swallowing deadly nightshade berries. The animals now also learned that Snowball had never—as many of them had believed hitherto—received the order of “Animal Hero, First Class.” This was merely a legend which had been spread some time after the Battle of the Cowshed by Snowball himself.","Here’s an interpretation of the passage, aiming for 3-5 sentences and addressing meaning, themes, and significance:

This passage reveals the chillingly manipulative tactics employed by Snowball within the totalitarian regime of Animal Farm. By silencing the rebellion’s message and fabricating his own heroic past, Snowball demonstrates a profound disregard for truth and loyalty, solidifying his control through deception and fear. The deliberate sabotage of the wheat crop, culminating in a gruesome act of self-destruction, highlights the brutal consequences of dissent and the Party’s willingness to employ extreme violence to maintain power. Ultimately, the passage underscores Orwell’s core theme of propaganda and the corruption of revolutionary ideals, exposing how easily narratives can be twisted to serve the interests of the powerful."
animal_farm_049,animal_farm,gemma,gemma3:4b,"First came the three dogs, Bluebell, Jessie, and Pincher, and then the pigs, who settled down in the straw immediately in front of the platform. The hens perched themselves on the window-sills, the pigeons fluttered up to the rafters, the sheep and cows lay down behind the pigs and began to chew the cud. The two cart-horses, Boxer and Clover, came in together, walking very slowly and setting down their vast hairy hoofs with great care lest there should be some small animal concealed in the straw. Clover was a stout motherly mare approaching middle life, who had never quite got her figure back after her fourth foal. Boxer was an enormous beast, nearly eighteen hands high, and as strong as any two ordinary horses put together.","Here’s an interpretation of the passage, aiming for 3-5 sentences and addressing meaning, themes, and significance:

This passage meticulously establishes a scene of unsettling order within a confined space, immediately signaling a loss of natural autonomy and a rigid, controlled environment. The diverse collection of farm animals, each described with precise detail – from the cautious Boxer to Clover’s burdened physique – represents a population reduced to mere components within a system, devoid of individual agency.  The meticulous care taken to ensure no ""small animal"" is present speaks to a paranoia and a desperate attempt to maintain this artificial tranquility, hinting at a deeper suppression of life and freedom. Ultimately, the scene foreshadows the novel’s core themes of oppression, loss of identity, and the systematic dismantling of natural order within a dystopian society. 


---

Would you like me to analyze another passage or perhaps delve deeper into specific aspects of this interpretation?"
fahrenheit_000,fahrenheit,gemma,gemma3:4b,"That was the year I came to class at the start of the new semester and found only one student to sign up for Drama from Aeschylus to O'Neill. How like a beautiful statue of ice it was, melting in the sun. I remember the newspapers dying like huge moths. And the Government, seeing how advantageous it was to have people reading only about passionate lips and the fist in the stomach, circled the situation with your fire-eaters. So, Montag, there's this unemployed printer. We might start a few books, and wait on the war to break the pattern and give us the push we need. A few bombs and the 'families' in the walls of all the houses, like harlequin rats, will shut up! In silence, our stage-whisper might carry.” They both stood looking at the book on the table. “I've tried to remember,” said Montag.","Here's an interpretation of the passage, aiming for 3-5 sentences, focusing on meaning, themes, and significance:

This passage depicts a bleak, post-conflict world where intellectual curiosity and artistic expression have been systematically extinguished, symbolized by the single student and the decaying newspapers. The “fire-eaters” – the Government – actively suppress genuine thought and emotion, preferring a populace consumed by superficial narratives of passion and violence.  Montag's nascent plan to print books represents a desperate, almost suicidal, attempt to reignite critical thinking and challenge the established order, fueled by the potential chaos of war. The image of ""harlequin rats"" suggests a breakdown of societal norms and the unsettling possibility of a violent, uncontrolled resurgence of humanity. Ultimately, the passage highlights themes of censorship, the suppression of art, and the fragile hope for rebellion in a deeply controlled environment. 


---

Would you like me to analyze another passage, or perhaps delve deeper into the interpretation of this one?"
fahrenheit_001,fahrenheit,gemma,gemma3:4b,"You and I and who else will set the fires?” “Aren't there professors like yourself, former writers, historians, linguists…?” “Dead or ancient.” “The older the better; they'll go unnoticed. You know dozens, admit it!” “Oh, there are many actors alone who haven't acted Pirandello or Shaw or Shakespeare for years because their plays are too aware of the world. And we could use the honest rage of those historians who haven't written a line for forty years. True, we might form classes in thinking and reading.” “Yes!” “But that would just nibble the edges. The skeleton needs melting and re-shaping. Good God, it isn't as simple as just picking up a book you laid down half a century ago. Remember, the firemen are rarely necessary. The public itself stopped reading of its own accord.","Here’s an interpretation of the passage, aiming for 3-5 sentences and addressing meaning, themes, and significance:

This passage depicts a chillingly pragmatic discussion about eliminating dissent – the deliberate burning of intellectuals and the past. The speaker’s insistence on “dead or ancient” figures underscores a desire to erase inconvenient knowledge and critical thought, reflecting a society desperately seeking to suppress any questioning of the established order.  The conversation highlights themes of censorship, historical revisionism, and the dangers of a populace losing its ability to engage with complex ideas, suggesting a deeply unsettling future where literacy and critical analysis have become relics. Ultimately, the passage’s significance lies in its stark portrayal of a world where the very foundations of intellectual inquiry have been deliberately destroyed, leaving only a malleable, easily controlled public."
fahrenheit_002,fahrenheit,gemma,gemma3:4b,"He crouched and then he sat and the voice of the front door spoke again, more insistently. Montag picked a single small volume from the floor. “Where do we begin?” He opened the book half-way and peered at it. “We begin by beginning, I guess.” “He'll come in,” said Mildred, “and burn us and the books!” The front door voice faded at last. Montag felt the presence of someone beyond the door, waiting, listening. Then the footsteps going away down the walk and over the lawn. “Let's see what this is,” said Montag. He spoke the words haltingly and with a terrible selfconsciousness. He read a dozen pages here and there and came at last to this: “'It is computed that eleven thousand persons have at several times suffered death rather than submit to break eggs at the smaller end.”' Mildred sat across the hall from him.","Here’s an interpretation of the passage, aiming for 3-5 sentences and addressing meaning, themes, and significance:

This passage powerfully depicts Montag’s burgeoning rebellion against the sterile, controlling society through his clandestine act of reading. The insistent voice of the door symbolizes the ever-present threat of the authorities and the enforced ignorance of the regime, while the small volume represents a dangerous, illicit connection to knowledge and independent thought.  Montag’s hesitant reading of the absurd and seemingly pointless passage – a satirical fable – highlights the profound loss of meaning and value in his world, a world where logic has been warped into cruelty. Ultimately, the passage signifies the pivotal moment where Montag consciously chooses to engage with the forbidden, marking a crucial step towards rejecting the societal programming and embracing a deeper understanding of himself and the world around him. 


---

Would you like me to analyze another passage, or perhaps delve deeper into this one’s specific elements?"
fahrenheit_003,fahrenheit,gemma,gemma3:4b,"It makes me cold.” “It doesn't think anything we don't want it to think.” “That's sad,” said Montag, quietly, “because all we put into it is hunting and finding and killing. What a shame if that's all it can ever know.”' Beatty snorted, gently. It's a fine bit of craftsmanship, a good rifle that can fetch its own target and guarantees the bull's-eye every time.” “That's why,” said Montag. ""I wouldn't want to be its next victim. You got a guilty conscience about something?” Montag glanced up swiftly. Beatty stood there looking at him steadily with his eyes, while his mouth opened and began to laugh, very softly. One two three four five six seven days. And as many times he came out of the house and Clarisse was there somewhere in the world.","Here’s an interpretation of the passage, aiming for 3-5 sentences and addressing meaning, themes, and significance:

This passage reveals Montag’s growing despair and the chilling logic of the technologically advanced world he inhabits. The conversation surrounding the rifle – a tool designed for efficient, emotionless killing – highlights the novel’s central theme of humanity’s erosion through reliance on cold, calculating technology. Montag’s chilling realization – “What a shame if that’s all it can ever know” – underscores his fear that humanity is being reduced to a purely functional, violent existence, devoid of empathy and understanding.  The repetition of “one two three four five six seven days” and Clarisse’s constant presence, despite Montag’s attempts to escape, emphasizes the suffocating nature of this manufactured reality and his desperate yearning for genuine connection. 


---

Would you like me to analyze another passage, or perhaps delve deeper into this one with a different focus (e.g., examining a specific character’s motivations)?"
fahrenheit_004,fahrenheit,gemma,gemma3:4b,"PART ONE: The Hearth and the Salamander. It was a pleasure to burn. It was a special pleasure to see things eaten, to see things blackened and changed. With the brass nozzle in his fists, with this great python spitting its venomous kerosene upon the world, the blood pounded in his head, and his hands were the hands of some amazing conductor playing all the symphonies of blazing and burning to bring down the tatters and charcoal ruins of history. With his symbolic helmet numbered 451 on his stolid head, and his eyes all orange flame with the thought of what came next, he flicked the igniter and the house jumped up in a gorging fire that burned the evening sky red and yellow and black. He strode in a swarm of fireflies.","Here’s an interpretation of the passage, aiming for 3-5 sentences and addressing meaning, themes, and significance:

This passage vividly depicts the chilling initiation of Guy Montag into the role of a book-burning fireman, embodying the destructive impulses of a society devoid of critical thought. The imagery of “burning,” “blackened,” and “charcoal ruins” powerfully symbolizes the systematic eradication of knowledge and the suppression of individual expression – a key theme of censorship and totalitarian control.  Montag’s actions, fueled by a perverse pleasure and a fervent desire to “bring down the tatters,” represent the chilling efficiency of propaganda and the dangerous consequences of unquestioning obedience.  Ultimately, the passage serves as a stark warning about the potential for technology and ideological fervor to be used as instruments of destruction, both literal and intellectual. 


---

Would you like me to analyze another passage or perhaps delve deeper into a particular aspect of this interpretation?"
fahrenheit_005,fahrenheit,gemma,gemma3:4b,"Don't think the police don't know the habits of queer ducks like that, men who walk mornings for the hell of it, or for reasons of insomnia. Anyway, the police have had him charted for months, years. Never know when that sort of information might be handy. And today, it turns out, it's very usable indeed. Oh, God, look there!” The men at the fire bent forward. On the screen, a man turned a corner. The Mechanical Hound rushed forward into the viewer, suddenly. The helicopter light shot down a dozen brilliant pillars that built a cage all about the man. The search is done!” The innocent man stood bewildered, a cigarette burning in his hand. He stared at the Hound, not knowing what it was. He glanced up at the sky and the wailing sirens.","Here’s an interpretation of the passage, aiming for 3-5 sentences and addressing meaning, themes, and significance:

This chilling scene depicts the brutal and utterly impersonal surveillance state at the heart of the novel, showcasing the Party’s complete control through meticulously collected data and relentless pursuit. The “queer ducks,” or individuals exhibiting deviations from prescribed behavior, become readily identifiable and ultimately expendable victims, highlighting themes of paranoia, conformity, and the suppression of individuality. The Mechanical Hound and the helicopter represent the terrifying efficiency and lack of empathy of the regime, transforming a simple act of walking into a horrifying death sentence.  Ultimately, the passage underscores the novel's central critique of totalitarianism and the erosion of human agency through constant monitoring and the dehumanizing power of technology. 


---

Would you like me to analyze another passage, or perhaps explore a specific aspect of this interpretation further (e.g., the symbolism of the Hound, the implications of ""queer ducks"")?"
fahrenheit_006,fahrenheit,gemma,gemma3:4b,"“Well?” The old man took a deep breath, held it, and let it out. He took another, eyes closed, his mouth tight, and at last exhaled. “Montag…” The old man turned at last and said, “Come along. I would actually have let you walk right out of my house. I am a cowardly old fool.” Faber opened the bedroom door and led Montag into a small chamber where stood a table upon which a number of metal tools lay among a welter of microscopic wire-hairs, tiny coils, bobbins, and crystals. I've lived alone so many years, throwing images on walls with my imagination. Fiddling with electronics, radio-transmission, has been my hobby. My cowardice is of such a passion, complementing the revolutionary spirit that lives in its shadow, I was forced to design this.” He picked up a small green-metal object no larger than a 22 bullet.","Here’s an interpretation of the passage, aiming for 3-5 sentences and addressing meaning, themes, and significance:

This passage reveals a crucial turning point in Montag’s journey toward rebellion, highlighting the profound influence of hidden knowledge and the dangers of conformity. The old man, Faber, represents a reservoir of suppressed intellectual resistance, revealed through his deliberate, almost theatrical breath-holding, symbolizing the desperate need to break free from the oppressive control of the regime. Faber’s self-deprecating admission of cowardice underscores the insidious nature of societal conditioning and the lengths to which individuals will go to avoid confronting authority.  The meticulously crafted workshop – a space built for clandestine communication and manipulation – signifies the desperate, almost illicit, pursuit of truth and the potential for individual action against a seemingly insurmountable system, ultimately suggesting a fragile but vital revolutionary spirit. 


---

Would you like me to analyze another passage, or perhaps explore a specific aspect of this interpretation in more detail (e.g., the symbolism of the tools, the theme of imagination, etc.)?"
fahrenheit_007,fahrenheit,gemma,gemma3:4b,"Laughter blew across the moon-coloured lawn from the house of Clarisse and her father and mother and the uncle who smiled so quietly and so earnestly. Above all, their laughter was relaxed and hearty and not forced in any way, coming from the house that was so brightly lit this late at night while all the other houses were kept to themselves in darkness. Montag heard the voices talking, talking, talking, giving, talking, weaving, reweaving their hypnotic web. Montag moved out through the french windows and crossed the lawn, without even thinking of it. He stood outside the talking house in the shadows, thinking he might even tap on their door and whisper, “Let me come in.","Here’s an interpretation of the passage, aiming for 3-5 sentences and addressing meaning, themes, and significance:

This passage depicts Montag’s burgeoning fascination with the seemingly idyllic world of Clarisse and her family, representing a stark contrast to the sterile, isolated existence he’s accustomed to. The description of their “relaxed and hearty” laughter, emanating from a brightly lit house amidst the surrounding darkness, immediately signals a rejection of the enforced conformity and quiet desperation of his own society.  Montag’s almost instinctive movement towards the house, and his impulse to knock and invite himself in, suggests a profound yearning for connection, genuine emotion, and a world unbound by the oppressive silence of the dystopian regime.  Ultimately, the passage highlights the core theme of the novel – the seductive power of authentic human experience against a backdrop of control and suppression – and positions Clarisse’s household as a potential catalyst for Montag's transformation. 


---

Would you like me to analyze another passage, or perhaps delve deeper into this one with a different focus (e.g., examining specific literary devices)?"
fahrenheit_008,fahrenheit,gemma,gemma3:4b,"“In again out again Finnegan, the Army called Pete yesterday. Forty-eight hours they said, and everyone home. Pete was called yesterday and they said he'd be, back next week. Quick…” The three women fidgeted and looked nervously at the empty mud-coloured walls. “I'll let Pete do all the worrying.” She giggled. “I'll let old Pete do all the worrying. I'm not worried.” “Yes,” said Millie. “Let old Pete do the worrying.” “It's always someone else's husband dies, they say.” “I've heard that, too. I've never known any dead man killed in a war. Killed jumping off buildings, yes, like Gloria's husband last week, but from wars? No.” “Not from wars,” said Mrs. “Anyway, Pete and I always said, no tears, nothing like that. It's our third marriage each and we're independent.","Here’s an interpretation of the passage, aiming for 3-5 sentences and addressing meaning, themes, and significance:

This seemingly banal conversation amongst three women reveals a deeply unsettling dystopia stripped of genuine emotion and historical connection. The repetition of ""in again out again"" and the detached pronouncements about Pete’s delayed return highlight a system prioritizing efficiency and control over individual grief and remembrance. The casual dismissal of war casualties—shifting blame to “jumping off buildings” and emphasizing the women’s third marriages—demonstrates a deliberate erasure of trauma and a manufactured sense of normalcy. Ultimately, the passage underscores a chilling theme of emotional suppression and the manipulation of memory within a totalitarian regime, suggesting a society built on a foundation of manufactured indifference. 

---

Would you like me to analyze another passage, or perhaps delve deeper into this one and discuss specific literary devices used?"
fahrenheit_009,fahrenheit,gemma,gemma3:4b,"The people in this book, this play, this TV serial are not meant to represent any actual painters, cartographers, mechanics anywhere. The bigger your market, Montag, the less you handle controversy, remember that! All the minor minor minorities with their navels to be kept clean. Authors, full of evil thoughts, lock up your typewriters. Magazines became a nice blend of vanilla tapioca. Books, so the damned snobbish critics said, were dishwater. No wonder books stopped selling, the critics said. But the public, knowing what it wanted, spinning happily, let the comic books survive. And the three-dimensional sex-magazines, of course. It didn't come from the Government down. There was no dictum, no declaration, no censorship, to start with, no! Technology, mass exploitation, and minority pressure carried the trick, thank God.","Here’s an interpretation of the passage, aiming for 3-5 sentences and addressing meaning, themes, and significance:

This darkly humorous passage reveals a chillingly efficient mechanism of control – not through overt censorship, but through the deliberate suppression of intellectual and artistic pursuits. The narrator explicitly states that the fictional characters are designed to avoid controversy, reflecting a society prioritizing mass consumption and blandness over challenging ideas. The passage highlights themes of manufactured consent, the insidious power of market forces and minority pressure to dictate cultural tastes, and the erosion of genuine expression. Ultimately, it suggests a dystopia built not on forceful suppression, but on a subtle, technologically-driven manipulation of public desire, demonstrating how a comfortable, unthinking populace can be cultivated."
fahrenheit_010,fahrenheit,gemma,gemma3:4b,"The faces of those enamelled creatures meant nothing to him, though he talked to them and stood in that church for a long time, trying to be of that religion, trying to know what that religion was, trying to get enough of the raw incense and special dust of the place into his lungs and thus into his blood to feel touched and concerned by the meaning of the colourful men and women with the porcelain eyes and the blood-ruby lips. But there was nothing, nothing; it was a stroll through another store, and his currency strange and unusable there, and his passion cold, even when he touched the wood and plaster and clay.","Here’s an interpretation of the passage, aiming for 3-5 sentences, considering meaning, themes, and significance:

This passage depicts a profound sense of alienation and the failure of external rituals to provide genuine connection. The protagonist’s futile attempts to participate in a religious ceremony – marked by the “enamelled creatures” and their vacant expressions – highlight the emptiness of a system devoid of authentic emotion or belief.  The church becomes a sterile, transactional space, mirroring the protagonist’s own detached state, and emphasizes themes of spiritual decay and the inability to find solace in manufactured faith. Ultimately, the passage suggests a critique of societies where appearances and performative devotion replace genuine feeling and meaning. 


---

Would you like me to analyze another passage, or perhaps delve deeper into the analysis of this one?"
fahrenheit_011,fahrenheit,gemma,gemma3:4b,"It was a strange quiet meeting. The old man admitted to being a retired English professor who had been thrown out upon the world forty years ago when the last liberal arts college shut for lack of students and patronage. His name was Faber, and when he finally lost his fear of Montag, he talked in a cadenced voice, looking at the sky and the trees and the green park, and when an hour had passed he said something to Montag and Montag sensed it was a rhymeless poem. Then the old man grew even more courageous and said something else and that was a poem, too. Faber held his hand over his left coat-pocket and spoke these words gently, and Montag knew if he reached out, he might pull a book of poetry from the man's coat. But he did not reach out.","Here’s an interpretation of the passage, aiming for 3-5 sentences and addressing meaning, themes, and significance:

This passage immediately establishes a desperate yearning for lost knowledge and beauty within the sterile, controlled world of the novel. Faber’s existence as a forgotten academic, expelled for his outdated liberal arts beliefs, symbolizes the systematic erasure of intellectual and artistic pursuits by the dystopian regime. The rhythmic, rhymeless poems he delivers represent a primal, uncorrupted form of human expression—a direct challenge to the government’s suppression of emotion and critical thought. Montag’s hesitant restraint in reaching for the potential book underscores the immense risk associated with seeking this forbidden knowledge, highlighting the profound fear instilled by the oppressive society. 

---

Would you like me to analyze another passage, or perhaps explore a specific aspect of this interpretation in more detail (e.g., the symbolism of the poems)?"
fahrenheit_012,fahrenheit,gemma,gemma3:4b,"Had he ever seen a fireman that didn't have black hair, black brows, a fiery face, and a blue-steel shaved but unshaved look? These men were all mirror-images of himself! Were all firemen picked then for their looks as well as their proclivities? The colour of cinders and ash about them, and the continual smell of burning from their pipes. Captain Beatty there, rising in thunderheads of tobacco smoke. Beatty opening a fresh tobacco packet, crumpling the cellophane into a sound of fire. Montag looked at the cards in his own hands. About the man whose library we fixed. What happened to him?” “They took him screaming off to the asylum.” “He wasn't insane.” Beatty arranged his cards quietly. “Any man's insane who thinks he can fool the Government and us.” “I've tried to imagine,” said Montag, “just how it would feel.","Here’s an interpretation of the passage, aiming for 3-5 sentences and addressing meaning, themes, and significance:

This passage reveals the chillingly systematic control exerted by the dystopian society through the manipulation of individual identity and the suppression of independent thought. The repeated descriptions of the firemen – mirroring Montag himself – highlight the government’s deliberate selection of individuals who embody conformity and a chillingly detached intellect.  The fate of the former librarian, sent to an asylum for simply questioning the system, underscores the regime’s brutal silencing of dissent and the blurring of the line between sanity and rebellion.  Ultimately, Beatty’s pronouncements suggest that genuine questioning is itself considered a form of madness, solidifying the novel’s central themes of surveillance, thought control, and the erosion of personal freedom. 


---

Would you like me to analyze another passage, or perhaps explore a specific aspect of this one in more detail (e.g., the symbolism of fire, the character of Beatty)?"
fahrenheit_013,fahrenheit,gemma,gemma3:4b,"“Grandfather's been dead for all these years, but if you lifted my skull, by God, in the convolutions of my brain you'd find the big ridges of his thumbprint. As I said earlier, he was a sculptor. 'I hate a Roman named Status Quo!' he said to me. 'Stuff your eyes with wonder,' he said, 'live as if you'd drop dead in ten seconds. It's more fantastic than any dream made or paid for in factories. Ask no guarantees, ask for no security, there never was such an animal. And if there were, it would be related to the great sloth which hangs upside down in a tree all day every day, sleeping its life away. To hell with that,' he said, 'shake the tree and knock the great sloth down on his ass.'” “Look!” cried Montag. And the war began and ended in that instant.","Here’s an interpretation of the passage, aiming for 3-5 sentences and addressing meaning, themes, and significance:

This passage is a potent rejection of complacency and a fervent call to radical, unscripted living, deeply rooted in the wisdom of a subversive grandfather. Through the physical metaphor of his thumbprint within the speaker's brain, the grandfather embodies a legacy of rebellion against societal stagnation, symbolized by the “Roman named Status Quo.” The repeated exhortations – ""stuff your eyes with wonder,"" ""ask no guarantees"" – highlight the dangers of accepting predetermined narratives and the importance of embracing a passionate, fleeting existence.  Finally, the abrupt, violent “war” initiated by Montag represents the inevitable consequence of refusing to passively accept this defiant spirit, suggesting that true freedom demands a willingness to disrupt the established order, even if only momentarily. 

---

Would you like me to analyze a different passage, or perhaps delve deeper into this one with a particular focus (e.g., symbolism, character development)?"
fahrenheit_014,fahrenheit,gemma,gemma3:4b,"Then Faber moved and put out his hand and grabbed Montag and moved him in and sat him down and went back and stood in the door, listening. The sirens were wailing off in the morning distance. He came in and shut the door. Montag said, “I've been a fool all down the line. I'm on my way God knows where.” “At least you were a fool about the right things,” said Faber. The audio-capsule I gave you —” “Burnt.” “I heard the captain talking to you and suddenly there was nothing. I almost came out looking for you.” “The captain's dead. He found the audio-capsule, he heard your voice, he was going to trace it. I killed him with the flamethrower.” Faber sat down and did not speak for a time. “My God, how did this happen?” said Montag.","Here’s an interpretation of the passage, aiming for 3-5 sentences and addressing meaning, themes, and significance:

This pivotal scene reveals Montag’s profound realization of his past ignorance and the devastating consequences of his initial resistance to conformity. Faber’s words – “At least you were a fool about the right things” – highlight the novel’s central theme of valuing independent thought and questioning authority, even if it leads to destructive actions. The shocking revelation of Faber’s murder of the captain, achieved through a desperate act of self-preservation and rebellion, underscores the extreme lengths to which individuals will go to protect their newfound enlightenment within a repressive society.  Ultimately, the passage demonstrates the perilous journey towards truth and the moral ambiguities inherent in fighting against a system built on control and silence. 


---

Would you like me to analyze another passage, or perhaps explore a specific aspect of this one in more detail (e.g., the symbolism of the audio-capsule)?"
fahrenheit_015,fahrenheit,gemma,gemma3:4b,"They would have killed me, thought Montag, swaying, the air still torn and stirring about him in dust, touching his bruised cheek. For no reason at all in the world they would have killed me. He walked toward the far kerb telling each foot to go and keep going. Somehow he had picked up the spilled books; he didn't remember bending or touching them. He kept moving them from hand to hand as if they were a poker hand he could not figure. I wonder if they were the ones who killed Clarisse? He stopped and his mind said it again, very loud. I wonder if they were the ones who killed Clarisse! He wanted to run after them yelling. The thing that had saved him was falling flat.","Here's an interpretation of the passage, aiming for 3-5 sentences and addressing meaning, themes, and significance:

This passage reveals Montag's disorientation and burgeoning paranoia following his near-fatal encounter, highlighting the destabilizing effect of the dystopian world. The illogical nature of his potential death – “for no reason at all” – underscores the arbitrary and oppressive control exerted by the regime, suggesting a fear of independent thought.  Montag’s obsessive focus on the books he inexplicably collected, coupled with his unsettling question about Clarisse’s death, points to a deep-seated guilt and a desperate attempt to grasp some semblance of order in a chaotic reality. Ultimately, the “falling flat” of the saving element emphasizes the futility of his efforts and the profound sense of loss and uncertainty he experiences as he grapples with the implications of his awakening. 


---

Would you like me to analyze another passage, or perhaps explore a specific element of this one in more detail (e.g., the symbolism of the books)?"
fahrenheit_016,fahrenheit,gemma,gemma3:4b,"She looked up suddenly, saw him, and nodded. She was an expert at lip-reading from ten years of apprenticeship at Seashell ear-thimbles. She set the toaster clicking away at another piece of bread. His wife said, “I don't know why I should be so hungry.” “You —?” “I'm hungry.” “Last night,” he began. I can't figure it.” “Last night —” he said again. “What about last night?” “Don't you remember?” “What? Did we have a wild party or something? Who was here?” “A few people,” he said. “That's what I thought.” She chewed her toast. “Sore stomach, but I'm hungry as all-get-out. Hope I didn't do anything foolish at the party.” “No,” he said, quietly. The toaster spidered out a piece of buttered bread for him. He held it in his hand, feeling grateful. “You don't look so hot yourself,” said his wife.","Here’s an interpretation of the passage, aiming for 3-5 sentences and addressing meaning, themes, and significance:

This seemingly mundane exchange reveals a chillingly sterile and fragmented reality within a dystopian society. The reliance on “ear-thimbles” and the husband’s bewildered questioning about a “wild party” suggests a profound loss of memory and individual experience, likely controlled or manufactured by the ruling power. The couple's anxieties about hunger and a “sore stomach” are unsettlingly presented as significant concerns, highlighting a lack of autonomy and perhaps even a systematic deprivation of basic needs. Ultimately, the passage underscores themes of surveillance, memory manipulation, and the erosion of personal identity within a tightly controlled environment, demonstrating the dehumanizing effects of a society where genuine connection and recollection are absent."
fahrenheit_017,fahrenheit,gemma,gemma3:4b,"You firemen provide a circus now and then at which buildings are set off and crowds gather for the pretty blaze, but it's a small sideshow indeed, and hardly necessary to keep things in line. So few want to be rebels any more. And out of those few, most, like myself, scare easily. Can you dance faster than the White Clown, shout louder than 'Mr. If you can, you'll win your way, Montag. In any event, you're a fool. People are having fun —” “Committing suicide! Murdering!” A bomber flight had been moving east all the time they talked, and only now did the two men stop and listen, feeling the great jet sound tremble inside themselves. Let the war turn off the 'families.' Our civilization is flinging itself to pieces. Stand back from the centrifuge.” “There has to be someone ready when it blows up.” “What?","Here’s an interpretation of the passage, aiming for 3-5 sentences and addressing meaning, themes, and significance:

This passage reveals a chillingly detached reality within a dystopian society where firemen’s destructive displays are merely a manipulative tactic to suppress dissent and maintain control. The “circus” of burning buildings highlights the emptiness of the populace’s engagement, evidenced by their easily-distracted amusement and the characters’ own fear – symbolizing the complete erosion of rebellious spirit.  The impending bomber flight represents a desperate, violent solution to societal collapse, a “centrifuge” designed to destroy everything, yet ironically, a silent hope for someone to survive the ensuing chaos.  Ultimately, the passage underscores themes of control, apathy, and the terrifying potential for a catastrophic, self-destructive response to a broken civilization. 


---

Would you like me to analyze a different passage, or perhaps delve deeper into the interpretation of this one?"
fahrenheit_018,fahrenheit,gemma,gemma3:4b,"How like trying to put out fires with water-pistols, how senseless and insane. One rage turned in for another. When would he stop being entirely mad and be quiet, be very quiet indeed? “Here we go!” Montag looked up. Beatty never drove, but he was driving tonight, slamming the Salamander around corners, leaning forward high on the driver's throne, his massive black slicker flapping out behind so that he seemed a great black bat flying above the engine, over the brass numbers, taking the full wind. “Here we go to keep the world happy, Montag!” Beatty's pink, phosphorescent cheeks glimmered in the high darkness, and he was smiling furiously. “Here we are!” The Salamander boomed to a halt, throwing men off in slips and clumsy hops. Montag stood fixing his raw eyes to the cold bright rail under his clenched fingers. I can't do it, he thought.","Here’s an interpretation of the passage, aiming for 3-5 sentences:

This passage powerfully illustrates the futility and escalating madness within the dystopian world of Fahrenheit 451. Montag’s frustration with Beatty’s increasingly chaotic and performative attempts to enforce happiness – symbolized by the wildly driven Salamander – highlights the senselessness of the regime’s actions. Beatty’s manic behavior, illuminated by the unsettling glow of his face, represents the hollow and ultimately destructive nature of the society’s obsession with superficial contentment.  Montag’s desperate clinging to the rail underscores his internal resistance and the agonizing impossibility of accepting this manufactured joy, revealing a core theme of individual rebellion against a suffocating, oppressive order. 

---

Would you like me to analyze another passage, or perhaps delve deeper into this one with a specific focus (e.g., symbolism, character analysis)?"
fahrenheit_019,fahrenheit,gemma,gemma3:4b,"Do you hate me for this electronic cowardice of mine? Here I am sending you out into the night, while I stay behind the lines with my damned ears listening for you to get your head chopped off.” “We all do what we do,” said Montag. He put the Bible in the old man's hands. I'll chance turning in a substitute. Tomorrow —” “I'll see the unemployed printer, yes; that much I can do.” “Good night, Professor.” “Not good night. I'll be with you the rest of the night, a vinegar gnat tickling your ear when you need me. But good night and good luck, anyway.” The door opened and shut. Montag was in the dark street again, looking at the world. You could feel the war getting ready in the sky that night.","Here’s an interpretation of the passage, aiming for 3-5 sentences and addressing meaning, themes, and significance:

This poignant exchange reveals a profound sense of anxiety and desperate loyalty within a chaotic, war-torn environment. The Professor’s self-sacrificing actions – sending a messenger into danger while remaining vulnerable – highlight the themes of sacrifice, fear, and the breakdown of traditional authority in the face of overwhelming conflict.  His final, almost unsettling, declaration – a “vinegar gnat” offering constant, intrusive support – suggests a clinging need for connection and protection, mirroring the wider societal anxieties about surveillance and loss of individual autonomy.  Ultimately, the passage powerfully conveys the escalating tension and the palpable sense of impending doom, symbolized by the “war getting ready in the sky,” emphasizing the dehumanizing effects of conflict."
fahrenheit_020,fahrenheit,gemma,gemma3:4b,"He smelled the heavy musk-like perfume mingled with blood and the gummed exhalation of the animal's breath, all cardamon and moss and ragweed odour in this huge night where the trees ran at him, pulled away, ran, pulled away, to the pulse of the heart behind his eyes. There must have been a billion leaves on the land; he waded in them, a dry river smelling of hot cloves and warm dust. There was a smell like a cut potato from all the land, raw and cold and white from having the moon on it most of the night. There was a smell like pickles from a bottle and a smell like parsley on the table at home. There was a faint yellow odour like mustard from a jar. There was a smell like carnations from the yard next door.","Here’s an interpretation of the passage, aiming for 3-5 sentences and addressing meaning, themes, and significance:

This intensely sensory passage immediately establishes a profoundly unsettling and disorienting environment, likely representing the protagonist’s fractured psyche within a dystopian setting. The overwhelming and contradictory smells – a bizarre blend of natural and domestic – suggest a loss of connection to reality and a blurring of boundaries, perhaps reflecting the systematic manipulation of memory and experience characteristic of the novel. The “river” of leaves and the cyclical movement of the trees emphasize a sense of being trapped and adrift, while the specific, almost nostalgic smells evoke a lost, idealized past now corrupted. Ultimately, the passage highlights the theme of sensory deprivation and the struggle to maintain identity in a world stripped of familiar comforts and genuine experience. 


---

Would you like me to analyze another passage, or perhaps explore specific aspects of this one in more detail (e.g., the symbolism of the smells)?"
fahrenheit_021,fahrenheit,gemma,gemma3:4b,"The poor girl's better off dead.” “Yes, dead.” “Luckily, queer ones like her don't happen, often. We know how to nip most of them in the bud, early. You can't build a house without nails and wood. If you don't want a house built, hide the nails and wood. If you don't want a man unhappy politically, don't give him two sides to a question to worry him; give him one. Let him forget there is such a thing as war. If the Government is inefficient, top-heavy, and tax-mad, better it be all those than that people worry over it. Give the people contests they win by remembering the words to more popular songs or the names of state capitals or how much corn Iowa grew last year. Cram them full of non-combustible data, chock them so damned full of 'facts' they feel stuffed, but absolutely 'brilliant' with information.","Here's an interpretation of the passage, aiming for 3-5 sentences and addressing meaning, themes, and significance:

This chilling exchange reveals a profoundly controlling and totalitarian regime utterly devoid of empathy. The passage describes a systematic effort to eliminate “queer” individuals – a clear representation of dissent or nonconformity – and to pacify the populace through manufactured ignorance and shallow entertainment.  The core theme is the deliberate suppression of critical thought and the manipulation of the population into blissful, unquestioning obedience, mirroring anxieties about propaganda and the erosion of individual agency.  Ultimately, the passage powerfully illustrates the dangers of a government prioritizing stability above all else, even at the cost of human life and intellectual freedom. 


---

Would you like me to analyze another passage, or perhaps delve deeper into this one’s specific elements?"
fahrenheit_022,fahrenheit,gemma,gemma3:4b,"“That made you for a little while a drunkard. Read a few lines and off you go over the cliff. Bang, you're ready to blow up the world, chop off heads, knock down women and children, destroy authority. I know, I've been through it all.” “I'm all right,” said Montag, nervously. I'm not needling, really I'm not. Do you know, I had a dream an hour ago. I lay down for a cat-nap and in this dream you and I, Montag, got into a furious debate on books. You towered with rage, yelled quotes at me. Power, I said, And you, quoting Dr. Johnson, said 'Knowledge is more than equivalent to force!' And I said, 'Well, Dr. Johnson also said, dear boy, that ”He is no wise man that will quit a certainty for an uncertainty.'“ Stick with the fireman, Montag. All else is dreary chaos!” “Don't listen,” whispered Faber.","Here’s an interpretation of the passage, aiming for 3-5 sentences and addressing meaning, themes, and significance:

This passage reveals Montag’s profound and destabilizing reaction to reading, showcasing the dangerous allure of knowledge within the rigidly controlled society. The dream sequence vividly illustrates how even a brief encounter with literature can ignite a revolutionary impulse – a desire for power, fueled by the stark contrast between destructive action and intellectual understanding.  Montag's nervous denial, “I’m all right,” underscores the terrifying realization of his own vulnerability to this seductive influence, and Faber’s advice – to cling to certainty – represents a desperate attempt to shield him from the chaotic potential of truth. Ultimately, the passage highlights the novel’s central theme of the conflict between blind obedience and the liberating, yet destabilizing, power of intellectual inquiry. 


---

Would you like me to analyze another passage, or perhaps delve deeper into this one with a specific focus (e.g., analyzing a particular quote)?"
fahrenheit_023,fahrenheit,gemma,gemma3:4b,"Perhaps he had expected their faces to burn and glitter with the knowledge they carried, to glow as lanterns glow, with the light in them. But all the light had come from the camp fire, and these men had seemed no different from any others who had run a long race, searched a long search, seen good things destroyed, and now, very late, were gathering to wait for the end of the party and the blowing out of the lamps. They weren't at all certain that the things they carried in their heads might make every future dawn glow with a purer light, they were sure of nothing save that the books were on file behind their quiet eyes, the books were waiting, with their pages uncut, for the customers who might come by in later years, some with clean and some with dirty fingers.","Here’s an interpretation of the passage, aiming for 3-5 sentences and addressing meaning, themes, and significance:

This passage depicts a profound sense of disillusionment and the fading of hope within a group of individuals who’ve witnessed immense loss and hardship. The failed expectation of “lantern-like” knowledge suggests a yearning for transformative insight that has ultimately proven illusory, mirroring the emptiness of a celebratory gathering anticipating a bleak ending. The imagery of the camp fire illuminating their faces emphasizes the superficial nature of their enlightenment, while the “books on file” symbolize a detached, bureaucratic record of experience rather than genuine understanding or potential for future change. Ultimately, the passage highlights themes of wasted potential, the corrosive effects of trauma, and the dehumanizing impact of a system that values preservation over genuine growth or meaning."
fahrenheit_024,fahrenheit,gemma,gemma3:4b,"“The Mechanical Hound is now landing by helicopter at the site of the Burning!” And there on the small screen was the burnt house, and the crowd, and something with a sheet over it and out of the sky, fluttering, came the helicopter like a grotesque flower. So they must have their game out, thought Montag. The circus must go on, even with war beginning within the hour… He watched the scene, fascinated, not wanting to move. It seemed so remote and no part of him; it was a play apart and separate, wondrous to watch, not without its strange pleasure. That's all for me, you thought, that's all taking place just for me, by God.","Here’s an interpretation of the passage, aiming for 3-5 sentences and addressing meaning, themes, and significance:

This passage depicts a chillingly detached observation of violence and spectacle, highlighting the core themes of dystopia and the erosion of human empathy. Montag’s fascination with the Mechanical Hound’s “performance,” a brutal execution broadcast like a circus, underscores the society’s desensitization to suffering and its prioritization of entertainment over morality. The imagery of the “grotesque flower” helicopter and the isolated, almost voyeuristic experience emphasizes the individual’s disconnection from reality and the horrifying normalcy of a totalitarian regime. Ultimately, Montag’s thought – “That’s all for me” – reveals a profound sense of alienation and a passive acceptance of the horrific events unfolding, suggesting a tragic loss of individual agency. 

---

Would you like me to analyze a different passage, or perhaps delve deeper into this one by exploring specific literary devices used?"
fahrenheit_025,fahrenheit,gemma,gemma3:4b,"He said, if I get killed off, you just go right ahead and don't cry, but get married again, and don't think of me.” “That reminds me,” said Mildred. “Did you see that Clara Dove five-minute romance last night in your wall? Well, it was all about this woman who —” Montag said nothing but stood looking at the women's faces as he had once looked at the faces of saints in a strange church he had entered when he was a child.","Here’s an interpretation of the passage, aiming for 3-5 sentences and addressing meaning, themes, and significance:

This passage reveals a deeply unsettling erosion of genuine emotion and connection within a sterile, manufactured society.  Montag’s request for his friend to simply move on after his potential death underscores the value placed on detachment and the suppression of grief, reflecting the novel’s central theme of emotional numbness. The reference to the “Clara Dove five-minute romance” – a fleeting, synthetic experience – highlights the pervasive artificiality and the inability to form lasting, meaningful relationships. Finally, Montag’s sudden, reverent recall of “saints” suggests a yearning for authentic spirituality and human connection lost within this emotionally dead world, signaling a profound sense of isolation and disillusionment. 

---

Would you like me to analyze a different passage, or perhaps explore a specific element of this one in more detail (e.g., the significance of the “Clara Dove” program)?"
fahrenheit_026,fahrenheit,gemma,gemma3:4b,"A minute later, Three White Cartoon Clowns chopped off each other's limbs to the accompaniment of immense incoming tides of laughter. Two minutes more and the room whipped out of town to the jet cars wildly circling an arena, bashing and backing up and bashing each other again. Montag saw a number of bodies fly in the air. “Millie, did you see that?” “I saw it, I saw it!” Montag reached inside the parlour wall and pulled the main switch. The images drained away, as if the water had been let out from a gigantic crystal bowl of hysterical fish. The three women turned slowly and looked with unconcealed irritation and then dislike at Montag. “When do you suppose the war will start?” he said. “I notice your husbands aren't here tonight?” “Oh, they come and go, come and go,” said Mrs.","Here’s an interpretation of the passage, aiming for 3-5 sentences and incorporating meaning, themes, and significance:

This unsettling scene depicts a grotesque spectacle of manufactured joy and violent chaos, highlighting the novel’s core theme of manufactured happiness and the suppression of genuine emotion. The “Three White Cartoon Clowns” represent a society completely devoid of genuine feeling, reduced to a chaotic, performative frenzy orchestrated for external amusement. Montag’s attempt to suppress the images reflects his growing alienation and the desperate attempt to maintain control within a world built on illusion and psychological manipulation.  His unsettling question about the war and the absent husbands underscores the pervasive, unsettling nature of the dystopia and the citizens’ detached indifference to reality. 

---

Would you like me to analyze another passage, or perhaps explore a specific aspect of this one in more detail (like the symbolism of the clowns or the significance of the ""war"")?"
fahrenheit_027,fahrenheit,gemma,gemma3:4b,"Would you like to go and check their file? Maybe you'd look under Guy Montag or maybe under Fear or War. Would you like to go to that house that burnt last night? And rake ashes for the bones of the woman who set fire to her own house! What about Clarisse McClellan, where do we look for her? Listen!” The bombers crossed the sky and crossed the sky over the house, gasping, murmuring, whistling like an immense, invisible fan, circling in emptiness. “Every hour so many damn things in the sky! How in hell did those bombers get up there every single second of our lives! Why doesn't someone want to talk about it? We've started and won two atomic wars since 1960. Is it because we're having so much fun at home we've forgotten the world?","Here’s an interpretation of the passage, aiming for 3-5 sentences and addressing meaning, themes, and significance:

This passage powerfully depicts the oppressive surveillance and emotional numbness of a profoundly damaged society, likely reflecting a post-apocalyptic or technologically advanced dystopia. The insistent, almost manic questioning – demanding access to files, revisiting violent acts, and obsessing over the omnipresent bombers – reveals a populace stripped of genuine thought and empathy, driven by a desperate need for control and explanation.  The frantic focus on the past, particularly the destruction of the woman and the existence of Clarisse, suggests a societal rejection of individuality and critical thinking, while the overwhelming presence of the bombers symbolizes a constant, suffocating anxiety and the loss of connection to a meaningful world. Ultimately, the passage highlights themes of trauma, control, and the potential for humanity to be consumed by fear and technological advancement. 


---

Would you like me to analyze another passage, or perhaps delve deeper into this one’s specific elements?"
fahrenheit_028,fahrenheit,gemma,gemma3:4b,"He's a regular peppermint stick now, all sugar-crystal and saccharine when he isn't making veiled references to certain commercial products that every worshipper absolutely needs.” Faber sniffed the book. “Do you know that books smell like nutmeg or some spice from a foreign land? I loved to smell them when I was a boy. Lord, there were a lot of lovely books once, before we let them go.” Faber turned the pages. Montag, you are looking at a coward. I saw the way things were going, a long time back. I'm one of the innocents who could have spoken up and out when no one would listen to the 'guilty,' but I did not speak and thus became guilty myself.","Here’s an interpretation of the passage, aiming for 3-5 sentences and addressing meaning, themes, and significance:

This passage reveals Faber’s profound regret and isolation, portraying him as a hollow shell – a “peppermint stick” – reflecting the sanitized and manufactured values of the dystopian society.  The symbolism of the book’s scent highlights the lost richness and authenticity of the past, contrasting sharply with the manufactured desires promoted by the regime.  Faber’s self-identification as a “coward” underscores the central theme of inaction and the devastating consequences of silence in the face of oppression.  Ultimately, his confession reveals a tragic irony: he was once capable of resistance but failed to act, becoming complicit in the destruction of knowledge and his own moral decline."
fahrenheit_029,fahrenheit,gemma,gemma3:4b,"If he wished, he could linger here, in comfort, and follow the entire hunt on through its swift phases, down alleys across streets, over empty running avenues, crossing lots and playgrounds, with pauses here or there for the necessary commercials, up other alleys to the burning house of Mr. Black, and so on finally to this house with Faber and himself seated, drinking, while the Electric Hound snuffed down the last trail, silent as a drift of death itself, skidded to a halt outside that window there.","Here’s an interpretation of the passage, aiming for 3-5 sentences and addressing meaning, themes, and significance:

This passage paints a chilling portrait of a meticulously controlled and ultimately sterile experience, highlighting the loss of genuine connection and spontaneity within the dystopian world. The “hunt” orchestrated by unseen forces, culminating in the destruction of Mr. Black’s house and the protagonist’s forced encounter with Faber, represents a carefully constructed spectacle designed for passive consumption. The Electric Hound, presented as silent and “drift of death,” symbolizes the pervasive surveillance and lack of agency, while the final scene of drinking with Faber emphasizes the artificiality of their interaction. Ultimately, the passage underscores themes of control, manufactured experience, and the erosion of individual will within a society obsessed with observation and predetermined outcomes. 

---

Would you like me to analyze another passage, or perhaps delve deeper into this one’s interpretation with a specific focus (e.g., the symbolism of the Hound)?"
fahrenheit_030,fahrenheit,gemma,gemma3:4b,"The Hound leapt up into the air with a rhythm and a sense of timing that was incredibly beautiful. It was suspended for a moment in their gaze, as if to give the vast audience time to appreciate everything, the raw look of the victim's face, the empty street, the steel animal a bullet nosing the target. “Montag, don't move!” said a voice from the sky. The camera fell upon the victim, even as did the Hound. The victim was seized by Hound and camera in a great spidering, clenching grip. Montag cried out in the silence and turned away. And then, after a time of the men sitting around the fire, their faces expressionless, an announcer on the dark screen said, “The search is over, Montag is dead; a crime against society has been avenged.” Darkness.","Here’s an interpretation of the passage, aiming for 3-5 sentences and addressing meaning, themes, and significance:

This chilling scene powerfully illustrates the dehumanizing control exerted by the Party in *Fahrenheit 451*. The meticulously staged “performance” – the Hound’s deliberate display, the audience’s passive observation, and the simultaneous capture of Montag and his victim – highlights the Party’s manipulation of spectacle and its reduction of individuals to mere objects of surveillance and punishment. The theme of surveillance and the loss of individual agency are central, while the announcer’s cold declaration of Montag’s death underscores the complete lack of empathy and justice within this dystopian regime. Ultimately, the passage signifies the terrifying finality of the Party’s power and the extinguishing of any remaining hope for Montag. 

---

Would you like me to analyze another passage, or perhaps delve deeper into this one with a specific focus (e.g., symbolism, narrative technique)?"
fahrenheit_031,fahrenheit,gemma,gemma3:4b,"And here was the gas station, its attendants busy now with customers. Approaching from the rear, Montag entered the men's washroom. Through the aluminium wall he heard a radio voice saying, “War has been declared.” The gas was being pumped outside. The men in the beetles were talking and the attendants were talking about the engines, the gas, the money owed. Montag stood trying to make himself feel the shock of the quiet statement from the radio, but nothing would happen. The war would have to wait for him to come to it in his personal file, an hour, two hours from now. He washed his hands and face and towelled himself dry, making little sound. He came out of the washroom and shut the door carefully and walked into the darkness and at last stood again on the edge of the empty boulevard.","Here’s an interpretation of the passage, aiming for 3-5 sentences and addressing meaning, themes, and significance:

This passage powerfully depicts a chilling detachment within a dystopian society, highlighting the profound emotional numbing caused by bureaucratic control. The announcement of war, delivered passively through a radio and seemingly irrelevant to the immediate concerns of the gas station attendants, underscores the system’s ability to prioritize abstract pronouncements over genuine human reaction. Montag’s deliberate efforts to suppress his shock and the cold, transactional conversations surrounding fuel and money reveal a society utterly devoid of empathy and urgency, where even momentous events are compartmentalized and delayed for individual processing.  Ultimately, the passage signifies the novel’s central theme of alienation and the stifling effect of a system designed to control not just behavior, but also feeling itself. 

---

Would you like me to analyze another passage, or perhaps delve deeper into this one with a more specific question?"
fahrenheit_032,fahrenheit,gemma,gemma3:4b,"“You reading up on fireman theory?” “Theory, hell,” said Montag. ” Montag felt himself turning in a great circling roar and buzz and hum. “Montag, hold on, don't…” “Did you hear them, did you hear these monsters talking about monsters? Oh God, the way they jabber about people and their own children and themselves and the way they talk about their husbands and the way they talk about war, dammit, I stand here and I can't believe it!” “I didn't say a single word about any war, I'll have you know,” said Mrs, Phelps. “As for poetry, I hate it,” said Mrs. “Have you ever read any?” “Montag,” Faber's voice scraped away at him. Shut up, you fool!” All three women were on their feet. “Montag, Montag, please, in the name of God, what are you up to?” pleaded Faber.","Here's an interpretation of the passage, aiming for 3-5 sentences and addressing meaning, themes, and significance:

This passage captures Montag’s burgeoning rebellion and disorientation as he confronts the unsettling reality of the established order. His frantic reaction to the women’s discussion of “monsters” – a thinly veiled reference to the intellectuals and thinkers – reveals a profound terror of independent thought and genuine human emotion, the very things the firemen destroy. The women’s desperate pleas highlight the ingrained nature of conformity and the deep-seated fear of questioning the prevailing narrative, while Faber’s outburst underscores the urgency and danger of Montag’s awakening. Ultimately, the passage signifies the novel’s central theme of societal control through manufactured ignorance and the devastating consequences of extinguishing critical thinking."
fahrenheit_033,fahrenheit,gemma,gemma3:4b,"He was a thing of brush and liquid eye, of fur and muzzle and hoof, he was a thing of horn and blood that would smell like autumn if you bled it out on the ground. He stood a long long time, listening to the warm crackle of the flames. There was a silence gathered all about that fire and the silence was in the men's faces, and time was there, time enough to sit by this rusting track under the trees, and look at the world and turn it over with the eyes, as if it were held to the centre of the bonfire, a piece of steel these men were all shaping. It was not only the fire that was different. Montag moved toward this special silence that was concerned with all of the world.","Here’s an interpretation of the passage, aiming for 3-5 sentences and incorporating meaning, themes, and significance:

This passage depicts a moment of profound, unsettling contemplation amidst a bleak, dystopian setting, highlighting the desperate search for meaning within a dehumanized world. The description of the animal – “a thing of brush and liquid eye” – represents a primal connection to nature and genuine feeling, sharply contrasting with the sterile, manufactured existence of the men gathered around the fire.  The “special silence” suggests a yearning for authentic experience and a rejection of the superficiality imposed by their society, while the image of ""shaping"" the world like steel indicates a desire to actively engage with reality rather than passively accept its distorted form. Ultimately, the passage speaks to themes of alienation, the importance of sensory experience, and the potential for resistance found in quiet, observant reflection. 


---

Would you like me to analyze another passage, or perhaps explore a specific aspect of this interpretation in more detail (e.g., the symbolism of the fire)?"
fahrenheit_034,fahrenheit,gemma,gemma3:4b,"I mean to have firemen burn our houses and our books.” “We haven't any books.” “But if we did have some.” “You got some?” Beatty blinked slowly. “No.” Montag gazed beyond them to the wall with the typed lists of a million forbidden books. Their names leapt in fire, burning down the years under his axe and his hose which sprayed not water but kerosene. “No.” But in his mind, a cool wind started up and blew out of the ventilator grille at home, softly, softly, chilling his face. And, again, he saw himself in a green park talking to an old man, a very old man, and the wind from the park was cold, too. Montag hesitated, “Was — was it always like this? I mean, well, once upon a time…” “Once upon a time!” Beatty said.","Here’s an interpretation of the passage, aiming for 3-5 sentences and addressing meaning, themes, and significance:

This passage depicts a chilling confrontation between Montag and Beatty, revealing the core of the dystopian society’s control – the deliberate eradication of knowledge and memory. The repeated “No” underscores the systematic denial of literature and its associated history, symbolized by the wall of forbidden titles consumed by flames.  Montag’s internal visions of a peaceful park and an elderly figure represent a lost connection to beauty, wisdom, and a prior, more humane existence – a stark contrast to the present devastation. Ultimately, the passage suggests that the regime isn't just destroying books, but actively attempting to erase the collective memory and potential for critical thought, highlighting themes of censorship, conformity, and the importance of preserving individual experience."
fahrenheit_035,fahrenheit,gemma,gemma3:4b,"Later, the men around Montag could not say if they had really seen anything. Perhaps the merest flourish of light and motion in the sky. Perhaps the bombs were there, and the jets, ten miles, five miles, one mile up, for the merest instant, like grain thrown over the heavens by a great sowing hand, and the bombs drifting with dreadful swiftness, yet sudden slowness, down upon the morning city they had left behind. The bombardment was to all intents and purposes finished, once the jets had sighted their target, alerted their bombardiers at five thousand miles an hour; as quick as the whisper of a scythe the war was finished. Once the bomb-release was yanked it was over.","Here’s an interpretation of the passage, aiming for 3-5 sentences and addressing meaning, themes, and significance:

This passage powerfully depicts the utterly detached and horrifying nature of modern warfare, reducing human conflict to a cold, calculated, and almost absurdly swift event. The fragmented descriptions – “merest flourish,” “grain thrown over the heavens” – emphasize the dehumanization of both the victims and the perpetrators of the bombing, suggesting a loss of connection to consequence and morality.  The rapid deployment and execution of the jets, likened to a “scythe,” highlight the impersonal, mechanized destruction characteristic of this dystopian future, and ultimately underscores the theme of technological control stripping away all sense of humanity from war.  The finality, represented by the “yanked bomb-release,” signifies a swift, irreversible annihilation, leaving only confusion and the inability to truly grasp what transpired."
fahrenheit_036,fahrenheit,gemma,gemma3:4b,"We're not out to incite or anger anyone yet. For if we are destroyed, the knowledge is dead, perhaps for good. We are model citizens, in our own special way; we walk the old tracks, we lie in the hills at night, and the city people let us be. We're stopped and searched occasionally, but there's nothing on our persons to incriminate us. The organization is flexible, very loose, and fragmentary. Some of us have had plastic surgery on our faces and fingerprints. Right now we have a horrible job; we're waiting for the war to begin and, as quickly, end. It's not pleasant, but then we're not in control, we're the odd minority crying in the wilderness. When the war's over, perhaps we can be of some use in the world.” “Do you really think they'll listen then?” “If not, we'll just have to wait.","Here’s an interpretation of the passage, aiming for 3-5 sentences and addressing meaning, themes, and significance:

This passage depicts a chillingly subdued resistance movement existing on the fringes of a totalitarian society, highlighting the desperate lengths taken to remain unnoticed and avoid detection. The group’s actions – mimicking “model citizens” and accepting a meaningless, waiting-game-like existence – reveal a profound sense of powerlessness and a calculated strategy of invisibility.  The themes of surveillance, control, and the erosion of individual agency are powerfully conveyed through their precarious position as an “odd minority” and their reliance on passive acceptance, suggesting a bleak future where knowledge itself is threatened. Ultimately, the passage underscores a chillingly pragmatic acceptance of futility, driven by the fear of complete annihilation. 


---

Would you like me to analyze another passage, or perhaps explore specific aspects of this one in more detail (e.g., the symbolism of the “old tracks” or the implications of the “waiting for the war” scenario)?"
fahrenheit_037,fahrenheit,gemma,gemma3:4b,"They see only the blaze, the pretty fire, as you saw it.” “Montag, old men who stay at home, afraid, tending their peanut-brittle bones, have no right to criticize. Yet you almost killed things at the start. I must admit that your blind raging invigorated me. But now — I want you to feel old, I want a little of my cowardice to be distilled in you tonight. The next few hours, when you see Captain Beatty, tiptoe round him, let me hear him for you, let me feel the situation out. Forget the poor, silly women…” “I made them unhappier than they have been in years, I think,” said Montag. “It shocked me to see Mrs. Maybe they're right, maybe it's best not to face things, to run, have fun. I feel guilty —” “No, you mustn't!","Here’s an interpretation of the passage, aiming for 3-5 sentences and addressing meaning, themes, and significance:

This exchange reveals a chillingly manipulative dynamic between Clarisse and Montag, showcasing the chilling logic of the dystopian society. Beatty isn’t simply enforcing rules; he’s deliberately exploiting Montag’s youthful passion and guilt to reinforce the value of mindless entertainment and suppress critical thought. The conversation highlights the core theme of the novel – the deliberate distortion of reality through propaganda and the suppression of genuine emotion – as Beatty seeks to instill in Montag a sense of fear and complacency. Ultimately, the passage underscores the insidious nature of control, where even the promise of pleasure is used as a tool to maintain a stagnant and destructive status quo. 


---

Would you like me to analyze another passage, or perhaps explore a specific aspect of this one in more detail (e.g., Clarisse’s role, the significance of the “peanut-brittle bones,” or the impact of the “blaze”)?"
fahrenheit_038,fahrenheit,gemma,gemma3:4b,"The way the clouds moved aside and came back, and the way the stars looked, a million of them swimming between the clouds, like the enemy discs, and the feeling that the sky might fall upon the city and turn it to chalk dust, and the moon go up in red fire; that was how the night felt. Montag walked from the subway with the money in his pocket (he had visited the bank which was open all night and every night with robot tellers in attendance) and as he walked he was listening to the Seashell radio in one car…? We have mobilized a million men. Quick victory is ours if the war comes…"" Music flooded over the voice quickly and it was gone. “Ten million men mobilized,” Faber's voice whispered in his other ear. It's happier.” “Faber?” “Yes?” “I'm not thinking.","Here’s an interpretation of the passage, aiming for 3-5 sentences and addressing meaning, themes, and significance:

This passage establishes a profoundly unsettling atmosphere of impending doom and manufactured comfort within a rigidly controlled society. The vivid imagery – the deceptive sky, the unsettling comparison of stars to ""enemy discs,"" and the threat of destruction – powerfully conveys a sense of paranoia and the loss of genuine connection to the natural world.  The juxtaposition of the sterile, automated bank and the fragmented, propagandistic messages delivered via “Seashell” radio highlights the pervasive manipulation of information and the erosion of individual thought.  Ultimately, the passage suggests a chilling commentary on totalitarianism, where even the night sky and the voice of a supposed ally are used to instill obedience and a false sense of hope through relentless, emotionally engineered pronouncements. 


---

Would you like me to analyze another passage, or perhaps delve deeper into this one’s themes?"
fahrenheit_039,fahrenheit,gemma,gemma3:4b,"The light from the overhead lamps seemed as bright and revealing as the midday sun and just as hot. He listened to the sound of the car picking up speed two blocks away on his right. Its movable headlights jerked back and forth suddenly, and caught at Montag. Montag faltered, got a grip on the books, and forced himself not to freeze. Instinctively he took a few quick, running steps then talked out loud to himself and pulled up to stroll again. He was now half across the street, but the roar from the beetle's engines whined higher as it put on speed. But slow now; slow, quiet, don't turn, don't look, don't seem concerned. The beetle was in high thunder. The beetle came in a single whistling trajectory, fired from an invisible rifle. It was up to 120 m.p.h. It was up to 130 at least.","Here’s an interpretation of the passage, aiming for 3-5 sentences and incorporating meaning, themes, and significance:

This passage vividly depicts Montag’s mounting terror and desperate attempt to conceal his deviation from the rigidly controlled society. The stark, almost violent imagery – the “revealing” light, the accelerating beetle – mirrors the encroaching threat of the authorities and the shattering of his former life.  The frantic, almost frantic movements and insistent commands (""slow now; slow, quiet, don't turn, don't look"") underscore themes of paranoia and the suppression of individual thought, characteristic of dystopian narratives. Ultimately, the beetle’s sudden, overwhelming speed represents the inescapable and potentially destructive force of the state’s pursuit, highlighting Montag's vulnerability and the fragility of his newfound knowledge. 

---

Would you like me to analyze a different passage, or perhaps explore specific elements within this one in more detail (e.g., the symbolism of the beetle, the impact of the speed)?"
fahrenheit_040,fahrenheit,gemma,gemma3:4b,"Her face, turned to him now, was fragile milk crystal with a soft and constant light in it. It was not the hysterical light of electricity but — what? But the strangely comfortable and rare and gently flattering light of the candle. One time, when he was a child, in a power-failure, his mother had found and lit a last candle and there had been a brief hour of rediscovery, of such illumination that space lost its vast dimensions and drew comfortably around them, and they, mother and son, alone, transformed, hoping that the power might not come on again too soon… And then Clarisse McClellan said: “Do you mind if I ask? How long have you worked at being a fireman?” “Since I was twenty, ten years ago.” “Do you ever read any of the books you burn?” He laughed.","Here’s an interpretation of the passage, aiming for 3-5 sentences and addressing meaning, themes, and significance:

This passage immediately establishes a stark contrast between the sterile, unsettling “electricity” of the dystopian society and the warm, nostalgic beauty of a candlelight moment, representing a lost sense of genuine human connection and wonder. The description of the woman’s face as “fragile milk crystal” evokes vulnerability and a preciousness threatened by the encroaching dehumanization of the world. The remembered power-failure and the boy’s transformation underscores the value of simple illumination – both literal and metaphorical – in fostering intimacy and expanding perception. Clarisse's direct, almost unsettling, question about his job as a fireman, coupled with his dismissive laughter, highlights the absurdity and moral corruption at the heart of this regimented society, signaling a challenge to the protagonist's unquestioning obedience. 


---

Would you like me to analyze another passage, or perhaps explore a specific aspect of this interpretation in more detail (e.g., the symbolism of the candle, the significance of Clarisse McClellan)?"
fahrenheit_041,fahrenheit,gemma,gemma3:4b,"Captain Beatty, his poker cards in one pink hand, walked with exaggerated slowness to the phone and ripped out the address when the report was finished. He glanced perfunctorily at it, and shoved it in his pocket. He came back and sat down. “It can wait exactly forty seconds while I take all the money away from you,” said Beatty, happily. Going out of this game?” “Yes.” “Hold on. Well, come to think of it, we can finish this hand later. Just leave your cards face down and hustle the equipment. On the double now.” And Beatty rose up again. I'd hate to think you were coming down with another fever…” “I'll be all right.” “You'll be fine.","Here’s an interpretation of the passage, aiming for 3-5 sentences and addressing meaning, themes, and significance:

This brief exchange reveals the chilling heart of Captain Beatty – a man utterly devoid of empathy and driven solely by the pursuit of control and profit. Beatty’s callous dismissal of the man’s plight, coupled with his manipulative language and disregard for human well-being, highlights the novel’s core theme of the corrupting influence of power and knowledge. The frenetic, almost theatrical, nature of his actions underscores the superficiality and moral decay of a society that prizes entertainment and manipulation above genuine human connection. Ultimately, the passage serves as a stark depiction of Beatty’s willingness to exploit and destroy others for his own amusement and advantage, illustrating the dangers of a world where intellectual pursuits are twisted into instruments of oppression."
fahrenheit_042,fahrenheit,gemma,gemma3:4b,"He glanced back at the wall. How like a mirror, too, her face. Impossible: for how many people did you know that refracted your own light to you? People were more often — he searched for a simile, found one in his work — torches, blazing away until they whiffed out. How rarely did other people's faces take of you and throw back to you your own expression, your own innermost trembling thought? What incredible power of identification the girl had; she was like the eager watcher of a marionette show, anticipating each flicker of an eyelid, each gesture of his hand, each flick of a finger, the moment before it began. How long had they walked together? Yet how large that time seemed now. How immense a figure she was on the stage before him; what a shadow she threw on the wall with her slender body!","Here’s an interpretation of the passage, aiming for 3-5 sentences and addressing meaning, themes, and significance:

This passage powerfully depicts a profound sense of unsettling recognition and surveillance within a controlled environment. The speaker’s fixation on the girl’s face, comparing it to a mirror and a “refraction” of his own being, suggests a dangerous level of mirroring and a loss of individual identity.  The imagery of torches and marionettes emphasizes the speaker’s feeling of being observed and manipulated, highlighting themes of control and the suppression of genuine human connection. Ultimately, the girl’s intense focus and ability to anticipate his thoughts represent a chilling power, suggesting the novel explores the anxieties of conformity and the erosion of self within a dystopian society. 


---

Would you like me to analyze another passage, or perhaps delve deeper into this one with a specific focus (e.g., symbolism, character analysis)?"
fahrenheit_043,fahrenheit,gemma,gemma3:4b,"“Got to clean 'em out both ways,” said the operator, standing over the silent woman. “No use getting the stomach if you don't clean the blood. Leave that stuff in the blood and the blood hits the brain like a mallet, bang, a couple of thousand times and the brain just gives up, just quits.” “Stop it!” said Montag. “I was just sayin',” said the operator. They shut the machines up tight. “We're done.” His anger did not even touch them. They stood with the cigarette smoke curling around their noses and into their eyes without making them blink or squint. “That's fifty bucks.” “First, why don't you tell me if she'll be all right?” “Sure, she'll be O.K. We got all the mean stuff right in our suitcase here, it can't get at her now.","Here’s an interpretation of the passage, aiming for 3-5 sentences and addressing meaning, themes, and significance:

This chilling exchange reveals a horrifying system of forced erasure and psychological manipulation within the dystopian setting. The operator’s brutal logic – “got to clean ‘em out both ways” – highlights the dehumanization of the woman and the complete disregard for her well-being, reducing her to a collection of unwanted thoughts and emotions to be systematically purged. The imagery of the “mallet” and “bang” underscores the violent and destructive nature of this ‘treatment,’ while the operator’s impassive response emphasizes the total lack of empathy. Ultimately, the passage powerfully explores themes of control, identity, and the terrifying potential of a society that seeks to eliminate anything deemed undesirable, showcasing the dangers of absolute power and the suppression of individual thought. 


---

Would you like me to analyze another passage, or perhaps delve deeper into this one and explore specific literary devices used?"
fahrenheit_044,fahrenheit,gemma,gemma3:4b,"For it would be the dying of an unknown, a street face, a newspaper image, and it was suddenly so very wrong that he had begun to cry, not at death but at the thought of not crying at death, a silly empty man near a silly empty woman, while the hungry snake made her still more empty. How do you get so empty? Who takes it out of you? And that awful flower the other day, the dandelion! It had summed up everything, hadn't it? You're not in love with anyone!” And why not? Well, wasn't there a wall between him and Mildred, when you came down to it? Literally not just one, wall but, so far, three!","Here’s an interpretation of the passage, aiming for 3-5 sentences and addressing meaning, themes, and significance:

This passage depicts a profound sense of existential emptiness and disillusionment within a sterile, emotionally devoid world. The narrator’s tears aren’t over a death, but the horrifying realization of his own inability to experience genuine emotion – a ‘silly empty man’ mirroring a desolate future. The recurring image of the “hungry snake” suggests a predatory force consuming connection and vitality, while the dandelion symbolizes the stark absence of love and authentic human experience. Ultimately, the “wall” represents the insurmountable barriers – physical and perhaps psychological – preventing any meaningful relationship, highlighting the novel’s core theme of isolation and the loss of human connection in a dystopian setting. 

---

Would you like me to analyze another passage, or perhaps explore a specific aspect of the interpretation (like the symbolism)?"
fahrenheit_045,fahrenheit,gemma,gemma3:4b,"Her fingers were tracing the book's outline and as the shape became familiar her face looked surprised and then stunned. Her mouth opened to ask a question… “Empty the theatres save for clowns and furnish the rooms with glass walls and pretty colours running up and down the walls like confetti or blood or sherry or sauterne. You like baseball, don't you, Montag?” “Baseball's a fine game.” Now Beatty was almost invisible, a voice somewhere behind a screen of smoke “What's this?” asked Mildred, almost with delight. Montag heaved back against her arms. “What's this here?” “Sit down!” Montag shouted. She jumped away, her hands empty. “We're talking!” Beatty went on as if nothing had happened. “You like bowling, don't you, Montag?” “Bowling, yes.” “And golf?” “Golf is a fine game.” “Basketball?” “A fine game.” “Billiards, pool?","Here's an interpretation of the passage, aiming for 3-5 sentences and addressing meaning, themes, and significance:

This scene powerfully illustrates the insidious nature of control within the dystopian society, as Beatty systematically dismantles Montag’s intellectual and emotional landscape by appealing to his superficial pleasures. The relentless barrage of “fine games” – baseball, bowling, golf, and various other distractions – represents a deliberate effort to numb Montag's critical thinking and replace genuine connection with hollow, manufactured enjoyment.  The escalating tension, culminating in Montag’s outburst, highlights the suffocating conformity enforced by the regime and the terrifying realization of his own passive acceptance of this manufactured reality. Ultimately, the passage symbolizes the loss of individuality and the dangers of prioritizing fleeting, approved experiences over authentic thought and feeling. 


Would you like me to analyze another passage or perhaps delve deeper into a specific aspect of this interpretation?"
fahrenheit_046,fahrenheit,gemma,gemma3:4b,"And you must admit our culture provides plenty of these.” “Yes.” Montag could lip-read what Mildred was saying in the doorway. He tried not to look at her mouth, because then Beatty might turn and read what was there, too. “Coloured people don't like Little Black Sambo. White people don't feel good about Uncle Tom's Cabin. Someone's written a book on tobacco and cancer of the lungs? Five minutes after a person is dead he's on his way to the Big Flue, the Incinerators serviced by helicopters all over the country. Ten minutes after death a man's a speck of black dust. Let's not quibble over individuals with memoriams. Fire is bright and fire is clean.” The fireworks died in the parlour behind Mildred. She had stopped talking at the same time; a miraculous coincidence. “There was a girl next door,” he said, slowly. “She's gone now, I think, dead.","Here’s an interpretation of the passage, aiming for 3-5 sentences and addressing meaning, themes, and significance:

This unsettling exchange reveals the chillingly sanitized and controlled nature of Montag’s society, where even basic cultural narratives are manipulated and purged to maintain a façade of order. The absurd discussion about “Little Black Sambo” and “Uncle Tom’s Cabin” highlights the regime’s deliberate eradication of inconvenient truths and dissenting voices, emphasizing the theme of thought control and historical revisionism.  Montag’s desperate avoidance of Mildred’s mouth underscores the paranoia and surveillance inherent in this world, where every expression could be scrutinized and deemed subversive. Finally, the abrupt silence coinciding with the fireworks’ demise and the mention of the girl next door – who has mysteriously died – suggests a terrifying indifference to individual lives and a chilling acceptance of death as a swiftly and efficiently neutralized event. 


---

Would you like me to analyze another passage or perhaps explore a specific aspect of the interpretation (e.g., the symbolism of fire)?"
fahrenheit_047,fahrenheit,gemma,gemma3:4b,"“Come on, let's be cheery, you turn the 'family' on, now. Let's laugh and be happy, now, stop crying, we'll have a party!” “No,” said Mrs. You want to visit my house and 'family,' well and good. But I won't come in this fireman's crazy house again in my lifetime!” “Go home.” Montag fixed his eyes upon her, quietly. “Go home and think of your first husband divorced and your second husband killed in a jet and your third husband blowing his brains out, go home and think of the dozen abortions you've had, go home and think of that and your damn Caesarian sections, too, and your children who hate your guts! Go home and think how it all happened and what did you ever do to stop it? Go home, go home!” he yelled.","Here's an interpretation of the passage, aiming for 3-5 sentences and addressing meaning, themes, and significance:

This passage is a brutal confrontation revealing the deep-seated trauma and disillusionment at the heart of the dystopian society. Montag’s relentless barrage of accusations against Mrs. You isn't simply an argument, but a systematic dismantling of her identity and past, exposing the horrific consequences of a society obsessed with engineered happiness and manufactured families. The repetition of ""go home"" underscores the impossibility of escape – she's trapped not just physically, but psychologically, by a system that demands conformity and obliterates genuine experience. Ultimately, the passage highlights themes of control, guilt, and the devastating loss of individual agency within a manufactured reality, suggesting a critique of societal pressures and the suppression of authentic emotion. 

---

Would you like me to analyze another passage or explore a specific aspect of this interpretation further?"
fahrenheit_048,fahrenheit,gemma,gemma3:4b,"The impersonal operator of the machine could, by wearing a special optical helmet, gaze into the soul of the person whom he was pumping out. He saw but did not see what the Eye saw. The entire operation was not unlike the digging of a trench in one's yard. The woman on the bed was no more than a hard stratum of marble they had reached. Go on, anyway, shove the bore down, slush up the emptiness, if such a thing could be brought out in the throb of the suction snake. The operator stood smoking a cigarette. The other machine was working too. The other machine was operated by an equally impersonal fellow in non-stainable reddish-brown overalls. This machine pumped all of the blood from the body and replaced it with fresh blood and serum.","Here’s an interpretation of the passage, aiming for 3-5 sentences and addressing meaning, themes, and significance:

This passage vividly depicts a chillingly detached process of human creation, highlighting the dehumanizing effects of a rigidly controlled society. The “machine” and its operators represent a cold, scientific reduction of the individual, comparing the extraction process to a soul-less excavation and ultimately viewing a person as a “hard stratum of marble.” The repeated imagery of pumping, sucking, and replacing emphasizes a lack of empathy and the complete disregard for the inherent value of human life, suggesting themes of alienation, control, and the loss of identity within a technologically advanced dystopia. The smoking operator and the reddish-brown overalls further underscore the sterile, clinical nature of this unsettling endeavor."
fahrenheit_049,fahrenheit,gemma,gemma3:4b,"They both looked quickly about the house and Montag felt his nostrils dilate and he knew that he was trying to track himself and his nose was suddenly good enough to sense the path he had made in the air of the room and the sweat of his hand hung from the doorknob, invisible, but as numerous as the jewels of a small chandelier, he was everywhere, in and on and about everything, he was a luminous cloud, a ghost that made breathing once more impossible. He saw Faber stop up his own breath for fear of drawing that ghost into his own body, perhaps, being contaminated with the phantom exhalations and odours of a running man.","Here’s an interpretation of the passage, aiming for 3-5 sentences and addressing meaning, themes, and significance:

This passage powerfully depicts Montag's burgeoning guilt and the suffocating presence of his past actions. The “ghost” he senses, formed from his sweat and breath, represents the indelible mark he’s left on the world and, more importantly, on himself – a tangible manifestation of his defiance and the destruction he’s caused.  The imagery of a luminous cloud and a ghost highlights the inescapable nature of consequences and the psychological burden of his crime.  Ultimately, the passage underscores the novel’s central themes of guilt, responsibility, and the impossibility of truly escaping one’s own conscience in a society built on suppression and conformity. 


---

Would you like me to analyze a different passage, or perhaps delve deeper into this interpretation with further discussion?"
iron_heel_000,iron_heel,gemma,gemma3:4b,"A little

 less than a hundred years ago, and a little more than six hundred

 years after her death, the confession of Pervaise was discovered in

 the secret archives of the Vatican. It is perhaps well to tell a

 little something about this obscure document, which, in the main, is

 of interest to the historian only. Pervaise was an American, of French descent, who in 1913 A.D., was

    lying in the Tombs Prison, New York City, awaiting trial for

    murder. From his confession we learn that he was not a criminal. In an insane fit of

    jealousy he killed his wife—a very common act in those times. Pervaise was mastered by the fear of death, all of which is

    recounted at length in his confession.","Here’s an interpretation of the passage, aiming for 3-5 sentences and addressing meaning, themes, and significance:

This passage immediately establishes a sense of unsettling historical revisionism, hinting at a powerful, hidden narrative that challenges established truths. The discovery of Pervaise’s confession – centuries after his death and within the supposedly infallible archives of the Vatican – suggests a deliberate attempt to bury a more complex reality.  The seemingly mundane details of Pervaise’s crime – a jealous killing fueled by fear – expose a disturbing vulnerability within humanity, suggesting that even those deemed criminal are often driven by primal emotions. Ultimately, the passage underscores a dystopian theme of control and manipulation of the past, questioning the authority of institutions and hinting at a truth deliberately obscured. 


---

Would you like me to analyze another passage, or perhaps explore a specific aspect of this one in more detail (e.g., the significance of the Vatican, the use of understatement)?"
iron_heel_001,iron_heel,gemma,gemma3:4b,"Twenty-eight hundred of them had been

annihilated in a tremendous series of dynamite explosions in Oregon,

and in a similar manner, a number of train loads, at different times

and places, had been destroyed. So it was that the regular troops

fought for their lives as well as did the farmers. As for the militia, the militia law of 1903 was put into effect, and

the workers of one state were compelled, under pain of death, to shoot

down their comrade-workers in other states. Of course, the militia law

did not work smoothly at first. Many militia officers were murdered,

and many militiamen were executed by drumhead court martial. Ernest’s

prophecy was strikingly fulfilled in the cases of Mr. Both were eligible for the militia, and both were drafted to

serve in the punitive expedition that was despatched from California

against the farmers of Missouri.","Here’s an interpretation of the passage, aiming for 3-5 sentences and addressing meaning, themes, and significance:

This chilling passage depicts a state of utter collapse and brutal societal breakdown, revealing a future where government control has devolved into horrific violence and enforced class warfare. The systematic annihilation of workers – through bombings and the forced execution of comrades – underscores themes of totalitarianism, paranoia, and the erosion of human empathy. The implementation of the militia law, demanding citizens turn on each other, highlights the complete abandonment of justice and the terrifying potential for internal conflict fueled by a tyrannical regime. Ultimately, the passage serves as a stark warning about the dangers of unchecked authority and the devastating consequences of a society stripped of its moral compass. 


---

Would you like me to analyze another passage or perhaps explore specific elements within this one in more detail (e.g., the significance of ""Ernest's prophecy"")?"
iron_heel_002,iron_heel,gemma,gemma3:4b,"The Iron Heel will not be able to prevent it, and in the end

caste will destroy the Iron Heel. The oligarchs have already developed

caste among themselves; but wait until the favored unions develop

caste. The Iron Heel will use all its power to prevent it, but it will

fail. “In the favored unions are the flower of the American workingmen. They have become members of those unions

through competition for place. Every fit workman in the United States

will be possessed by the ambition to become a member of the favored

unions. The Oligarchy will encourage such ambition and the consequent

competition. Thus will the strong men, who might else be

revolutionists, be won away and their strength used to bolster the

Oligarchy. “On the other hand, the labor castes, the members of the favored

unions, will strive to make their organizations into close

corporations.","Here’s an interpretation of the passage, aiming for 3-5 sentences and addressing meaning, themes, and significance:

This passage from *Anthem* by Ayn Rand powerfully depicts the inevitable rise of social stratification within a seemingly oppressive system.  Rand utilizes the concept of “caste” – developed through competition and ambition – to illustrate how even the Iron Heel’s attempts at control will ultimately fail against the human desire for status and belonging. The deliberate encouragement of rivalry by the oligarchs, alongside the natural inclination of successful individuals to seek privileged positions, fuels a self-perpetuating cycle of division.  Ultimately, this passage highlights Rand’s core theme of individualism and the destructive force of collectivist control, suggesting that a rigid, hierarchical society will inevitably fracture from within due to its own inherent contradictions. 


---

Would you like me to analyze another passage, or perhaps explore specific elements within this one in more detail (e.g., the symbolism of the ""Iron Heel,"" or the role of ambition)?"
iron_heel_003,iron_heel,gemma,gemma3:4b,"Therefore, against your strength the government will turn

the regular army, the navy, the militia, the police—in short, the whole

organized war machinery of the United States. Where will your strength

be then?”



Dismay sat on their faces, and before they could recover, Ernest struck

again. “Do you remember, not so long ago, when our regular army was only fifty

thousand? Year by year it has been increased until to-day it is three

hundred thousand.”



Again he struck. While you diligently pursued that favorite phantom of

yours, called profits, and moralized about that favorite fetich of

yours, called competition, even greater and more direful things have

been accomplished by combination. There is the militia.”



“It is our strength!” cried Mr.","Here’s an interpretation of the passage, aiming for 3-5 sentences and addressing meaning, themes, and significance:

This passage depicts a chillingly efficient and ruthless state of control through the systematic dismantling of individual resistance. The government’s deployment of the entirety of the U.S.’s military and paramilitary forces – a stark illustration of overwhelming power – demonstrates a calculated strategy to neutralize any perceived threat. The speaker’s historical anecdote about the army’s expansion highlights the gradual erosion of liberty and the insidious nature of state building, suggesting a deliberate process of consolidating control. Ultimately, the passage underscores themes of authoritarianism, the suppression of dissent, and the dangerous consequences of prioritizing economic pursuits over fundamental freedoms."
iron_heel_004,iron_heel,gemma,gemma3:4b,"Yet during those first days of our love, fear of the future

came often to me when I thought of the violence and impetuosity of his

love-making. No woman was ever blessed

with a gentler, tenderer husband. This gentleness and violence on his

part was a curious blend similar to the one in his carriage of

awkwardness and ease. He never got over it,

and it was delicious. His behavior in our drawing-room reminded me of a

careful bull in a china shop.[1]



 [1] In those days it was still the custom to fill the living rooms

 with bric-a-brac. They had not discovered simplicity of living. Such

 rooms were museums, entailing endless labor to keep clean. The

 dust-demon was the lord of the household. There were a myriad devices

 for catching dust, and only a few devices for getting rid of it.","Here’s an interpretation of the passage, aiming for 3-5 sentences and addressing meaning, themes, and significance:

This passage unveils a chilling tension within a seemingly idyllic, yet deeply unsettling, romance. The narrator’s initial fear surrounding her husband’s passionate love-making reveals a fundamental anxiety about control and potential danger beneath a façade of gentleness.  The juxtaposition of ""gentler, tenderer husband"" with the image of a ""careful bull in a china shop"" highlights the precariousness of the relationship, suggesting a volatile core masked by a carefully constructed appearance.  Ultimately, the passage underscores the dystopian novel’s exploration of repressed desires, societal constraints – symbolized by the cluttered, obsessive-compulsive living room – and the inherent instability lurking beneath the surface of a seemingly ordered world. 


---

Would you like me to analyze another passage, or perhaps delve deeper into this one’s specific elements?"
iron_heel_005,iron_heel,gemma,gemma3:4b,"In 1835 A.D., the

 General Assembly of the Presbyterian Church resolved that: “_slavery

 is recognized in both the Old and the New Testaments, and is not

 condemned by the authority of God._” The Charleston Baptist

 Association issued the following, in an address, in 1835 A.D.: “_The

 right of masters to dispose of the time of their slaves has been

 distinctly recognized by the Creator of all things, who is surely at

 liberty to vest the right of property over any object whomsoever He

 pleases._” The Rev. Simon, Doctor of Divinity and professor in

 the Randolph-Macon Methodist College of Virginia, wrote: “_Extracts

 from Holy Writ unequivocally assert the right of property in slaves,

 together with the usual incidents to that right. The right to buy and

 sell is clearly stated.","Here’s an interpretation of the passage, aiming for 3-5 sentences and incorporating meaning, themes, and significance:

This passage powerfully illustrates the chilling justifications used to uphold slavery within a seemingly religious framework.  The verbatim quotations from the Presbyterian Church, Charleston Baptist Association, and Rev. Simon demonstrate a deliberate twisting of biblical scripture to legitimize ownership of human beings, framing slavery as divinely ordained and a matter of absolute property rights.  The core theme is the manipulation of faith for oppressive purposes, showcasing how ideology can be weaponized to rationalize injustice.  Ultimately, the passage serves as a stark reminder of the insidious ways in which religious institutions could be exploited to perpetuate systemic cruelty and the dangerous consequences of interpreting scripture without considering its historical and ethical context. 


---

Would you like me to analyze another passage, or perhaps explore specific aspects of this interpretation in more detail (e.g., the rhetorical techniques used)?"
iron_heel_006,iron_heel,gemma,gemma3:4b,"To escape death he would

    have done anything, and the police agents prepared him by assuring

    him that he could not possibly escape conviction of murder in the

    first degree when his trial came off. In those days, murder in the

    first degree was a capital offense. The guilty man or woman was

    placed in a specially constructed death-chair, and, under the

    supervision of competent physicians, was destroyed by a current of

    electricity. This was called electrocution, and it was very popular

    during that period. Anaesthesia, as a mode of compulsory death, was

    not introduced until later. This man, good at heart but with a ferocious animalism close at the

    surface of his being, lying in jail and expectant of nothing less

    than death, was prevailed upon by the agents of the Iron Heel to

    throw the bomb in the House of Representatives.","Here’s an interpretation of the passage, aiming for 3-5 sentences and addressing meaning, themes, and significance:

This chilling passage depicts a starkly controlled dystopian society where individual agency is utterly extinguished, symbolized by a man awaiting execution for a crime he was manipulated into committing. The brutal method of electrocution – a coldly efficient “destruction” – highlights the regime’s absolute power and disregard for human life, while the “Iron Heel” agents represent the insidious control exerted through coercion and manipulation. The man's inherent goodness juxtaposed with his suppressed “ferocious animalism” suggests a deeply troubled society where even basic morality is sacrificed for the sake of maintaining order, and the passage foreshadows a terrifying loss of human spirit. 



---

Would you like me to analyze another passage, or perhaps explore a specific aspect of this one in more detail (e.g., the symbolism of the ""Iron Heel,"" or the implications of the lack of anesthesia)?"
iron_heel_007,iron_heel,gemma,gemma3:4b,"The sun of the small capitalists is

setting. Nor is it in your power even to make

it stand still. You are perishing, and you are doomed to perish utterly

from the face of society. “This is the fiat of evolution. It is the word of God. Primitive man was a puny creature hiding in

the crevices of the rocks. He combined and made war upon his

carnivorous enemies. Primitive man was a

combinative beast, and because of it he rose to primacy over all the

animals. And man has been achieving greater and greater combinations

ever since. It is combination _versus_ competition, a thousand

centuries long struggle, in which competition has always been worsted. Whoso enlists on the side of competition perishes.”



“But the trusts themselves arose out of competition,” Mr. “And the trusts themselves destroyed

competition.","Here’s an interpretation of the passage, aiming for 3-5 sentences and addressing meaning, themes, and significance:

This passage presents a chilling justification for societal collapse, framed as the inevitable outcome of “evolution” favoring combination over competition. The speaker, presumably a figure of authority within the dominant capitalist system, argues that humanity’s progression – from tribal warfare to complex corporations – has always been driven by the triumph of collective action over individual striving.  The ominous pronouncement – “you are doomed to perish utterly” – underscores the fatalistic nature of this worldview and highlights the novel's central theme of the stifling consequences of unchecked economic consolidation. Ultimately, the passage serves as a stark critique of late-stage capitalism, suggesting its inherent violence and the destruction of any dissenting voices or competitive impulses. 


---

Would you like me to analyze another passage, or perhaps delve deeper into this one with a specific focus (e.g., the author's possible intentions, the symbolic use of imagery)?"
iron_heel_008,iron_heel,gemma,gemma3:4b,"We had each other for

eighteen precious months, and we were not lonely, for there was always

a coming and going of leaders and comrades—strange voices from the

under-world of intrigue and revolution, bringing stranger tales of

strife and war from all our battle-line. And there was much fun and

delight. We were not mere gloomy conspirators. We toiled hard and

suffered greatly, filled the gaps in our ranks and went on, and through

all the labour and the play and interplay of life and death we found

time to laugh and love. There were artists, scientists, scholars,

musicians, and poets among us; and in that hole in the ground culture

was higher and finer than in the palaces of wonder-cities of the

oligarchs. In truth, many of our comrades toiled at making beautiful

those same palaces and wonder-cities.[2]



 [2] This is not braggadocio on the part of Avis Everhard.","Here’s an interpretation of the passage, aiming for 3-5 sentences and addressing meaning, themes, and significance:

This passage reveals a surprisingly vibrant and hopeful pocket of resistance within a clearly dystopian setting.  Despite the implied threat of “intrigue and revolution” and the “labour and play” of a clandestine group, the narrative emphasizes genuine connection, joy, and a flourishing of the arts and intellect – a stark contrast to the sterile “wonder-cities” of an oppressive oligarchy. The passage suggests a theme of finding beauty and humanity in the face of systemic control, highlighting the subversive power of culture and community. Ultimately, it signifies a quiet rebellion, not through overt violence, but through the persistent creation of meaning and connection, suggesting that hope can be nurtured even in the darkest of circumstances. 


---

Would you like me to analyze another passage, or perhaps delve deeper into specific aspects of this one (e.g., the symbolism of the “hole in the ground,” the critique of the “oligarchs”)?"
iron_heel_009,iron_heel,gemma,gemma3:4b,"Descendants of these original colonists

 were for a while inordinately proud of their genealogy; but in time

 the blood became so widely diffused that it ran in the veins

 practically of all Americans. “Ernest was right,” he told me, as soon as he had returned home. “Ernest is a very remarkable young man, and I’d rather see you his wife

than the wife of Rockefeller himself or the King of England.”



“What’s the matter?” I asked in alarm. “The Oligarchy is about to tread upon our faces—yours and mine. Wickson

as much as told me so. He was very kind—for an oligarch. He offered to

reinstate me in the university. What do you think of that? He, Wickson,

a sordid money-grabber, has the power to determine whether I shall or

shall not teach in the university of the state.","Here’s an interpretation of the passage, aiming for 3-5 sentences and addressing meaning, themes, and significance:

This passage depicts a deeply fractured American identity, where the initial pride in colonial heritage has dissolved into a pervasive, almost meaningless diffusion of bloodlines. The speaker’s prioritization of ""Ernest,"" a seemingly unremarkable individual, over powerful figures like Rockefeller or the British King reveals a cynical and unsettling devaluation of traditional markers of status and authority.  The presence of the ""Oligarchy"" – represented by Wickson – and their manipulative power highlights the novel’s core theme of corruption and the loss of genuine ideals within a system dominated by wealth. Ultimately, the passage suggests a bleak and absurdist future where personal connection and genuine worth are replaced by a shallow obsession with status and the influence of those who control resources. 


---

Would you like me to analyze a different passage or explore a specific aspect of this interpretation (e.g., the significance of ""Ernest"")?"
iron_heel_010,iron_heel,gemma,gemma3:4b,"Thus would the leaders of the

enemy be removed from the field of the local battles that would

inevitably be fought all over the land. Many things were to occur simultaneously when the signal went forth. The Canadian and Mexican patriots, who were far stronger than the Iron

Heel dreamed, were to duplicate our tactics. Then there were comrades

(these were the women, for the men would be busy elsewhere) who were to

post the proclamations from our secret presses. Those of us in the

higher employ of the Iron Heel were to proceed immediately to make

confusion and anarchy in all our departments. Inside the Mercenaries

were thousands of our comrades. Their work was to blow up the magazines

and to destroy the delicate mechanism of all the war machinery.","Here’s an interpretation of the passage, aiming for 3-5 sentences and addressing meaning, themes, and significance:

This passage depicts a meticulously planned, brutal campaign of annihilation orchestrated by the oppressive “Iron Heel.” It reveals a chillingly efficient strategy designed not just to defeat a local resistance, but to dismantle society entirely through coordinated actions – from bolstering external support to sowing chaos within governmental structures. The focus on deception, utilizing “comrades” (primarily women) and mercenary violence, highlights the totalitarian regime’s reliance on covert operations and the dehumanization of its opponents. Ultimately, the passage underscores the themes of systematic oppression, calculated violence, and the desperate struggle for survival against an overwhelming, technologically advanced force."
iron_heel_011,iron_heel,gemma,gemma3:4b,"The increase in the younger generation of children who

could not read nor write was perilous. The capture of the world-market by the United States had disrupted the

rest of the world. Institutions and governments were everywhere

crashing or transforming. Germany, Italy, France, Australia, and New

Zealand were busy forming cooperative commonwealths. The British Empire

was falling apart. In India revolt was in

full swing. The cry in all Asia was, “Asia for the Asiatics!” And

behind this cry was Japan, ever urging and aiding the yellow and brown

races against the white. And while Japan dreamed of continental empire

and strove to realize the dream, she suppressed her own proletarian

revolution. It was a simple war of the castes, Coolie versus Samurai,

and the coolie socialists were executed by tens of thousands.","Here’s an interpretation of the passage, aiming for 3-5 sentences and addressing meaning, themes, and significance:

This passage paints a picture of late 19th/early 20th-century global instability, highlighting the chaotic aftermath of industrialization and rising imperial powers. The core issue – the rise in illiteracy amongst children – symbolizes a broader societal breakdown, representing a loss of knowledge and critical thinking amidst widespread upheaval. The passage explores themes of colonialism, racial tension, and the suppression of revolutionary movements, particularly exemplified by Japan's strategic alliance with non-white nations to counter European influence. Ultimately, it suggests a world fracturing along lines of power and race, driven by economic competition and a refusal to confront internal social injustices. 


---

Would you like me to analyze another passage, or perhaps delve deeper into this one with a specific focus (e.g., character analysis, symbolic interpretation)?"
iron_heel_012,iron_heel,gemma,gemma3:4b,"“With it we would repel the

invasion of the regular army.”



“You would go into the militia yourself,” was Ernest’s retort, “and be

sent to Maine, or Florida, or the Philippines, or anywhere else, to

drown in blood your own comrades civil-warring for their liberties. While from Kansas, or Wisconsin, or any other state, your own comrades

would go into the militia and come here to California to drown in blood

your own civil-warring.”



Now they were really shocked, and they sat wordless, until Mr. Owen

murmured:



“We would not go into the militia. We would not

be so foolish.”



Ernest laughed outright. “You do not understand the combination that has been effected. You would be drafted into the militia.”



“There is such a thing as civil law,” Mr. “Not when the government suspends civil law.","Here’s an interpretation of the passage, aiming for 3-5 sentences and addressing meaning, themes, and significance:

This chilling exchange reveals a society teetering on the brink of total control, where the very concept of a citizen militia is weaponized against dissent. The passage depicts a horrifying strategy—a forced, reciprocal civil war—designed to break the spirit of resistance by sending loyalists to slaughter their own countrymen in far-flung locations.  The core theme is the erosion of individual liberty and the manipulation of patriotic duty into a tool of oppression, highlighting the dangers of a government that disregards civil law.  Ernest’s cold logic underscores the dystopian reality where citizens are expected to willingly participate in their own destruction, ultimately demonstrating the novel’s concern with totalitarianism and the loss of human agency."
iron_heel_013,iron_heel,gemma,gemma3:4b,"“Do you mean to tell me that there

is no justice in Judge Caldwell’s court?”



The little lawyer glared at me a moment, and then the belligerence

faded out of his face. “I hadn’t a fair chance,” he began whining again. “They made a fool out

of Jackson and out of me, too. Colonel Ingram is a

great lawyer. If he wasn’t great, would he have charge of the law

business of the Sierra Mills, of the Erston Land Syndicate, of the

Berkeley Consolidated, of the Oakland, San Leandro, and Pleasanton

Electric? He’s a corporation lawyer, and corporation lawyers are not

paid for being fools.[4] What do you think the Sierra Mills alone give

him twenty thousand dollars a year for? Because he’s worth twenty

thousand dollars a year to them, that’s what for. If I was, I wouldn’t be on the outside, starving and taking cases

like Jackson’s.","Here’s an interpretation of the passage, aiming for 3-5 sentences and addressing meaning, themes, and significance:

This passage powerfully depicts the corruption at the heart of the dystopian society, revealing that justice is entirely subservient to wealth and power. The lawyer’s despairing lament – that he was “made a fool” and denied a fair chance – highlights the systemic inequality where influential figures like Colonel Ingram manipulate the legal system for corporate gain.  The passage underscores the theme of institutionalized corruption, demonstrating how legal structures are warped to benefit powerful corporations rather than uphold true justice. Ultimately, it suggests a bleak vision where legal representation is a commodity, accessible only to those who can afford to buy influence, and ordinary individuals are left to suffer the consequences."
iron_heel_014,iron_heel,gemma,gemma3:4b,"You are as much mercenaries (sincere mercenaries, I

grant) as were the men of the Swiss Guard.[14] Be true to your salt and

your hire; guard, with your preaching, the interests of your employers;

but do not come down to the working class and serve as false leaders. You cannot honestly be in the two camps at once. The working class has

done without you. Believe me, the working class will continue to do

without you. And, furthermore, the working class can do better without

you than with you.”



 [14] The hired foreign palace guards of Louis XVI, a king of France

 that was beheaded by his people. CHALLENGES





After the guests had gone, father threw himself into a chair and gave

vent to roars of Gargantuan laughter. Not since the death of my mother

had I known him to laugh so heartily.","Here’s an interpretation of the passage, aiming for 3-5 sentences and addressing meaning, themes, and significance:

This passage delivers a scathing indictment of the narrator’s father and, by extension, those attempting to manipulate the working class through manufactured loyalty and religious rhetoric.  The comparison to the Swiss Guard, ultimately executed for their allegiance to a tyrannical king, highlights the futility of seeking power through false servitude.  The repeated assertion – “you cannot honestly be in the two camps at once” – underscores the inherent hypocrisy of attempting to appease both the wealthy elite and the impoverished masses. Ultimately, the passage’s significance lies in its chilling portrayal of a system built on exploitation and the working class's recognition of its own self-sufficiency, suggesting a core theme of social injustice and the dangers of deceptive leadership. 

---

**Note:** I’ve included the parenthetical note regarding the Swiss Guard for context, as it’s a key element of the passage’s meaning."
iron_heel_015,iron_heel,gemma,gemma3:4b,"I can never forget the flaying he gave them at the end:



 [12] This figure arises from the customs of the times. When, among men

 fighting to the death in their wild-animal way, a beaten man threw

 down his weapons, it was at the option of the victor to slay him or

 spare him. “You have repeatedly confessed to-night, by direct avowal or ignorant

statement, that you do not know the working class. But you are not to

be blamed for this. How can you know anything about the working class? You do not live in the same locality with the working class. You herd

with the capitalist class in another locality. It is the

capitalist class that pays you, that feeds you, that puts the very

clothes on your backs that you are wearing to-night.","Here's an interpretation of the passage, aiming for 3-5 sentences, incorporating meaning, themes, and significance:

This chilling passage depicts a brutal and arbitrary justice system rooted in ingrained societal prejudices. The “flaying” represents a horrifying spectacle of violence justified by the victor’s unchecked power and the ingrained disdain for the “working class.”  The passage explores the themes of class division, exploitation, and the corrupting influence of power, highlighting how a system built on unequal relationships can devolve into savagery.  Ultimately, it suggests a dystopian future where basic human empathy and fairness have been entirely eradicated, replaced by a codified cruelty based on social stratification. 


---

Would you like me to analyze another passage, or perhaps delve deeper into the interpretation of this one?"
iron_heel_016,iron_heel,gemma,gemma3:4b,"“Tell me,” Ernest demanded, “what will you do when such a time comes?”



“We will rise in our strength!” Mr. Asmunsen cried, and many voices

backed his decision. “That will be civil war,” Ernest warned them. “So be it, civil war,” was Mr. Asmunsen’s answer, with the cries of all

the men at the table behind him. “We have not forgotten the deeds of

our forefathers. For our liberties we are ready to fight and die.”



Ernest smiled. “Do not forget,” he said, “that we had tacitly agreed that liberty in

your case, gentlemen, means liberty to squeeze profits out of others.”



The table was angry, now, fighting angry; but Ernest controlled the

tumult and made himself heard. When you rise in your strength, remember, the

reason for your rising will be that the government is in the hands of

the trusts.","Here’s an interpretation of the passage, aiming for 3-5 sentences and addressing meaning, themes, and significance:

This passage reveals a chilling tension between idealistic rebellion and cynical pragmatism within a fractured society. Mr. Asmunsen’s call to rise in strength fueled by ancestral liberties immediately clashes with Ernest’s starkly realistic assessment – that the fight is driven by the government’s corruption by powerful trusts. The scene highlights the dystopian theme of lost ideals, where genuine patriotism is subsumed by a struggle for economic gain, and suggests a profound betrayal of the very principles being invoked. Ultimately, the passage underscores the novel's central concern with the manipulation of revolutionary fervor for self-serving purposes, demonstrating how easily noble aspirations can be warped by systemic injustice. 


---

Would you like me to analyze another passage, or perhaps explore a specific aspect of this one in more detail (e.g., Ernest’s role, the symbolism of “civil war,” or the novel's overall thematic concerns)?"
iron_heel_017,iron_heel,gemma,gemma3:4b,"Stern justice was meted out by these organized avengers, but most

    remarkable was their passionless and judicial procedure. When a man was captured he was given fair trial

    and opportunity for defence. Of necessity, many men were tried and

    condemned by proxy, as in the case of General Lampton. Possibly the most bloodthirsty and malignant

    of all the mercenaries that ever served the Iron Heel, he was

    informed by the Fighting Groups that they had tried him, found him

    guilty, and condemned him to death—and this, after three warnings

    for him to cease from his ferocious treatment of the proletariat. After his condemnation he surrounded himself with a myriad

    protective devices. Years passed, and in vain the Fighting Groups

    strove to execute their decree. Comrade after comrade, men and

    women, failed in their attempts, and were cruelly executed by the

    Oligarchy.","Here’s an interpretation of the passage, aiming for 3-5 sentences and addressing meaning, themes, and significance:

This passage powerfully critiques the nature of justice within a totalitarian regime, revealing a chilling paradox. The “Fighting Groups,” ostensibly instruments of justice, operate with a cold, detached passionlessness, conducting trials and condemnations through proxies like General Lampton – a figure embodying the Iron Heel’s brutality.  The futility of their efforts to execute Lampton, compounded by the tragic deaths of those attempting the execution, underscores the Oligarchy’s absolute power and the systematic denial of genuine due process.  Ultimately, the passage highlights the themes of manipulation, powerlessness, and the corrosive effect of unchecked authority, suggesting that justice itself becomes a tool of oppression rather than a safeguard. 


---

Would you like me to analyze another passage, or perhaps explore specific aspects of this one in more detail (e.g., the symbolism of the “Iron Heel,” or the implications of the proxy trials)?"
iron_heel_018,iron_heel,gemma,gemma3:4b,"His smashing, sledge-hammer manner of attack invariably made them

forget themselves. And they were forgetting themselves now. Bishop

Morehouse was leaning forward and listening intently. Exasperation and

anger were flushing the face of Dr. And others were

exasperated, too, and some were smiling in an amused and superior way. As for myself, I found it most enjoyable. I glanced at father, and I

was afraid he was going to giggle at the effect of this human bombshell

he had been guilty of launching amongst us. “Your terms are rather vague,” Dr. “Just

precisely what do you mean when you call us metaphysicians?”



“I call you metaphysicians because you reason metaphysically,” Ernest

went on. “Your method of reasoning is the opposite to that of science. There is no validity to your conclusions. You can prove everything and

nothing, and no two of you can agree upon anything.","Here’s an interpretation of the passage, aiming for 3-5 sentences and addressing meaning, themes, and significance:

This passage depicts a carefully orchestrated disruption of a group’s intellectual complacency, highlighting the novel’s core theme of challenging established dogma. Ernest’s forceful questioning, delivered with a “sledge-hammer manner,” effectively dismantles the group’s self-assured reasoning by exposing its inherent contradictions and lack of concrete grounding.  The scene underscores the tension between scientific, verifiable truth and the more subjective, philosophical approach represented by the “metaphysicians,” suggesting a battle between logic and belief.  Ultimately, the passage’s humor and the father’s apprehension reveal the unsettling potential of a radical, destabilizing idea to undermine comfortable certainty. 


---

Would you like me to analyze another passage, or perhaps explore specific elements within this one in more detail (e.g., the significance of ""human bombshell,"" or the portrayal of the father)?"
iron_heel_019,iron_heel,gemma,gemma3:4b,"Eleven thousand men, women, and children were shot down

on the streets of Sacramento or murdered in their houses. The national

government took possession of the state government, and all was over

for California. And as with California, so elsewhere. Every Granger state was ravaged

with violence and washed in blood. First, disorder was precipitated by

the secret agents and the Black Hundreds, then the troops were called

out. Rioting and mob-rule reigned throughout the rural districts. Day

and night the smoke of burning farms, warehouses, villages, and cities

filled the sky. Railroad bridges and tunnels were

blown up and trains were wrecked. The poor farmers were shot and hanged

in great numbers. Reprisals were bitter, and many plutocrats and army

officers were murdered. Blood and vengeance were in men’s hearts. The

regular troops fought the farmers as savagely as had they been Indians. And the regular troops had cause.","Here’s an interpretation of the passage, aiming for 3-5 sentences and addressing meaning, themes, and significance:

This chilling passage depicts the brutal collapse of California and, by extension, the Granger states, signifying a descent into complete societal breakdown. The systematic violence, orchestrated by secret agents and fueled by mob rule, reveals a government corrupted and utilizing extreme measures to maintain control – a core theme of dystopian narratives concerning authoritarianism.  The imagery of widespread destruction, fueled by bloodshed and vengeance, underscores the loss of order, justice, and ultimately, humanity, suggesting a future where even basic rights are forfeit.  Ultimately, the passage highlights the devastating consequences of unchecked power and the potential for civil war when fundamental freedoms are suppressed. 


---

Would you like me to analyze another passage, or perhaps explore specific aspects of this one in more detail (e.g., discuss the symbolism of ""Black Hundreds,"" or the implications of the troops treating farmers like “Indians”)?"
iron_heel_020,iron_heel,gemma,gemma3:4b,"Sometimes the laborers refused to work. Sometimes the

 capitalists refused to let the laborers work. In the violence and

 turbulence of such disagreements much property was destroyed and many

 lives lost. All this is inconceivable to us—as inconceivable as

 another custom of that time, namely, the habit the men of the lower

 classes had of breaking the furniture when they quarrelled with their

 wives. “Yes, they’re quarrelling over the division of the earnings of the

street railways.”



Bishop Morehouse became excited. “It is so short-sighted on the part of the

workingmen. How can they hope to keep our sympathy—”



“When we are compelled to walk,” Ernest said slyly. But Bishop Morehouse ignored him and went on:



“Their outlook is too narrow. Men should be men, not brutes. There will

be violence and murder now, and sorrowing widows and orphans. Capital

and labor should be friends.","Here’s an interpretation of the passage, aiming for 3-5 sentences and addressing meaning, themes, and significance:

This passage sharply critiques a rigid, stratified society defined by intractable conflict between labor and capital, portraying it as both brutal and absurd. The seemingly minor detail of furniture-breaking highlights the deeply ingrained, almost primal, nature of the disagreement, suggesting a lack of reasoned discourse. Through Bishop Morehouse’s condescending pronouncements, the text explores themes of classism, paternalism, and the dangerous illusion of a harmonious “natural” order – one where men are supposedly “men, not brutes.” Ultimately, the passage’s significance lies in its foreshadowing of the novel’s central struggle: the dehumanizing consequences of attempting to impose a manufactured morality onto a fundamentally unequal system. 


---

Would you like me to analyze another passage, or perhaps delve deeper into this one's specific elements?"
iron_heel_021,iron_heel,gemma,gemma3:4b,"It simply prolongs the fight, this treachery of the

big unions. Heaven only knows now where and when the Revolution will

triumph.”



 [3] James Farley—a notorious strike-breaker of the period. A man more

 courageous than ethical, and of undeniable ability. He rose high under

 the rule of the Iron Heel and finally was translated into the oligarch

 class. He was assassinated in 1932 by Sarah Jenkins, whose husband,

 thirty years before, had been killed by Farley’s strike-breakers. “But with such a powerful combination as the Oligarchy and the big

unions, is there any reason to believe that the Revolution will ever

triumph?” I queried. “May not the combination endure forever?”



He shook his head. “One of our generalizations is that every system

founded upon class and caste contains within itself the germs of its

own decay. When a system is founded upon class, how can caste be

prevented?","Here’s an interpretation of the passage, aiming for 3-5 sentences and addressing meaning, themes, and significance:

This passage reveals the chilling logic of the Oligarchy, highlighting their cynical belief that any resistance, particularly from powerful unions, is merely a delaying tactic for the inevitable triumph of their system. Farley’s character embodies this ruthless pragmatism – a man prioritizing power over morality – and the narrative underscores the cyclical nature of violence and retribution fueling the dystopian world. The core theme is the futility of revolutionary struggle against a deeply entrenched, stratified system, and the Oligarchy’s calculated strategy of suppressing dissent through both direct violence and the manipulation of historical grievances. Ultimately, the passage suggests a bleak and deterministic future where the Oligarchy’s dominance is assured by its ability to perpetually crush any attempts at social upheaval. 


---

Would you like me to analyze another passage, or perhaps delve deeper into specific aspects of this one?"
iron_heel_022,iron_heel,gemma,gemma3:4b,"And to gain?—nothing, save one final, awful glut of

vengeance. And as I looked the thought came to me that in that rushing

stream of human lava were men, comrades and heroes, whose mission had

been to rouse the abysmal beast and to keep the enemy occupied in

coping with it. And now a strange thing happened to me. The fear of death, for myself and for others, left me. I was strangely

exalted, another being in another life. The Cause for

this one time was lost, but the Cause would be here to-morrow, the same

Cause, ever fresh and ever burning. And thereafter, in the orgy of

horror that raged through the succeeding hours, I was able to take a

calm interest. Death meant nothing, life meant nothing. I was an

interested spectator of events, and, sometimes swept on by the rush,

was myself a curious participant.","Here’s an interpretation of the passage, aiming for 3-5 sentences and addressing meaning, themes, and significance:

This passage depicts a chilling descent into madness and detachment within a brutal, seemingly endless conflict. The protagonist’s experience – the abandonment of fear and the rise of a detached “exaltation” – highlights the corrosive effect of prolonged violence and the loss of moral grounding within a dystopian society. The cyclical “Cause” that endlessly fuels the horror suggests a profound critique of ideological fervor and the dehumanizing power of unwavering, yet ultimately meaningless, devotion. Ultimately, the passage demonstrates how devastating conflict can strip individuals of their humanity, reducing them to passive observers and fleeting participants in an overwhelming, horrifying spectacle. 


---

Would you like me to analyze another passage, or perhaps explore specific aspects of this one in more detail (e.g., the symbolism of “lava” or the significance of the “Cause”?"
iron_heel_023,iron_heel,gemma,gemma3:4b,"I worked seventeen years in

them mills, an’ I’ve took notice that most of the accidents happens

just before whistle-blow.[3] I’m willin’ to bet that more accidents

happens in the hour before whistle-blow than in all the rest of the

day. A man ain’t so quick after workin’ steady for hours. I’ve seen too

many of ’em cut up an’ gouged an’ chawed not to know.”



 [3] The laborers were called to work and dismissed by savage,

 screaming, nerve-racking steam-whistles. “Hundreds an’ hundreds, an’ children, too.”



With the exception of the terrible details, Jackson’s story of his

accident was the same as that I had already heard. When I asked him if

he had broken some rule of working the machinery, he shook his head. “I chucked off the belt with my right hand,” he said, “an’ made a reach

for the flint with my left.","Here’s an interpretation of the passage, aiming for 3-5 sentences and addressing meaning, themes, and significance:

This passage powerfully depicts the dehumanizing effects of relentless, oppressive labor within a dystopian setting. The narrator’s meticulous observation of increased accidents preceding the jarring “whistle-blows” suggests a deliberate system of control, using fear and disruption to maintain worker compliance and silence dissent.  The violent, almost animalistic nature of the whistles, coupled with the physical trauma suffered by the workers, highlights themes of exploitation, risk, and the erosion of individual agency.  Ultimately, the passage serves as a stark critique of unchecked industrial power and the inherent danger of a system that prioritizes production over human well-being. 


---

Would you like me to analyze another passage, or perhaps delve deeper into this one with a specific focus (e.g., symbolism, characterization)?"
iron_heel_024,iron_heel,gemma,gemma3:4b,"“Class hatred is neither in the text nor in

the spirit of anything I have ever written.”



“Oh!” I cried reproachfully, and reached for his book and opened it. He sipped his tea and smiled at me while I ran over the pages. “Page one hundred and thirty-two,” I read aloud: “‘The class struggle,

therefore, presents itself in the present stage of social development

between the wage-paying and the wage-paid classes.’”



I looked at him triumphantly. “No mention there of class hatred,” he smiled back. “But,” I answered, “you say ‘class struggle.’”



“A different thing from class hatred,” he replied. “And, believe me, we

foment no hatred. We say that the class struggle is a law of social

development. We are not responsible for it. We do not make the class

struggle. We merely explain it, as Newton explained gravitation.","Here’s an interpretation of the passage, aiming for 3-5 sentences and addressing meaning, themes, and significance:

This passage reveals a chilling irony within the dystopian narrative – the protagonist discovers the author’s deliberate obfuscation of uncomfortable truths. The author’s dismissive declaration about “class hatred” being absent from his work is immediately contradicted by a direct quote from his own text, exposing a calculated attempt to sanitize a brutal reality. The use of the Newton analogy – explaining a natural law – highlights the manipulative strategy of framing societal conflict as an inevitable, impersonal force, absolving individuals of responsibility. Ultimately, the passage underscores the novel’s central theme of ideological control and the dangers of presenting complex social issues through a deliberately simplistic and deceptive lens. 


---

Would you like me to analyze another passage, or perhaps delve deeper into specific aspects of this one?"
iron_heel_025,iron_heel,gemma,gemma3:4b,"They assimilated the aristocratic idea from the moment

they began, as children, to receive impressions of the world. The

aristocratic idea was woven into the making of them until it became

bone of them and flesh of them. They looked upon themselves as

wild-animal trainers, rulers of beasts. From beneath their feet rose

always the subterranean rumbles of revolt. Violent death ever stalked

in their midst; bomb and knife and bullet were looked upon as so many

fangs of the roaring abysmal beast they must dominate if humanity were

to persist. They were the saviours of humanity, and they regarded

themselves as heroic and sacrificing laborers for the highest good. They, as a class, believed that they alone maintained civilization.","Here’s an interpretation of the passage, aiming for 3-5 sentences and addressing meaning, themes, and significance:

This passage depicts a chillingly self-assured dystopian elite who have actively internalized a brutal, domineering worldview, specifically the “aristocratic idea” of controlling and subjugating others. The core theme is the corruption of power – they’ve not just wielded it, but fundamentally shaped themselves to embody control and violence, viewing humanity as “beasts” to be managed.  The constant threat of revolt and the glorification of violent methods highlight the fragility of their dominance and the inherent instability of a system built on oppression. Ultimately, the passage underscores the dangers of self-deception and the insidious way ideological control can become ingrained within an entire social class, justifying cruelty in the name of preservation. 


---

Would you like me to analyze another passage, or perhaps explore specific aspects of this one in more detail (e.g., the symbolism of the ""roaring abysmal beast"")?"
iron_heel_026,iron_heel,gemma,gemma3:4b,"His

important part was played in drafting the new code after the Chicago

Commune. But before that, as trial judge, he had earned sentence of

death by his fiendish malignancy. I was one of those that tried him and

passed sentence upon him. Anna Roylston carried out the execution. Still another figure arises out of the old life—Jackson’s lawyer. Least

of all would I have expected again to meet this man, Joseph Hurd. Late at night, two years after the Chicago

Commune, Ernest and I arrived together at the Benton Harbor refuge. This was in Michigan, across the lake from Chicago. We arrived just at

the conclusion of the trial of a spy. Sentence of death had been

passed, and he was being led away. Such was the scene as we came upon

it.","Here’s an interpretation of the passage, aiming for 3-5 sentences and incorporating meaning, themes, and significance:

This passage establishes a bleak and unsettling atmosphere within a dystopian society, highlighting the brutal consequences of dissent and the lingering trauma of a violent past. The repeated references to death, executions, and “fiendish malignancy” underscore the regime’s ruthlessness and the dehumanization of its victims.  The unexpected reunion between Ernest and Joseph Hurd, marked by a chillingly detached observation of a death sentence being carried out, suggests a cyclical nature of injustice and the pervasive influence of the former Chicago Commune.  Ultimately, the passage emphasizes the loss of individual identity and the unsettling familiarity with perpetrators within a system built on oppression and control. 


---

Would you like me to analyze another passage, or perhaps explore a specific aspect of this one in more detail (e.g., the symbolism of Benton Harbor, the role of Anna Roylston)?"
iron_heel_027,iron_heel,gemma,gemma3:4b,"Their persecutors were sentenced to long terms in prison,

where they were harshly treated; while no man, not a member of the

favored unions, was permitted to carry weapons. Violation of this law

was made a high misdemeanor and punished accordingly. Outraged labor continued to wreak vengeance on the traitors. The children of the traitors were

persecuted by the children of the workers who had been betrayed, until

it was impossible for the former to play on the streets or to attend

the public schools. Also, the wives and families of the traitors were

ostracized, while the corner groceryman who sold provisions to them was

boycotted. As a result, driven back upon themselves from every side, the traitors

and their families became clannish. Finding it impossible to dwell in

safety in the midst of the betrayed proletariat, they moved into new

localities inhabited by themselves alone.","Here’s an interpretation of the passage, aiming for 3-5 sentences and addressing meaning, themes, and significance:

This passage depicts a chillingly cyclical and brutal dystopia fueled by deep-seated, generational resentment. The enforced disarmament of one group and the subsequent, unrestrained vengeance of another highlights the novel’s core theme of societal fracture and the corrosive power of collective trauma.  The systematic persecution – encompassing violence, ostracization, and the denial of basic rights – demonstrates how a totalitarian regime can intentionally cultivate hatred and division to maintain control. Ultimately, the passage powerfully illustrates the self-destructive nature of revenge and the tragic consequences of a society utterly consumed by its past grievances, forcing individuals into isolated, fearful existence. 


---

Would you like me to analyze another passage, or perhaps delve deeper into this one’s specific aspects?"
iron_heel_028,iron_heel,gemma,gemma3:4b,"Forty

thousand were killed in the street-fighting of Tokio and in the futile

assault on the Mikado’s palace. Kobe was a shambles; the slaughter of

the cotton operatives by machine-guns became classic as the most

terrific execution ever achieved by modern war machines. Most savage of

all was the Japanese Oligarchy that arose. Japan dominated the East,

and took to herself the whole Asiatic portion of the world-market, with

the exception of India. England managed to crush her own proletarian revolution and to hold on

to India, though she was brought to the verge of exhaustion. Also, she

was compelled to let her great colonies slip away from her. So it was

that the socialists succeeded in making Australia and New Zealand into

cooperative commonwealths. And it was for the same reason that Canada

was lost to the mother country.","Here’s an interpretation of the passage, aiming for 3-5 sentences and addressing meaning, themes, and significance:

This passage paints a grim picture of a world ravaged by violent conflict and economic upheaval following a devastating war, presented with a detached, almost clinical tone. The sheer scale of death – from the street battles of Tokyo to the systematic slaughter of laborers – highlights the brutal and dehumanizing nature of modern warfare and industrialization.  The text explores themes of imperialist dominance, failed revolutions, and the consequences of unchecked technological advancement, illustrating how global power shifts ultimately led to widespread destruction and the loss of colonial possessions.  Ultimately, the passage suggests a world irrevocably altered by greed and conflict, where traditional notions of nation-states and empires have crumbled, leaving behind a landscape of cooperative commonwealths born out of necessity and defeat. 


---

Would you like me to analyze another passage, or perhaps delve deeper into this one's specific elements?"
iron_heel_029,iron_heel,gemma,gemma3:4b,"“True, and you will grant that capital would perish if there were no

labor to earn the dividends.”



The Bishop was silent. “Then our statements cancel each other,” Ernest said in a

matter-of-fact tone, “and we are where we were. The

workingmen on the street railway furnish the labor. By the joint effort of the workingmen and the

capital, money is earned.[3] They divide between them this money that

is earned. Capital’s share is called ‘dividends.’ Labor’s share is

called ‘wages.’”



 [3] In those days, groups of predatory individuals controlled all the

 means of transportation, and for the use of same levied toll upon the

 public. “And there is no reason that the

division should not be amicable.”



“You have already forgotten what we had agreed upon,” Ernest replied. “We agreed that the average man is selfish. He is the man that is.","Here’s an interpretation of the passage, aiming for 3-5 sentences and addressing meaning, themes, and significance:

This passage lays bare the cold, transactional logic underpinning the dystopian society being described. It reveals a cynical view of economics, asserting that capital’s survival absolutely depends on the exploitation of labor, framed within the terms of “dividends” and “wages.” The conversation highlights the core theme of inherent selfishness – a belief that the average individual will only act in their own self-interest – and underscores the system's foundation upon a fundamentally unequal and potentially oppressive arrangement.  Ultimately, the passage demonstrates a chilling acceptance of a system built on the deliberate division and control of resources, suggesting a bleak outlook on human nature and social justice."
iron_heel_030,iron_heel,gemma,gemma3:4b,"“I understand you have money, or your father has, which is the same

thing—money invested in the Sierra Mills.”



“What has that to do with it?” I cried. “Nothing much,” he began slowly, “except that the gown you wear is

stained with blood. The food you eat is a bloody stew. The blood of

little children and of strong men is dripping from your very

roof-beams. I can close my eyes, now, and hear it drip, drop, drip,

drop, all about me.”



And suiting the action to the words, he closed his eyes and leaned back

in his chair. I burst into tears of mortification and hurt vanity. I

had never been so brutally treated in my life. Both the Bishop and my

father were embarrassed and perturbed. They tried to lead the

conversation away into easier channels; but Ernest opened his eyes,

looked at me, and waved them aside.","Here’s an interpretation of the passage, aiming for 3-5 sentences and addressing meaning, themes, and significance:

This passage powerfully depicts the suffocating control exerted by a deeply oppressive regime, symbolized by the “Sierra Mills” and the Bishop. The accusation – that the protagonist’s life is literally soaked in the blood of innocents – isn’t merely a threat, but a deliberate attempt to shatter her identity and sense of self through brutal, sensory detail.  The scene highlights themes of guilt, complicity, and the psychological toll of living under a totalitarian system where even the most basic comforts are tainted by violence. Ultimately, the Bishop's unsettling performance underscores the novel's exploration of how power corrupts and how individuals are reduced to mere pawns in a horrifying, calculated game. 


---

Would you like me to analyze another passage, or perhaps delve deeper into this one’s specific elements?"
iron_heel_031,iron_heel,gemma,gemma3:4b,"Ballingford glanced around the table and was rewarded by nods and

smiles of approval. “Your illustration is most unfortunate,” Ernest replied. “You refer to

a very dark period in human history. In fact, we call that period the

Dark Ages. A period wherein science was raped by the metaphysicians,

wherein physics became a search for the Philosopher’s Stone, wherein

chemistry became alchemy, and astronomy became astrology. Sorry the

domination of Aristotle’s thought!”



Dr. Ballingford looked pained, then he brightened up and said:



“Granted this horrible picture you have drawn, yet you must confess

that metaphysics was inherently potent in so far as it drew humanity

out of this dark period and on into the illumination of the succeeding

centuries.”



“Metaphysics had nothing to do with it,” Ernest retorted.","Here’s an interpretation of the passage, aiming for 3-5 sentences and addressing meaning, themes, and significance:

This passage establishes a chilling power dynamic within Ballingford’s society, where historical revisionism is wielded as a tool of control. Ernest’s dismissal of Ballingford’s “unfortunate” depiction of the Dark Ages – framed as a period of scientific suppression – reveals a deliberate effort to erase inconvenient truths and re-write history to justify the current, rigidly defined order.  The core theme is the manipulation of knowledge and the suppression of critical thought, highlighting a dystopian world where established dogma (“Aristotle’s thought”) is presented as the sole source of illumination and progress.  Ultimately, the exchange underscores the novel’s potential exploration of totalitarianism and the dangers of intellectual conformity."
iron_heel_032,iron_heel,gemma,gemma3:4b,"We had not changed much

from primitive man, despite the war automobiles that were sliding by. Turning a corner, we came upon a woman. She was lying on the pavement,

in a pool of blood. Hartman bent over and examined her. As for myself,

I turned deathly sick. I was to see many dead that day, but the total

carnage was not to affect me as did this first forlorn body lying there

at my feet abandoned on the pavement. “Shot in the breast,” was

Hartman’s report. Clasped in the hollow of her arm, as a child might be

clasped, was a bundle of printed matter. Even in death she seemed loath

to part with that which had caused her death; for when Hartman had

succeeded in withdrawing the bundle, we found that it consisted of

large printed sheets, the proclamations of the revolutionists.","Here’s an interpretation of the passage, aiming for 3-5 sentences and incorporating meaning, themes, and significance:

This passage powerfully illustrates the decay of humanity within a brutal, technologically advanced dystopia. The comparison to ""primitive man"" highlights a regression, suggesting that despite outward advancements like ""war automobiles,"" society has lost its core empathy and moral bearings. The shocking discovery of the woman’s death, coupled with the chillingly familiar gesture of the child clutching printed matter, underscores a fundamental obsession with rebellion and propaganda – a driving force behind the carnage.  Ultimately, the narrator’s visceral reaction suggests that the core of this dystopian world isn't just violence, but the persistent, ultimately destructive, influence of ideas and revolution. 


---

Would you like me to analyze another passage, or perhaps delve deeper into this one’s themes?"
iron_heel_033,iron_heel,gemma,gemma3:4b,"The working people were driven from their

villages and herded in factory towns. The mothers and children were put

to work at the new machines. It is a tale of blood.”



“I know, I know,” Bishop Morehouse interrupted with an agonized

expression on his face. But it occurred a century and

a half ago.”



“And there, a century and a half ago, originated the modern

proletariat,” Ernest continued. While a

slaughter-house was made of the nation by the capitalist, the Church

was dumb. It did not protest, as to-day it does not protest. As Austin

Lewis[6] says, speaking of that time, those to whom the command ‘Feed

my lambs’ had been given, saw those lambs sold into slavery and worked

to death without a protest.[7] The Church was dumb, then, and before I

go on I want you either flatly to agree with me or flatly to disagree

with me.","Here’s an interpretation of the passage, aiming for 3-5 sentences and addressing meaning, themes, and significance:

This passage powerfully critiques the origins of capitalism and its devastating impact on the working class, framing it as a continuous, repeating cycle of exploitation. The stark imagery of ""driven from their villages"" and ""herded in factory towns"" immediately establishes a scene of forceful displacement and dehumanization, highlighting the brutal realities of industrialization. Morehouse’s interjection about a century-and-a-half ago underscores the enduring nature of this injustice, while Ernest’s pointed accusation – “Feed my lambs had been given, saw those lambs sold into slavery” – reveals a profound betrayal of religious responsibility and moral authority. Ultimately, the passage suggests a chilling prophecy of future suffering, warning against complacency and demanding active opposition to systems that prioritize profit over human life. 


---

Would you like me to analyze another passage, or perhaps delve deeper into this one with a specific question?"
iron_heel_034,iron_heel,gemma,gemma3:4b,"“And as for my

dreaming—” he put his hand in his pocket and drew out a small

pamphlet—“tell me if this looks like dream-stuff.”



He opened it and began to read:



“‘Section One, be it enacted, and so forth and so forth, that the

militia shall consist of every able-bodied male citizen of the

respective states, territories, and District of Columbia, who is more

than eighteen and less than forty-five years of age.’



“‘Section Seven, that any officer or enlisted man’—remember Section

One, gentlemen, you are all enlisted men—‘that any enlisted man of the

militia who shall refuse or neglect to present himself to such

mustering officer upon being called forth as herein prescribed, shall

be subject to trial by court martial, and shall be punished as such

court martial shall direct.’



“‘Section Eight, that courts martial, for the trial of officers or men

of the militia, shall be composed of militia officers only.’



“‘Section Nine, that the militia, when called into the actual service

of the United States, shall be subject to the same rules and articles

of war as the regular troops of the United States.’



“There you are gentlemen, American citizens, and fellow-militiamen.","Here’s an interpretation of the passage, aiming for 3-5 sentences and addressing meaning, themes, and significance:

This seemingly dry legal excerpt functions as a stark embodiment of the novel’s dystopian control – it represents the systematic erosion of individual thought and freedom through the imposition of rigid, unquestionable authority. The character’s presentation of the pamphlet, demanding verification of its reality, highlights the deliberate construction of a fabricated “truth” enforced by the militia, symbolizing the state’s manipulation of reality and the suppression of dissent.  The dense, procedural language, emphasizing obedience and punitive measures, underscores the theme of dehumanization and the reduction of citizens to mere cogs in a militaristic machine, ultimately revealing the terrifying potential of a society built on absolute obedience and manufactured laws. 


---

Would you like me to analyze another passage or perhaps explore specific aspects of this one in more detail (e.g., the symbolism of the pamphlet, the tone of the language)?"
iron_heel_035,iron_heel,gemma,gemma3:4b,"They knew which side their bread was

buttered on. He had been brow-beaten and confused

by Colonel Ingram. Colonel Ingram was brilliant at cross-examination. He had made Jackson answer damaging questions. “How could his answers be damaging if he had the right on his side?” I

demanded. “What’s right got to do with it?” he demanded back. “You see all those

books.” He moved his hand over the array of volumes on the walls of his

tiny office. “All my reading and studying of them has taught me that

law is one thing and right is another thing. You go to

Sunday-school to learn what is right. But you go to those books to

learn . law.”



“Do you mean to tell me that Jackson had the right on his side and yet

was beaten?” I queried tentatively.","Here’s an interpretation of the passage, aiming for 3-5 sentences and addressing meaning, themes, and significance:

This passage powerfully critiques the manipulation of truth and the erosion of individual conscience within a rigidly controlled system. Colonel Ingram’s tactics – utilizing skillful interrogation and exploiting Jackson’s confusion – demonstrate how authority can distort perceptions of “right” by prioritizing legal technicalities over genuine morality. The emphasis on “law” versus “right” reveals a key dystopian theme: the deliberate suppression of ethical considerations in favor of maintaining power. Ultimately, the passage suggests a chilling realization – that even when possessing a seemingly valid legal argument, one’s core beliefs and sense of justice can be systematically undermined."
iron_heel_036,iron_heel,gemma,gemma3:4b,"It was a most wasteful expenditure of energy. Distribution was

 as confused and irrational as the whole general system of society. “Notice the sleeve of his left arm,” Ernest said gently. I looked, and saw that the sleeve was empty. “It was some of the blood from that arm that I heard dripping from your

roof-beams,” Ernest said with continued gentleness. “He lost his arm in

the Sierra Mills, and like a broken-down horse you turned him out on

the highway to die. When I say ‘you,’ I mean the superintendent and the

officials that you and the other stockholders pay to manage the mills

for you. It was caused by his trying to save the

company a few dollars. The toothed drum of the picker caught his arm. He might have let the small flint that he saw in the teeth go through.","Here’s an interpretation of the passage, aiming for 3-5 sentences and addressing meaning, themes, and significance:

This passage exposes the brutal indifference and systemic corruption at the heart of the dystopian society. Ernest’s unsettling observation – the man’s missing arm and the blood dripping from the rafters – reveals a deliberate act of abandonment and a prioritization of profit over human life. The story of the Sierra Mills worker highlights the themes of exploitation, corporate greed, and the dehumanization of individuals within a rigid, profit-driven system. Ultimately, the passage serves as a chilling indictment of a society where human suffering is simply a cost of doing business, demonstrating the novel's core critique of unchecked power and social injustice. 


---

Would you like me to analyze another passage, or perhaps delve deeper into the interpretation of this one?"
iron_heel_037,iron_heel,gemma,gemma3:4b,"The end is in sight.”



This little conference in our home was unofficial; but Ernest, like the

rest of his comrades, was working for assurances from the labor leaders

that they would call out their men in the next general strike. O’Connor, the president of the Association of Machinists, had been

foremost of the six leaders present in refusing to give such assurance. “You have seen that you were beaten soundly at your old tactics of

strike and boycott,” Ernest urged. O’Connor and the others nodded their heads. “And you saw what a general strike would do,” Ernest went on. “We

stopped the war with Germany. Never was there so fine a display of the

solidarity and the power of labor. Labor can and will rule the world. If you continue to stand with us, we’ll put an end to the reign of

capitalism.","Here’s an interpretation of the passage, aiming for 3-5 sentences and addressing meaning, themes, and significance:

This stark declaration, “The end is in sight,” immediately establishes a tone of desperate optimism and impending victory within a clearly oppressive context. The passage depicts a clandestine meeting of radicalized labor leaders attempting to manipulate support for a general strike, reflecting a fervent belief in the power of organized labor to overthrow capitalism. Ernest’s rhetoric – referencing a successful “display of solidarity” against Germany and the promise of global labor dominance – highlights themes of revolutionary zeal and the justification of violence through a perceived historical parallel. Ultimately, the phrase “The end is in sight” suggests a delusional confidence bordering on fanaticism, revealing the dangerous potential of ideological fervor to drive individuals toward destructive action. 


---

Would you like me to analyze another passage, or perhaps explore specific aspects of this one in more detail (e.g., the symbolism of the “end,” the character of Ernest)?"
iron_heel_038,iron_heel,gemma,gemma3:4b,"The

    governors of Colorado and Idaho are but executing the mandates of

    their masters, the Plutocracy. The issue is the Workers versus the

    Plutocracy. If they strike the first violent blow, we will strike

    the last._”









CHAPTER XVIII. IN THE SHADOW OF SONOMA





Of myself, during this period, there is not much to say. For six months

I was kept in prison, though charged with no crime. I was a _suspect_—a

word of fear that all revolutionists were soon to come to know. But our

own nascent secret service was beginning to work. By the end of my

second month in prison, one of the jailers made himself known as a

revolutionist in touch with the organization. Several weeks later,

Joseph Parkhurst, the prison doctor who had just been appointed, proved

himself to be a member of one of the Fighting Groups.","Here’s an interpretation of the passage, aiming for 3-5 sentences and addressing meaning, themes, and significance:

This passage paints a stark picture of a society gripped by violent class conflict, specifically between the working class and a ruthless Plutocracy. The chilling declaration – “If they strike the first violent blow, we will strike the last” – immediately establishes a cycle of escalating retribution and highlights the novel’s central theme of systemic oppression and revolutionary violence.  The depiction of the governors as mere puppets underscores the insidious nature of control exerted by this elite group, while the burgeoning secret service and infiltration of the prison system reveal a meticulously planned and increasingly desperate struggle for resistance. Ultimately, the passage suggests a society teetering on the brink of a brutal, unending war fueled by distrust and the fear of being the first to challenge the established power. 


---

Would you like me to analyze another passage, or perhaps explore specific aspects of this one in more detail (e.g., the symbolism of ""suspect,"" or the function of the secret service)?"
iron_heel_039,iron_heel,gemma,gemma3:4b,"I suppose, Doctor, you live in the mind?”



“My mind to me a kingdom is,” was the answer. “That’s another way of saying that you live up in the air. But you come

back to earth at meal-time, I am sure, or when an earthquake happens

along. Or, tell me, Doctor, do you have no apprehension in an

earthquake that that incorporeal body of yours will be hit by an

immaterial brick?”



Instantly, and quite unconsciously, Dr. Hammerfield’s hand shot up to

his head, where a scar disappeared under the hair. It happened that

Ernest had blundered on an apposite illustration. Hammerfield had

been nearly killed in the Great Earthquake[11] by a falling chimney. Everybody broke out into roars of laughter. [11] The Great Earthquake of 1906 A.D. “Well?” Ernest asked, when the merriment had subsided.","Here’s an interpretation of the passage, aiming for 3-5 sentences and addressing meaning, themes, and significance:

This exchange reveals a profound disconnect between Ernest and Dr. Hammerfield, highlighting the novel’s central theme of the alienation of the individual within a rigidly structured, possibly technologically advanced, society. Hammerfield’s assertion of his mind as a “kingdom” suggests a detachment from physical reality and a belief in a superior, untouchable existence, mirroring a potential critique of intellectual elitism. The anecdote about the earthquake and the scar underscores the fragility of even the most seemingly ethereal existence, exposing the vulnerability of individuals to the chaos and brutal realities of the world.  Ultimately, the passage serves as a pointed commentary on the dangers of prioritizing abstract thought over human connection and the potential for devastating consequences when such detachment occurs. 


---

Would you like me to analyze another passage, or perhaps explore specific aspects of this one in more detail (e.g., the significance of the ""Great Earthquake"")?"
iron_heel_040,iron_heel,gemma,gemma3:4b,"By the power of our ballots on election day will we

take your government away from you—”



“What if you do get a majority, a sweeping majority, on election day?”

Mr. “Suppose we refuse to turn the

government over to you after you have captured it at the ballot-box?”



“That, also, have we considered,” Ernest replied. “And we shall give

you an answer in terms of lead. Power you have proclaimed the king of

words. And in the day that we sweep to

victory at the ballot-box, and you refuse to turn over to us the

government we have constitutionally and peacefully captured, and you

demand what we are going to do about it—in that day, I say, we shall

answer you; and in roar of shell and shrapnel and in whine of

machine-guns shall our answer be couched. It is true that you have read history aright.","Here’s an interpretation of the passage, aiming for 3-5 sentences and addressing meaning, themes, and significance:

This chilling exchange reveals a society gripped by extreme authoritarianism and the threat of violent suppression. The speaker’s aggressive response – promising a devastating answer of “lead” (likely referring to weaponry) if the opposition wins an election – highlights the regime’s complete disregard for democratic principles and its willingness to use force to maintain control. The passage explores the themes of political manipulation, the erosion of civil liberties, and the chilling potential of a totalitarian state to react with brutal violence against any challenge to its authority. Ultimately, it underscores the desperate and terrifying consequences of allowing unchecked power to corrupt the very foundations of governance. 


---

Would you like me to analyze another passage, or perhaps delve deeper into this one’s themes?"
iron_heel_041,iron_heel,gemma,gemma3:4b,"It

is quite clear that she intended the Manuscript for immediate

publication, as soon as the Iron Heel was overthrown, so that her

husband, so recently dead, should receive full credit for all that he

had ventured and accomplished. Then came the frightful crushing of the

Second Revolt, and it is probable that in the moment of danger, ere she

fled or was captured by the Mercenaries, she hid the Manuscript in the

hollow oak at Wake Robin Lodge. Of Avis Everhard there is no further record. Undoubtedly she was

executed by the Mercenaries; and, as is well known, no record of such

executions was kept by the Iron Heel. But little did she realize, even

then, as she hid the Manuscript and prepared to flee, how terrible had

been the breakdown of the Second Revolt.","Here’s an interpretation of the passage, aiming for 3-5 sentences and addressing meaning, themes, and significance:

This passage unveils a chilling narrative of sacrifice and suppressed truth within a totalitarian regime. The woman’s desperate act of hiding the “Manuscript” – likely a record of resistance – reveals a poignant theme of defiance against the “Iron Heel,” driven by a desire to honor her deceased husband and ensure his legacy.  Her fate, a chillingly undocumented execution by the Mercenaries, underscores the brutal efficiency and complete lack of accountability of the oppressive power. Ultimately, the passage highlights the devastating consequences of revolution’s failure and the erasure of individuals who dared to challenge the status quo, transforming them into silent martyrs."
iron_heel_042,iron_heel,gemma,gemma3:4b,"Calhoun said: “_A power has risen up in the government

 greater than the people themselves, consisting of many and various and

 powerful interests, combined into one mass, and held together by the

 cohesive power of the vast surplus in the banks_.” And that great

 humanist, Abraham Lincoln, said, just before his assassination: “_I

 see in the near future a crisis approaching that unnerves me and

 causes me to tremble for the safety of my country. Corporations

 have been enthroned, an era of corruption in high places will follow,

 and the money-power of the country will endeavor to prolong its reign

 by working upon the prejudices of the people until the wealth is

 aggregated in a few hands and the Republic is destroyed._”



“But it would be cowardly,” was the protest. You have done your work in the world,

and a great work. Leave the present battle to youth and strength.","Here’s an interpretation of the passage, aiming for 3-5 sentences and addressing meaning, themes, and significance:

This passage vividly depicts a chillingly familiar dystopia – one where unchecked corporate power and financial control have supplanted democratic governance. Calhoun and Lincoln’s prophetic warnings, echoing concerns about the concentration of wealth and the manipulation of public opinion, highlight the core theme of the erosion of republican ideals by a powerful, unseen economic force.  The dismissive “But it would be cowardly” response underscores the resistance to acknowledging this danger and the novel’s likely exploration of the consequences of prioritizing short-term gains over long-term societal well-being. Ultimately, the passage suggests a cautionary tale about the cyclical nature of power and the persistent threat of plutocracy. 


---

Would you like me to analyze another passage, or perhaps delve deeper into this one's themes?"
iron_heel_043,iron_heel,gemma,gemma3:4b,"“Why shouldn’t it, with the splendid organization and new machinery its

large capital makes possible?”



“There is no discussion,” Ernest answered. “It certainly should, and,

furthermore, it does.”



Mr. Calvin here launched out into a political speech in exposition of

his views. He was warmly followed by a number of the others, and the

cry of all was to destroy the trusts. “Poor simple folk,” Ernest said to me in an undertone. “They see

clearly as far as they see, but they see only to the ends of their

noses.”



A little later he got the floor again, and in his characteristic way

controlled it for the rest of the evening. “I have listened carefully to all of you,” he began, “and I see plainly

that you play the business game in the orthodox fashion. Life sums

itself up to you in profits.","Here’s an interpretation of the passage, aiming for 3-5 sentences and addressing meaning, themes, and significance:

This passage depicts a chillingly sterile and controlled society where efficiency and profit maximization – symbolized by “splendid organization and new machinery” – are presented as unquestionable truths. Ernest’s dismissive response, “There is no discussion,” highlights the suppression of dissent and the unquestioning acceptance of the ruling elite's vision. The critique of “simple folk” reveals a deep-seated disdain for those lacking the supposedly sophisticated understanding of “the business game,” suggesting a stratified society based on perceived intelligence and economic engagement. Ultimately, the passage critiques the dangers of prioritizing utilitarian logic and unchecked capitalism over genuine human needs and critical thought, foreshadowing a society devoid of empathy and independent judgment. 

---

Would you like me to analyze a different passage, or perhaps delve deeper into specific aspects of this one?"
iron_heel_044,iron_heel,gemma,gemma3:4b,"[9] A decade before this speech of Everhard’s, the New York Board of

 Trade issued a report from which the following is quoted: “_The

 railroads control absolutely the legislatures of a majority of the

 states of the Union; they make and unmake United States Senators,

 congressmen, and governors, and are practically dictators of the

 governmental policy of the United States._”



“Gentlemen, I have merely sketched the power of one of the seven groups

that constitute the brain of the Plutocracy.[10] Your twenty-four

billions of wealth does not give you twenty-five cents’ worth of

governmental power. It is an empty shell, and soon even the empty shell

will be taken away from you. The Plutocracy has all power in its hands

to-day. It to-day makes the laws, for it owns the Senate, Congress, the

courts, and the state legislatures. Behind law must

be force to execute the law.","Here's an interpretation of the passage, aiming for 3-5 sentences and addressing meaning, themes, and significance:

This passage establishes a chillingly familiar dystopian scenario where unchecked corporate power has effectively replaced democratic governance. Everhard’s words, echoing a historical critique of railroad dominance, reveal a present where a “Plutocracy” – a secret ruling class of immense wealth – directly controls the levers of government, manipulating legislatures and shaping policy. The passage highlights themes of corruption, the erosion of representative democracy, and the insidious nature of concentrated wealth.  Significantly, the assertion that wealth equates to *no* governmental power suggests a bleak future where even material influence is ultimately vulnerable and destined to be stripped away, reinforcing a sense of impending societal collapse. 


---

Would you like me to analyze another passage, or perhaps explore a specific aspect of this one in more detail (e.g., the symbolism of ""empty shell,"" or the implications of ""force to execute the law"")?"
iron_heel_045,iron_heel,gemma,gemma3:4b,"They were forced, swept on

    by this inrolling tide of wealth which their monopoly magnet

    irresistibly attracted. They developed a staff of investment

    seekers and investigators. It is said that the chief of this staff

    has a salary of $125,000 a year. “The first conspicuous excursion and incursion of the Rockefellers

    was into the railway field. By 1895 they controlled one-fifth of

    the railway mileage of the country. What do they own or, through

    dominant ownership, control to-day? They are powerful in all the

    great railways of New York, north, east, and west, except one,

    where their share is only a few millions. They are in most of the

    great railways radiating from Chicago. They dominate in several of

    the systems that extend to the Pacific. It is their votes that make

    Mr.","Here’s an interpretation of the passage, aiming for 3-5 sentences and addressing its meaning, themes, and significance:

This passage paints a chilling portrait of burgeoning corporate power and the ruthless expansion of wealth, specifically focusing on the rise of the Rockefeller family. The “inrolling tide of wealth” and the “monopoly magnet” represent the relentless and almost unstoppable force of industrial consolidation, driven by figures like Rockefeller.  The passage’s significance lies in its early observation of concentrated economic influence – a warning about the potential for a few powerful entities to control vital industries like railroads and, by extension, shape the nation’s future.  Ultimately, it foreshadows the broader dystopian themes of societal control and the erosion of individual agency through economic domination. 


Would you like me to analyze another passage?"
iron_heel_046,iron_heel,gemma,gemma3:4b,"They had no economic nor political

souls of their own. When the fiat of the Plutocracy went forth, they

withdrew their advertisements from the Hearst papers. He brought his papers out at a loss of a

million and a half each month. He continued to publish the

advertisements for which he no longer received pay. Again the fiat of

the Plutocracy went forth, and the small business men and manufacturers

swamped him with a flood of notices that he must discontinue running

their old advertisements. He received six months’ imprisonment for

contempt of court in disobeying the injunctions, while he was

bankrupted by countless damage suits. The Plutocracy

had passed sentence on him. The courts were in the hands of the

Plutocracy to carry the sentence out. And with Hearst crashed also to

destruction the Democratic Party that he had so recently captured.","Here’s an interpretation of the passage, aiming for 3-5 sentences and addressing meaning, themes, and significance:

This passage powerfully depicts a chilling scenario of absolute corporate control, illustrating how a small individual can be utterly crushed by the overwhelming force of a ruling Plutocracy. The “fiat” – the unquestioned command – represents the absolute power wielded by this elite group, demonstrating how economic leverage is used to stifle dissent and manipulate the very foundations of society.  The destruction of Hearst and the Democratic Party underscores the theme of totalitarianism, where political and economic power are entirely subservient to the whims of a wealthy, controlling minority. Ultimately, the passage serves as a stark warning about the dangers of concentrated power and the potential for a system to be built on the complete suppression of individual liberty. 


---

Would you like me to analyze another passage, or perhaps explore a specific aspect of this interpretation in more detail (e.g., the symbolism of ""fiat,"" or the broader themes of the novel implied by this scene)?"
iron_heel_047,iron_heel,gemma,gemma3:4b,"I have been in the thick of life so long that I am

oppressed by the peace and quiet, and I cannot forbear from dwelling

upon that mad maelstrom of death and destruction so soon to burst

forth. In my ears are the cries of the stricken; and I can see, as I

have seen in the past,[2] all the marring and mangling of the sweet,

beautiful flesh, and the souls torn with violence from proud bodies and

hurled to God. Thus do we poor humans attain our ends, striving through

carnage and destruction to bring lasting peace and happiness upon the

earth. [2] Without doubt she here refers to the Chicago Commune.","Here’s an interpretation of the passage, aiming for 3-5 sentences and addressing meaning, themes, and significance:

This passage reveals a profoundly unsettling and darkly ironic perspective, suggesting a character accustomed to violence now horrified by tranquility. The speaker’s obsession with impending destruction – fueled by the “cries of the stricken” and visions of brutal death – highlights a twisted logic where chaos is perceived as necessary for achieving “lasting peace and happiness.”  Ultimately, the passage explores the disturbing theme of finding justification for violence, presenting a chilling argument that destruction is a deliberate, even sought-after, path to order.  Its significance lies in showcasing the potential for a warped sense of purpose to emerge within a society saturated with trauma and conflict, questioning the very definition of ‘peace.’ 


---

Would you like me to analyze another passage, or perhaps delve deeper into this one’s themes?"
iron_heel_048,iron_heel,gemma,gemma3:4b,"They advocated government ownership of such trusts as the

railroads and telegraphs, and excessive income taxes, graduated with

ferocity, to destroy large accumulations. Likewise they advocated, as a

cure for local ills, municipal ownership of such public utilities as

water, gas, telephones, and street railways. Asmunsen’s narrative of his tribulations

as a quarry owner. He confessed that he never made any profits out of

his quarry, and this, in spite of the enormous volume of business that

had been caused by the destruction of San Francisco by the big

earthquake. For six years the rebuilding of San Francisco had been

going on, and his business had quadrupled and octupled, and yet he was

no better off. “The railroad knows my business just a little bit better than I do,” he

said. “It knows my operating expenses to a cent, and it knows the terms

of my contracts.","Here’s an interpretation of the passage, aiming for 3-5 sentences and addressing meaning, themes, and significance:

This passage powerfully depicts a society grappling with the consequences of unchecked capitalism and the perceived failures of traditional economic solutions. The proposed government interventions – heavy taxation and municipal ownership – represent a desperate attempt to regulate and control powerful industries like railroads, reflecting a deep distrust of private enterprise.  Asmunsen’s story, ironically benefiting from a disaster while remaining perpetually impoverished, highlights the predatory nature of these corporations who operate with unparalleled knowledge and leverage, essentially controlling individuals’ livelihoods. Ultimately, the passage suggests a bleak critique of economic systems where profit trumps human well-being and where established institutions wield disproportionate power, leaving individuals vulnerable and exploited. 


---

Would you like me to analyze another passage, or perhaps explore a specific aspect of the interpretation in more detail (e.g., the symbolism of the earthquake)?"
iron_heel_049,iron_heel,gemma,gemma3:4b,"Hammerfield was never up against anything like it in

his life,” he laughed. “‘The courtesies of ecclesiastical controversy!’

Did you notice how he began like a lamb—Everhard, I mean, and how

quickly he became a roaring lion? He has a splendidly disciplined mind. He would have made a good scientist if his energies had been directed

that way.”



I need scarcely say that I was deeply interested in Ernest Everhard. It

was not alone what he had said and how he had said it, but it was the

man himself. I had never met a man like him. I suppose that was why, in

spite of my twenty-four years, I had not married. I liked him; I had to

confess it to myself. And my like for him was founded on things beyond

intellect and argument.","Here’s an interpretation of the passage, aiming for 3-5 sentences and addressing meaning, themes, and significance:

This passage reveals a crucial shift in the narrator’s perspective, highlighting their burgeoning attraction to Ernest Everhard amidst a seemingly pointless theological debate. The narrator’s observation of Everhard’s transformation – from a docile “lamb” to a ferocious “lion” – suggests a deeper, more unsettling quality beneath Everhard’s intellectual prowess, hinting at a manipulative or transformative force at play within the dystopian setting.  Ultimately, the passage explores themes of fascination with the unconventional and the unsettling allure of a man who defies easy categorization, mirroring the narrator's own unfulfilled life and perhaps foreshadowing a dangerous obsession.  The narrator’s candid admission of affection transcends simple intellect, suggesting a yearning for connection beyond the sterile confines of the argument, a key element of the novel’s critique of societal control. 


---

Would you like me to analyze another passage, or perhaps delve deeper into the interpretation of this one?"
time_machine_000,time_machine,gemma,gemma3:4b,"Until he set to work--the workers

cut each other's throats, and murdered a Chinaman or a Labour policeman

at times, and left the rest of us in peace. Such a thing hasn't been this gross of years. Eh!--but 'tis ill

on small folks when the great fall out! It's ill.""



""Did you say--there had not been--what?--for a gross of years?""



""Eh?"" said the old man. The old man said something about clipping his words, and made him repeat

this a third time. ""Fighting and slaying, and weapons in hand, and fools

bawling freedom and the like,"" said the old man. ""Not in all my life has

there been that. These are like the old days--for sure--when the Paris

people broke out--three gross of years ago. That's what I mean hasn't

been.","Here’s an interpretation of the passage, aiming for 3-5 sentences and addressing meaning, themes, and significance:

This passage depicts a society consumed by brutal violence and chaos, highlighting the breakdown of order and the descent into primal instincts. The “gross of years” of fighting and murder represents a terrifying return to a pre-revolutionary, lawless state, fueled by populist fervor and reckless demands for “freedom.” The old man’s repeated insistence on the phrase underscores the shocking nature of the situation and the disruption of the established, albeit oppressive, norm.  Ultimately, the passage speaks to themes of societal collapse, the dangers of unchecked revolutionary sentiment, and the fragility of order when faced with intense, destabilizing conflict – echoing historical anxieties about uprisings and the potential for widespread destruction. 


---

Would you like me to analyze another passage or perhaps delve deeper into this one with a specific focus (e.g., character analysis, stylistic elements)?"
time_machine_001,time_machine,gemma,gemma3:4b,"He saw a multitude of shadows had sprung into

aggressive existence, seemed rushing up, broadening, widening, growing

with steady swiftness--to leap suddenly back and return reinforced. The

song and the tramping had ceased. The unanimous march, he discovered, was

arrested, there were eddies, a flow sideways, shouts of ""The lights!""

Voices were crying together one thing. In this dancing death of the lights the

area of the street had suddenly become a monstrous struggle. The huge

white globes became purple-white, purple with a reddish glow, flickered,

flickered faster and faster, fluttered between light and extinction,

ceased to flicker and became mere fading specks of glowing red in a vast

obscurity. In ten seconds the extinction was accomplished, and there was

only this roaring darkness, a black monstrosity that had suddenly

swallowed up those glittering myriads of men. He felt invisible forms about him; his arms were gripped.","Here’s an interpretation of the passage, aiming for 3-5 sentences and addressing meaning, themes, and significance:

This passage depicts a terrifying and sudden collapse of order, representing the complete loss of control and the brutal emergence of oppressive forces within the dystopian setting. The “aggressive shadows” and the extinguishing of the lights symbolize the suppression of individuality and the overwhelming power of the controlling regime, manifesting as a chaotic and violent surge. The imagery of “dancing death” and “swallowed up” emphasizes the dehumanization and terror experienced by the citizens, highlighting themes of surveillance, loss of agency, and the fear of being erased. Ultimately, the passage signifies a critical moment of breakdown, illustrating the fragility of hope and the chilling potential for absolute domination. 


---

Would you like me to analyze another passage, or perhaps delve deeper into this one and explore specific literary devices used?"
time_machine_002,time_machine,gemma,gemma3:4b,"""We want you to come, Sire,"" panted the newcomer, and Graham glancing at

his face again, saw a new cut had changed from white to red on his

forehead, and a couple of little trickles of blood starting therefrom. ""Your people call for you.""



""Come where? My people?""



""To the hall about the markets. Your life is in danger here. We learned but just in time. The Council has decided--this very

day--either to drug or kill you. The people are

drilled, the Wind-Vane police, the engineers, and half the way-gearers

are with us. The whole city shouts

against the Council. We have arms."" He wiped the blood with his hand. ""Your life here is not worth--""



""But why arms?""



""The people have risen to protect you, Sire. What?""



He turned quickly as the man who had first come down made a hissing with

his teeth.","Here’s an interpretation of the passage, aiming for 3-5 sentences and focusing on meaning, themes, and significance:

This passage depicts a terrifying escalation of oppression within a tightly controlled society. The newcomer’s frantic plea reveals that Graham, the “Sire,” is facing imminent danger – a Council decision to drug or kill him – fueled by widespread public uprising. The presence of armed citizens, a chillingly efficient police force, and even engineers demonstrates the Council's loss of control and the desperate measures they’re taking to maintain power.  Ultimately, the passage highlights themes of rebellion, paranoia, and the brutal consequences of challenging authority, suggesting a society teetering on the brink of violent collapse. 


---

Would you like me to analyze another passage or perhaps delve deeper into specific aspects of this one?"
time_machine_003,time_machine,gemma,gemma3:4b,"Then he noticed there were no books, no newspapers, no

writing materials. ""The world has changed indeed,"" he said. He observed one entire side of the outer room was set with rows of

peculiar double cylinders inscribed with green lettering on white that

harmonized with the decorative scheme of the room, and in the centre of

this side projected a little apparatus about a yard square and having a

white smooth face to the room. He had a transitory

idea that these cylinders might be books, or a modern substitute for

books, but at first it did not seem so. The lettering on the cylinders puzzled him. At first sight it seemed like

Russian. Then he noticed a suggestion of mutilated English about certain

of the words. ""Thi Man huwdbi Kin"" forced itself on him as ""The Man who would be King.""



""Phonetic spelling,"" he said.","Here’s an interpretation of the passage, aiming for 3-5 sentences and addressing meaning, themes, and significance:

This passage immediately establishes a chilling dystopia where traditional forms of literacy and information have been systematically eradicated, symbolized by the absence of books and writing materials. The unsettling “double cylinders” – initially mistaken for books – represent a corrupted and altered version of knowledge, revealed through a fragmented and deliberately obfuscated form of English (“The Man who would be King”).  The introduction of “phonetic spelling” highlights the deliberate manipulation of language as a tool of control and suppression of thought, suggesting a regime actively seeking to distort reality and erase historical narratives. Ultimately, the passage’s significance lies in its stark depiction of a society stripped of its intellectual heritage and its capacity for critical understanding. 


---

Would you like me to analyze another passage, or perhaps explore specific aspects of this one in more detail (e.g., the symbolism of the cylinders, the role of language)?"
time_machine_004,time_machine,gemma,gemma3:4b,"Every

city now is a prison. Mammon grips the key in his hand. Myriads,

countless myriads, toil from the cradle to the grave. Yes, far worse than in your time. All about us,

beneath us, sorrow and pain. All the shallow delight of such life as you

find about you, is separated by just a little from a life of wretchedness

beyond any telling. Yes, the poor know it--they know they suffer. These

countless multitudes who faced death for you two nights since--! You owe

your life to them.""



""Yes,"" said Graham, slowly. I owe my life to them.""



""You come,"" she said, ""from the days when this new tyranny of the cities

was scarcely beginning. In your days the

feudal war lords had gone, and the new lordship of wealth had still to

come. Half the men in the world still lived out upon the free

countryside.","Here’s an interpretation of the passage, aiming for 3-5 sentences and addressing meaning, themes, and significance:

This passage depicts a profoundly bleak and oppressive future where urban centers have become inescapable prisons, controlled by a relentless, amoral force – “Mammon” representing unchecked capitalism. The relentless toil and suffering experienced by the vast majority of the population underscores a catastrophic loss of freedom and a descent into unimaginable misery, far exceeding any previous hardship.  The speaker’s acknowledgment that Graham owes his life to the suffering masses highlights the immense cost of survival within this system and serves as a stark indictment of a society built on exploitation. Ultimately, the passage establishes a historical context of a nascent tyranny, contrasting a world with pockets of rural freedom with the burgeoning, devastating control of urban life. 


---

Would you like me to analyze another passage or perhaps explore a specific aspect of this one in more detail (e.g., the symbolism of ""Mammon,"" the portrayal of the ""poor,"" or the historical context)?"
time_machine_005,time_machine,gemma,gemma3:4b,"But you--you who come from a happier age--it is to

you the people look. To you.""



He looked at her face. Her eyes were bright with unshed tears. He felt

a rush of emotion. For a moment he forgot this city, he forgot the

race, and all those vague remote voices, in the immediate humanity of

her beauty. ""But what am I to do?"" he said with his eyes upon her. ""Rule,"" she answered, bending towards him and speaking in a low tone. ""Rule the world as it has never been ruled, for the good and happiness of

men. For you might rule it--you could rule it. All over the world the people are stirring. It

wants but a word--but a word from you--to bring them all together. Even

the middle sort of people are restless--unhappy. ""They are not telling you the things that are happening.","Here’s an interpretation of the passage, aiming for 3-5 sentences and addressing meaning, themes, and significance:

This brief exchange reveals a crucial moment of revelation within a dystopian society, highlighting the desperate hope for leadership. The woman’s instruction to “Rule” represents a yearning for genuine, empathetic governance, a stark contrast to the oppressive reality implied by her words about hidden unrest and silenced voices. The protagonist’s immediate emotional response – forgetting the surrounding dystopia – underscores the profound power of human connection and the potential for redemption through a leader who prioritizes human well-being.  Ultimately, the passage signals a call to action, suggesting that a single, compassionate voice holds the key to awakening a world yearning for liberation. 


---

Would you like me to analyze another passage, or perhaps delve deeper into this one with a specific question in mind (e.g., discussing the symbolism of “rule,” or exploring the novel's potential critique of authority)?"
time_machine_006,time_machine,gemma,gemma3:4b,"There was a heavy thud, a

concussion that made their seat shiver. The passers-by stopped, shouted

to one another. The old man was full of questions; he shouted to a man

who passed near. Graham, emboldened by his example, got up and accosted

others. He returned to the seat and found the old man muttering vague

interrogations in an undertone. For a while they said nothing to

one another. The sense of this gigantic struggle, so near and yet so remote, oppressed

Graham's imagination. Was this old man right, was the report of the

people right, and were the revolutionaries winning? Or were they all in

error, and were the red guards driving all before them? At any time the

flood of warfare might pour into this silent quarter of the city and

seize upon him again. It behoved him to learn all he could while there

was time.","Here’s an interpretation of the passage, aiming for 3-5 sentences and addressing meaning, themes, and significance:

This passage depicts a moment of simmering tension within a rigidly controlled society, likely a dystopian setting, where a single, unsettling event – a “heavy thud” – has sparked widespread speculation and anxiety. The characters’ reactions – from the old man’s insistent questioning to Graham’s increasingly bold attempts to understand – reveal a deep-seated uncertainty about the conflict unfolding around them, highlighting themes of surveillance, misinformation, and the psychological impact of fear. The oppressive atmosphere and the looming threat of “warfare” emphasize the fragility of individual agency and the potential for sudden, violent upheaval within a system designed to suppress dissent, ultimately suggesting a critique of totalitarian regimes and the desperate need for knowledge in a world of deception."
time_machine_007,time_machine,gemma,gemma3:4b,"His face was white as he turned blinking towards

her. ""I must fetch a doctor,"" he said. ""It is either death or a fit. Is

there a doctor in the village? Where is a doctor to be found?""









CHAPTER II



THE TRANCE





The state of cataleptic rigour into which this man had fallen, lasted for

an unprecedented length of time, and then he passed slowly to the flaccid

state, to a lax attitude suggestive of profound repose. Then it was his

eyes could be closed. He was removed from the hotel to the Boscastle surgery, and from the

surgery, after some weeks, to London. But he still resisted every attempt

at reanimation. After a time, for reasons that will appear later, these

attempts were discontinued.","Here’s an interpretation of the passage, analyzing its meaning, themes, and significance:

This passage immediately establishes a chilling atmosphere of unease and impending doom, utilizing the stark imagery of a “white” face and frantic questioning to portray a man gripped by a terrifying, inexplicable paralysis. The focus on “death or a fit” suggests a breakdown of both physical and mental order, hinting at a society where the natural processes of life and health have been disrupted. The prolonged and ultimately unsuccessful attempts to revive him highlight the futility of conventional medicine and perhaps a deeper, systemic failure within the established institutions, foreshadowing a loss of control and the unsettling nature of the “trance” described in the chapter title.  Ultimately, the passage is significant as a stark introduction to the novel's exploration of altered states of being and the fragility of the human body and mind within a potentially hostile environment."
time_machine_008,time_machine,gemma,gemma3:4b,"CHAPTER XII



OSTROG





Graham could now take a clearer view of his position. For a long time yet

he wandered, but after the talk of the old man his discovery of this

Ostrog was clear in his mind as the final inevitable decision. One thing

was evident, those who were at the headquarters of the revolt had

succeeded very admirably in suppressing the fact of his disappearance. But every moment he expected to hear the report of his death or of his

recapture by the Council. Presently a man stopped before him. ""Near a dozand,"" said the man, ""a dozand men!"" and hurried on. A number of men and a girl passed in the darkness, gesticulating and

shouting: ""Capitulated! Given up!"" ""A dozand of men."" ""Two dozand of

men."" ""Ostrog, Hurrah! Ostrog, Hurrah!"" These cries receded, became

indistinct.","Here’s an interpretation of the passage, aiming for 3-5 sentences and addressing meaning, themes, and significance:

This passage depicts Graham’s chilling realization that his disappearance has been expertly concealed by the rebel movement, highlighting the brutal pragmatism of a dystopian regime. The repetition of “a dozand” – “a thousand” – emphasizes the systematic erasure of dissent and the Council’s cold, calculating control over information and population counts. The celebratory cries of “Ostrog, Hurrah!” juxtaposed with the desperate shouts of “Capitulated!” reveals the devastating impact of the rebellion's suppression and the horrifying surrender of individuals, illustrating a society utterly devoid of hope. Ultimately, the passage underscores themes of deception, loss of identity, and the chilling efficiency of a totalitarian state manipulating public perception. 


---

Would you like me to analyze another passage, or perhaps delve deeper into this one with a specific focus (e.g., character analysis, symbolic interpretation)?"
time_machine_009,time_machine,gemma,gemma3:4b,"Graham looked down, and there were spots of blood at his feet. He looked

up again in a strange excitement. He remained motionless--his every sense intent upon the flickering patch

of darkness. He became aware of some faint, remote, dark specks floating

lightly through the outer air. They came down towards him, fitfully,

eddyingly, and passed aside out of the uprush from the fan. A gleam of

light flickered, the specks flashed white, and then the darkness came

again. Warmed and lit as he was, he perceived that it was snowing within

a few feet of him. Graham walked across the room and came back to the ventilator again. He

saw the head of a man pass near. There was a sound of whispering. Then a

smart blow on some metallic substance, effort, voices, and the vanes

stopped.","Here's an interpretation of the passage, aiming for 3-5 sentences and addressing meaning, themes, and significance:

This unsettling passage depicts a horrifyingly sterile and controlled environment, revealing a brutal surveillance state. The appearance of “specks” that resemble falling bodies, coupled with the artificial snowfall and the sudden silencing of the ventilation system, symbolizes the dehumanization and potential violence inherent in this dystopian society.  The fleeting glimpses of humanity – the passing head and the whispered voices – underscore the loss of individual agency and the constant threat of observation and manipulation. Ultimately, the passage suggests a chilling sense of paranoia and the fragility of reality within a system designed to crush dissent and erase individuality. 


---

Would you like me to analyze another passage, or perhaps delve deeper into the interpretation of this one?"
time_machine_010,time_machine,gemma,gemma3:4b,"And you are not dead!""



Graham made a brief explanation. ""My brother is waiting,"" explained Lincoln. ""He is alone in the wind-vane

offices. We feared you had been killed in the theatre. He doubted--and

things are very urgent still in spite of what we are telling them

_there_--or he would have come to you.""



They ascended a lift, passed along a narrow passage, crossed a great

hall, empty save for two hurrying messengers, and entered a comparatively

little room, whose only furniture was a long settee and a large oval disc

of cloudy, shifting grey, hung by cables from the wall. There Lincoln

left Graham for a space, and he remained alone without understanding the

smoky shapes that drove slowly across this disc. His attention was arrested by a sound that began abruptly. It was

cheering, the frantic cheering of a vast but very remote crowd, a roaring

exultation.","Here’s an interpretation of the passage, aiming for 3-5 sentences and addressing meaning, themes, and significance:

This passage immediately establishes a desperate, almost surreal reunion, highlighting the fractured reality of the dystopian world. Lincoln's words, “And you are not dead!” underscore the lingering possibility of death and the profound uncertainty surrounding the protagonist’s fate. The setting – a bizarre room containing a shifting, grey disc projecting cheering crowds – suggests a disconnect from genuine human experience and a manufactured reality controlled by unseen forces.  Ultimately, the passage explores themes of isolation, manipulation, and the struggle to connect with a world stripped of authentic emotion and communication, hinting at a society where even joyous celebrations are imposed and distant. 


---

Would you like me to analyze a different passage, or perhaps delve deeper into this one with a specific question in mind (e.g., analyzing a particular symbol or character)?"
time_machine_011,time_machine,gemma,gemma3:4b,"They rule it in your name.""



The sounds from the hall had died into a silence threaded by one

monotonous voice. Now suddenly, trampling on these last words, came a

deafening tumult, a roaring and thundering, cheer crowded on cheer,

voices hoarse and shrill, beating, overlapping, and while it lasted the

people in the little room could not hear each other shout. Graham stood, his intelligence clinging helplessly to the thing he had

just heard. ""The Council,"" he repeated blankly, and then snatched at a

name that had struck him. ""But who is Ostrog?"" he said. ""He is the organiser--the organiser of the revolt. Our Leader--in

your name.""



""In my name?--And you? Why is he not here?""



""He--has deputed us. I am his brother--his half-brother, Lincoln. He

wants you to show yourself to these people and then come on to him. That

is why he has sent.","Here’s an interpretation of the passage, aiming for 3-5 sentences and addressing meaning, themes, and significance:

This passage immediately establishes a chilling power dynamic, revealing that a seemingly benevolent “Leader” is actually acting through a manipulative figure, Ostrog, to incite a revolt. The phrase ""The Council rules it in your name” highlights a profound loss of agency and control – the speaker’s authority has been hijacked and distorted.  The chaotic, overwhelming crowd and Graham’s disorientation symbolize the seductive and ultimately destructive nature of propaganda and the erosion of individual thought.  Ultimately, the passage underscores themes of deception, control, and the danger of blindly following authority, suggesting a society where genuine leadership has been replaced by a carefully constructed illusion."
time_machine_012,time_machine,gemma,gemma3:4b,"And the end had been a tragedy that

oppressed him. He sat staring at the blankness. He started and rubbed his eyes. He had been so absorbed in the latter-day

substitute for a novel, that he awoke to the little green and white room

with more than a touch of the surprise of his first awakening. He stood up, and abruptly he was back in his own wonderland. The

clearness of the kinetoscope drama passed, and the struggle in the vast

place of streets, the ambiguous Council, the swift phases of his waking

hour, came back. These people had spoken of the Council with suggestions

of a vague universality of power. And they had spoken of the Sleeper; it

had not really struck him vividly at the time that he was the Sleeper. He

had to recall precisely what they had said....","Here’s an interpretation of the passage, aiming for 3-5 sentences and addressing meaning, themes, and significance:

This passage depicts a profound disorientation and unsettling realization for the protagonist, highlighting the suffocating nature of the dystopian society. The “blankness” and return to the sterile kinetoscope room symbolize the manufactured reality and enforced passivity imposed by the Council, mirroring the experience of his initial awakening within the system.  The regaining of memory regarding the “Sleeper” reveals a chilling awareness of his own controlled existence and the insidious manipulation at play, emphasizing themes of identity loss and the suppression of critical thought. Ultimately, the passage suggests a desperate attempt to regain agency and truth within a world deliberately designed to obscure them."
time_machine_013,time_machine,gemma,gemma3:4b,"This White Council, the

Council of Trustees as it is called--""



""I have heard the vague outline of these things.""



""I wondered.""



""I came upon a garrulous old man.""



""I see.... Our masses--the word comes from your days--you know, of

course, that we still have masses--regard you as our actual ruler. Just

as a great number of people in your days regarded the Crown as the

ruler. They are discontented--the masses all over the earth--with the

rule of your Trustees. For the most part it is the old discontent, the

old quarrel of the common man with his commonness--the misery of work and

discipline and unfitness. But your Trustees have ruled ill. In certain

matters, in the administration of the Labour Companies, for example, they

have been unwise. Already we of

the popular party were agitating for reforms--when your waking came.","Here’s an interpretation of the passage, aiming for 3-5 sentences and addressing meaning, themes, and significance:

This passage from *The Left Hand of Darkness* meticulously establishes the detached, almost clinical power of the White Council, highlighting their manipulative control through the deliberate use of language and the exploitation of historical parallels. The Council’s patronizing phrasing – “I have heard the vague outline,” “I wondered” – reveals a profound lack of genuine engagement with the Gilean people and their grievances, mirroring the historical abuse of authority. The inclusion of the “garrulous old man” underscores the Council’s reliance on manufactured discontent and the manipulation of familiar societal tensions (the “old quarrel of the common man”) to maintain control.  Ultimately, the passage signifies a key dystopian theme: the danger of detached, rationalized power structures that prioritize control over understanding and empathy, fostering a perpetual state of unrest and oppression. 


---

Would you like me to analyze another passage, or perhaps delve deeper into this one with a specific question (e.g., analyzing the symbolism of the ""White Council"")?"
time_machine_014,time_machine,gemma,gemma3:4b,"The engine was humming loudly, the propeller spinning, and for a second

the stage and the buildings beyond were gliding swiftly and horizontally

past Graham's eye; then these things seemed to tilt up abruptly. He

gripped the little rods on either side of him instinctively. He felt

himself moving upward, heard the air whistle over the top of the wind

screen. The propeller screw moved round with powerful rhythmic

impulses--one, two, three, pause; one, two, three--which the engineer

controlled very delicately. The machine began a quivering vibration that

continued throughout the flight, and the roof areas seemed running away

to starboard very quickly and growing rapidly smaller. He looked from

the face of the engineer through the ribs of the machine. Looking

sideways, there was nothing very startling in what he saw--a rapid

funicular railway might have given the same sensations. He recognised

the Council House and the Highgate Ridge.","Here's an interpretation of the passage, aiming for 3-5 sentences and addressing meaning, themes, and significance:

This passage depicts a jarring, unsettling experience of controlled, yet terrifying, movement, likely within a technologically advanced but oppressive environment. The “flying machine” represents a loss of agency and control for Graham, reflecting the broader theme of surveillance and manipulation prevalent in dystopian societies. The meticulously controlled movements – the rhythmic propeller and the engineer’s delicate adjustments – symbolize the rigid, calculated nature of the Council’s power and the citizen’s diminished freedom. Ultimately, the passage evokes a sense of disorientation and vulnerability, highlighting the dehumanizing potential of technological advancement within a totalitarian regime. 


---

Would you like me to analyze another passage, or perhaps delve deeper into this one and discuss specific literary devices used?"
time_machine_015,time_machine,gemma,gemma3:4b,"In a little while his multitudinous impressions began to organise

themselves into a general effect. At first the glitter of the gathering

had raised all the democrat in Graham; he had felt hostile and satirical. But it is not in human nature to resist an atmosphere of courteous

regard. Soon the music, the light, the play of colours, the shining arms

and shoulders about him, the touch of hands, the transient interest of

smiling faces, the frothing sound of skilfully modulated voices, the

atmosphere of compliment, interest and respect, had woven together into a

fabric of indisputable pleasure. Graham for a time forgot his spacious

resolutions. He gave way insensibly to the intoxication of the position

that was conceded him, his manner became more convincingly regal, his

feet walked assuredly, the black robe fell with a bolder fold and pride

ennobled his voice.","Here’s an interpretation of the passage, aiming for 3-5 sentences and addressing meaning, themes, and significance:

This passage depicts a masterful manipulation of Graham’s psyche through sensory overload and carefully constructed social stimuli. The “fabric of indisputable pleasure” represents a dystopian control, systematically dismantling his independent thought and rebellious intentions – symbolized by his “spacious resolutions.”  The shift in his demeanor – the “convincingly regal” posture and “pride” in his voice – demonstrates the insidious power of conformity achieved not through force, but through seductive, overwhelming positive experiences. Ultimately, the passage highlights the novel’s central theme of how easily individuals can be subdued by a carefully crafted environment designed to erase dissent and enforce obedience. 


---

Would you like me to analyze a different passage, or perhaps delve deeper into specific aspects of this one?"
time_machine_016,time_machine,gemma,gemma3:4b,"It sounded like ""Ostrog."" The slower platforms were soon thick

with active people, running against the movement so as to keep themselves

opposite to him. Agile figures ran up from the centre to the

swift road nearest to him, were borne rapidly past him, shouting strange,

unintelligible things, and ran back obliquely to the central way. One

thing he distinguished: ""It is indeed the Sleeper. It is indeed the

Sleeper,"" they testified. For a space Graham stood motionless. Then he became vividly aware that

all this concerned him. He was pleased at his wonderful popularity, he

bowed, and, seeking a gesture of longer range, waved his arm. He was

astonished at the violence of uproar that this provoked. The tumult about

the descending stairway rose to furious violence. He became aware of

crowded balconies, of men sliding along ropes, of men in trapeze-like

seats hurling athwart the space.","Here's an interpretation of the passage, aiming for 3-5 sentences and addressing meaning, themes, and significance:

This passage vividly depicts a chaotic, almost ritualistic display of fervent devotion, orchestrated around a central figure known only as “The Sleeper.” The frenzied activity – running, shouting, acrobatic maneuvers – suggests a cult-like atmosphere, where individuals are compelled to perform extreme acts of worship to maintain a perceived opposition to an unseen threat.  The theme of blind obedience and the manipulation of public opinion are powerfully illustrated, highlighting the dystopian society’s capacity for manufactured enthusiasm and the unsettling power dynamics at play. Ultimately, the passage underscores the dangers of unquestioning faith and the potential for mass hysteria to consume an individual within a controlling system. 


---

Would you like me to analyze another passage, or perhaps explore specific aspects of this one in more detail (like the symbolism of ""The Sleeper"" or the techniques used to create the chaotic scene)?"
time_machine_017,time_machine,gemma,gemma3:4b,"Lincoln had gripped Graham by the arm, was lugging him along the gallery. ""Before the next light!"" he cried. Graham's

instinct of self-preservation overcame the paralysis of his incredulous

astonishment. He became for a time the blind creature of the fear of

death. He ran, stumbling because of the uncertainty of the darkness,

blundered into his guards as they turned to run with him. Haste was his

one desire, to escape this perilous gallery upon which he was exposed. A

third glare came close on its predecessors. With it came a great shouting

across the ways, an answering tumult from the ways. The red-coats below,

he saw, had now almost gained the central passage. Their countless faces

turned towards him, and they shouted. The white façade opposite was

densely stippled with red. All these wonderful things concerned him,

turned upon him as a pivot.","Here’s an interpretation of the passage, aiming for 3-5 sentences and addressing meaning, themes, and significance:

This passage depicts a desperate, almost primal, reaction to imminent danger within a rigidly controlled environment – likely a dystopian setting. Graham’s frantic flight, driven by the overwhelming fear of death, reveals the chilling effectiveness of the regime’s surveillance and the suppression of independent thought. The escalating chaos – the approaching red-coats, the surrounding shouts, and the visually arresting “stippling” of the white façade – symbolizes the oppressive force closing in on him and the loss of any sense of personal agency. Ultimately, the passage highlights themes of control, paranoia, and the brutal consequences of defying an authoritarian system, emphasizing the fragility of individual freedom. 


---

Would you like me to analyze another passage, or perhaps explore specific aspects of this one in more detail (e.g., discuss the significance of the “red-coats” or the “white façade”)?"
time_machine_018,time_machine,gemma,gemma3:4b,"For a moment Graham stood with the deferential attendant listening to

Ostrog's retreating steps. There was a sound of quick question and answer

and of men running. The curtain was snatched back and Ostrog reappeared,

his massive face glowing with excitement. He crossed the room in a

stride, clicked the room into darkness, gripped Graham's arm and pointed

to the mirror. ""Even as we turned away,"" he said. Graham saw his index finger, black and colossal, above the mirrored

Council House. For a moment he did not understand. And then he perceived

that the flagstaff that had carried the white banner was bare. Its rule is at an end for evermore.""



""Look!"" and Ostrog pointed to a coil of black that crept in little jerks

up the vacant flagstaff, unfolding as it rose. The oval picture paled as Lincoln pulled the curtain aside and entered.","Here's an interpretation of the passage, aiming for 3-5 sentences, addressing meaning, themes, and significance:

This passage powerfully depicts the abrupt and unsettling collapse of established authority. Ostrog's triumphant return, marked by the darkness he brings and his forceful gesture towards the mirror, symbolizes the shattering of the Council House – a representation of rigid, controlling power. The black flag rising on the flagstaff signifies the complete and irreversible end of the old regime, a stark visual metaphor for rebellion and the dismantling of a previously unassailable system.  The inclusion of Lincoln entering the oval picture reinforces the idea of a historical shift, suggesting the past is being irrevocably replaced by a new, unknown future, adding a layer of unsettling consequence to the scene. 


---

Would you like me to analyze another passage, or perhaps explore a specific aspect of this one in more detail (e.g., the symbolism of the colors, or the function of the attendant)?"
time_machine_019,time_machine,gemma,gemma3:4b,"""Everything you say,

everything you do, convinces me--of some great issue in which I am

concerned. I do not want to pass the time, as you call it. Desire and indulgence are life in a sense--and Death! In my

life before I slept I had worked out that pitiful question. There is a city, a multitude--. And meanwhile I am here like

a rabbit in a bag.""



His rage surged high. He choked for a moment and began to wave his

clenched fists. He gave way to an anger fit, he swore archaic curses. His

gestures had the quality of physical threats. ""I do not know who your party may be. I am in the dark, and you keep me

in the dark. But I know this, that I am secluded here for no good

purpose. I warn you, I warn you of the consequences.","Here's an interpretation of the passage, aiming for 3-5 sentences and addressing meaning, themes, and significance:

This passage depicts a chilling scene of control and isolation within a rigidly structured, dystopian society. The speaker’s insistent declaration – “Everything you say, everything you do, convinces me” – reveals a suffocating surveillance and manipulation, suggesting a loss of agency and genuine connection. The speaker’s frantic outburst, fueled by rage and archaic curses, embodies the simmering resentment of someone trapped and stripped of their identity, symbolized by being “a rabbit in a bag.”  Ultimately, the passage highlights the core themes of powerlessness, deception, and the dangers of oppressive control, suggesting a desperate struggle for freedom within a system designed to deny it. 


---

Would you like me to analyze a different passage, or perhaps delve deeper into specific aspects of this one?"
time_machine_020,time_machine,gemma,gemma3:4b,"The song of the social revolt came to him no more; he never learned that

it had been forbidden in the municipal limits; and all the great emotions

of the crow's nest slumbered in his mind. But on the second and third of the three days he found himself, in spite

of his interest in the daughter of the Pig Manager, or it may be by

reason of the thoughts her conversation suggested, remembering the girl

Helen Wotton, who had spoken to him so oddly at the Wind-Vane Keeper's

gathering. The impression, she had made was a deep one, albeit the

incessant surprise of novel circumstances had kept him from brooding upon

it for a space. But now her memory was coming to its own.","Here’s an interpretation of the passage, aiming for 3-5 sentences and addressing meaning, themes, and significance:

This passage depicts a man slowly awakening to forbidden knowledge and dissent within a rigidly controlled society. The “song of the social revolt” lost to him symbolizes the suppression of independent thought and rebellion, highlighting the regime’s deliberate erasure of subversive ideas. His burgeoning memory of Helen Wotton, a figure associated with unusual conversation, suggests a nascent curiosity and potential for critical engagement – a dangerous spark in a system designed to stifle emotion and memory. Ultimately, the passage underscores themes of memory, control, and the struggle for individual consciousness against a totalitarian state, implying a fragile but potentially powerful resistance."
time_machine_021,time_machine,gemma,gemma3:4b,"His knees came into view over the edge of the funnel. ""Stand

away from me,"" he said, and he dropped rather heavily on his hands and

one shoulder at Graham's feet. The stranger rolled over, sprang up nimbly and stood panting, hand to a

bruised shoulder, and with his bright eyes on Graham. ""You are indeed the Sleeper,"" he said. When it was the

law that anyone might see you.""



""I am the man who was in the trance,"" said Graham. I have been here since I awoke--at least three days.""



The intruder seemed about to speak, heard something, glanced swiftly at

the door, and suddenly left Graham and ran towards it, shouting quick

incoherent words. A bright wedge of steel flashed in his hand, and he

began tap, tap, a quick succession of blows upon the hinges. ""Oh!"" The voice came from above.","Here’s an interpretation of the passage, aiming for 3-5 sentences and focusing on meaning, themes, and significance:

This passage immediately establishes a sense of danger and clandestine secrecy surrounding Graham, identifying him as “the Sleeper,” a figure of immense importance and likely peril. The stranger’s sudden, panicked departure and violent intrusion – utilizing a weapon and threatening the door – reveals the immense pressure and potential consequences associated with Graham’s state of unconsciousness and the secrets he holds.  The themes of surveillance, hidden power, and the disruption of order are powerfully conveyed, suggesting a society acutely aware of and fearful of those in a trance-like state. Finally, the abruptness of the intruder's actions underscores the fragility of Graham’s carefully guarded position and foreshadows a desperate struggle for control. 


---

Would you like me to analyze another passage, or perhaps delve deeper into this one's elements?"
time_machine_022,time_machine,gemma,gemma3:4b,"He looked again at the

Council House, and it was already half hidden, and on the right a

hillside with a cluster of domes and pinnacles, hazy, dim and distant,

was gliding into view. ""And the Council is really overthrown?"" he said. Is it indeed true that I--?""



""You are Master of the World.""



""But that white flag--""



""That is the flag of the Council--the flag of the Rule of the World. Their attack on the theatre was their last

frantic struggle. They have only a thousand men or so, and some of these

men will be disloyal. And we are reviving

the ancient arts. Is this city the world?""



""Practically this is all they have left to them of their empire. Abroad

the cities have either revolted with us or wait the issue. Your awakening

has perplexed them, paralysed them.""



""But haven't the Council flying machines?","Here’s an interpretation of the passage, aiming for 3-5 sentences and addressing meaning, themes, and significance:

This passage depicts a pivotal moment of triumph and unsettling revelation following a violent overthrow. The obscured Council House and the burgeoning, almost dreamlike vision of a domed city represent the crumbling remnants of a once-dominant, rigidly controlled world order. The chilling declaration, “You are Master of the World,” immediately subverts expectations, suggesting a terrifying new power dynamic rather than genuine liberation.  Ultimately, the passage highlights themes of power, control, and the unsettling nature of achieving a desired outcome – suggesting that victory often brings with it a disturbing and potentially even more oppressive reality. 


---

Would you like me to analyze another passage, or perhaps delve deeper into the interpretation of this one?"
time_machine_023,time_machine,gemma,gemma3:4b,"What if

it does not die out? Even if it does not die, it can still be tamed and

driven. I have no sympathy with servile men. You heard those people

shouting and singing two nights ago. If

you had taken any man there in cold blood and asked why he shouted, he

could not have told you. They think they are shouting for you, that

they are loyal and devoted to you. Just then they were ready to

slaughter the Council. To-day--they are already murmuring against those

who have overthrown the Council.""



""No, no,"" said Graham. ""They shouted because their lives were dreary,

without joy or pride, and because in me--in me--they hoped.""



""And what was their hope? What right have they to

hope? They work ill and they want the reward of those who work well. The

hope of mankind--what is it?","Here’s an interpretation of the passage, aiming for 3-5 sentences and addressing meaning, themes, and significance:

This passage reveals a chillingly pragmatic assessment of a rebellious populace – the “shouting” individuals are not driven by genuine loyalty, but by a desperate, almost pathetic yearning for purpose and escape from their bleak existence. The narrative highlights the dangers of offering a simplistic solution to societal discontent, showcasing how even the promise of connection with a charismatic figure like Graham can be manipulated into a volatile form of support.  The underlying theme is the critique of utopian ideals, suggesting that imposing order, even with benevolent leadership, cannot fundamentally alter the inherent human need for meaning and self-determination, which can quickly devolve into resentment. Ultimately, the passage underscores the fragility of control and the potential for rebellion when basic human needs are ignored. 


---

Would you like me to analyze another passage, or perhaps delve deeper into this one’s specific elements?"
time_machine_024,time_machine,gemma,gemma3:4b,"""And as for affairs,"" he asked abruptly. ""How are things

going on?""



Lincoln waved affairs aside. ""Ostrog will tell you that to-morrow,""

he said. The Revolution accomplishes

itself all over the world. Friction is inevitable here and there, of

course; but your rule is assured. You may rest secure with things in

Ostrog's hands.""



""Would it be possible for me to be made a sworn aeronaut, as you call it,

forthwith--before I sleep?"" said Graham, pacing. ""Then I could be at it

the very first thing to-morrow again....""



""It would be possible,"" said Lincoln thoughtfully. Indeed, it shall be done."" He laughed. ""I came prepared to suggest

amusements, but you have found one for yourself. I will telephone to the

aeronautical offices from here and we will return to your apartments in

the Wind-Vane Control. By the time you have dined the aeronauts will be

able to come.","Here’s an interpretation of the passage, aiming for 3-5 sentences and addressing meaning, themes, and significance:

This brief exchange reveals a chillingly detached and controlling authority, represented by Lincoln, who manipulates Graham’s desires for distraction – the “aeronaut” role – to maintain order and quell any potential unrest. The dismissive handling of “affairs” and reliance on Ostrog’s control highlight a system built on secrecy and the suppression of individual concerns.  The passage underscores the novel's central theme of manufactured contentment, where citizens are offered superficial amusements to prevent critical thought and maintain obedience, while the true nature of power and the looming ""Revolution"" remains obscured.  Ultimately, Lincoln's actions demonstrate a deliberate strategy of control, using personal gratification as a tool to solidify his dominion."
time_machine_025,time_machine,gemma,gemma3:4b,"For a time his attention was absorbed in the

fragments of speech he heard. He had a doubt whether all were speaking

English. Scraps floated to him, scraps like Pigeon English, like ""nigger""

dialect, blurred and mangled distortions. He dared accost no one with

questions. The impression the people gave him jarred altogether with his

preconceptions of the struggle and confirmed the old man's faith in

Ostrog. It was only slowly he could bring himself to believe that all

these people were rejoicing at the defeat of the Council, that the

Council which had pursued him with such power and vigour was after all

the weaker of the two sides in conflict. And if that was so, how did it

affect him? Several times he hesitated on the verge of fundamental

questions.","Here’s an interpretation of the passage, aiming for 3-5 sentences and addressing meaning, themes, and significance:

This passage reveals a profound disorientation in the protagonist’s experience of the dystopian society, highlighting the deliberate fracturing of language and identity. The “Pigeon English” and distorted dialects represent a systematic suppression of coherent communication and a deliberate dehumanization of the populace, reflecting a theme of control through linguistic manipulation.  The protagonist’s hesitant questioning and ultimate acceptance of the Council’s weakness underscores a disturbing shift in his own preconceptions – challenging his initial beliefs about the conflict and suggesting a chilling acceptance of a morally compromised victory.  Ultimately, the passage emphasizes the dangers of propaganda and the unsettling possibility that even seemingly righteous struggles can be built upon a foundation of deceit and the silencing of dissenting voices. 


---

Would you like me to analyze another passage, or perhaps explore a specific element of this one in more detail (e.g., the significance of “Pigeon English”)?"
time_machine_026,time_machine,gemma,gemma3:4b,"You're not so--""



""And now this Ostrog--has suddenly revolutionised the world by waking the

Sleeper--whom no one but the superstitious, common people had ever dreamt

would wake again--raising the Sleeper to claim his property from the

Council, after all these years.""



The old man endorsed this statement with a cough. ""It's strange,"" he

said, ""to meet a man who learns these things for the first time

to-night.""



""Aye,"" said Graham, ""it's strange.""



""Have you been in a Pleasure City?"" said the old man. ""All my life I've

longed--"" He laughed. ""Even now,"" he said, ""I could enjoy a little fun. Enjoy seeing things, anyhow."" He mumbled a sentence Graham did not

understand. ""The Sleeper--when did he awake?"" said Graham suddenly. ""Three days ago.""



""Where is he?""



""Ostrog has him. He escaped from the Council not four hours ago. My

dear sir, where were you at the time?","Here’s an interpretation of the passage, aiming for 3-5 sentences and addressing meaning, themes, and significance:

This passage establishes a chillingly bureaucratic dystopia centered around the re-emergence of a forgotten, powerful entity – “The Sleeper.” The Council’s panicked reaction to Ostrog’s actions highlights a control maintained through suppression of knowledge and a deliberate manipulation of fear, relying on the superstitious beliefs of the populace.  The old man's yearning for “fun” and the unsettling question of “when did he awake?” suggests a repressed history and a fundamental instability within the Council’s fabricated reality. Ultimately, the passage underscores themes of control, denial, and the dangerous consequences of attempting to erase the past, setting the stage for a confrontation with a force beyond the Council’s comprehension. 


---

Would you like me to analyze another passage, or perhaps delve deeper into this one by focusing on specific elements like characterization or symbolism?"
time_machine_027,time_machine,gemma,gemma3:4b,"Grip

tightly, grip!""



Graham did as he was told. ""In heaven's name, jump!""



For one momentous second Graham could not speak. He was glad afterwards

that darkness hid his face. He looked sideways at the swift shadow that swallowed up the

sky as it rushed upon him. Or they will have us,"" cried Graham's guide,

and in the violence of his passion thrust him forward. Graham tottered convulsively, gave a sobbing cry, a cry in spite of

himself, and then, as the flying machine swept over them, fell forward

into the pit of that darkness, seated on the cross wood and holding the

ropes with the clutch of death. Something cracked, something rapped

smartly against a wall. He heard the pulley of the cradle hum on its

rope. He felt a pair of knees digging into

his back.... He was sweeping headlong through the air, falling through

the air.","Here’s an interpretation of the passage, aiming for 3-5 sentences and addressing meaning, themes, and significance:

This passage powerfully depicts a scene of forced submission and terrifying loss of control, suggesting a totalitarian regime’s brutal methods of indoctrination. Graham’s desperate obedience to the command “jump!” and the violent push forward illustrate the chilling manipulation and dehumanization inherent in this dystopian world. The overwhelming sensation of falling, coupled with the unsettling sounds and physical intrusion – the “knees digging into his back” – evokes a primal fear of helplessness and the complete eradication of individual agency. Ultimately, the passage highlights themes of loss of identity, the dangers of unquestioning obedience, and the terrifying potential for state violence to strip away a person’s sense of self."
time_machine_028,time_machine,gemma,gemma3:4b,"The

guards before him marched on; those about him stopped as he did. He saw

anxiety and fear in their faces. The throbbing had something to do with

the lights. At first it seemed to him a thing that affected the lights simply, an

isolated phenomenon, having no bearing on the things below. Each huge

globe of blinding whiteness was as it were clutched, compressed in a

systole that was followed by a transitory diastole, and again a systole

like a tightening grip, darkness, light, darkness, in rapid alternation. Graham became aware that this strange behaviour of the lights had to do

with the people below. The appearance of the houses and ways, the

appearance of the packed masses changed, became a confusion of vivid

lights and leaping shadows.","Here’s an interpretation of the passage, aiming for 3-5 sentences and addressing meaning, themes, and significance:

This passage powerfully depicts a state of escalating psychological distress within a controlled environment, likely a dystopian society. The erratic pulsing of the “blinding whiteness” of the lights mirrors the growing anxiety and fear in the guards’ faces, suggesting a direct link between the populace’s emotional state and the manufactured reality surrounding them. The shifting appearance of the cityscape – becoming a “confusion of vivid lights and leaping shadows” – symbolizes the manipulation and distortion of truth, highlighting a theme of surveillance and the erosion of genuine perception. Ultimately, the passage suggests that the guards’ reaction isn't merely observation, but a desperate attempt to understand and control the very emotions that threaten the established order. 


---

Would you like me to analyze another passage, or perhaps explore specific aspects of this interpretation in more detail (like the symbolism of light and darkness)?"
time_machine_029,time_machine,gemma,gemma3:4b,"You don't think that after you have dined you might

prefer--?"" He paused. ""We had prepared a show of dancers--they have been brought from the

Capri theatre.""



""I hate ballets,"" said Graham, shortly. That's

not what I want to see. We had dancers in the old days. For the matter of

that, they had them in ancient Egypt. ""Though our dancers--""



""They can afford to wait,"" said Graham; ""they can afford to wait. There's questions I want to ask some expert--about your

machinery. I want no distractions.""



""You have the world to choose from,"" said Lincoln; ""whatever you want

is yours.""



Asano appeared, and under the escort of a strong guard they returned

through the city streets to Graham's apartments.","Here’s an interpretation of the passage, aiming for 3-5 sentences and addressing meaning, themes, and significance:

This passage sharply illustrates the sterile and controlling nature of the dystopian society. Graham’s insistence on a lavish, utterly irrelevant “show of dancers” – imported from a bygone era – represents a superficial attempt to distract and pacify him, highlighting the regime’s focus on manufactured pleasures rather than genuine human needs. The repeated dismissals of Lincoln’s offer of “the world to choose from” underscore the illusion of freedom while emphasizing Graham’s captivity within the elite’s carefully curated experiences.  Ultimately, the scene underscores themes of manipulation, the suppression of authentic desires, and the chilling detachment of power from human connection. 


---

Would you like me to analyze another passage, or perhaps delve deeper into this one and discuss specific literary devices used?"
time_machine_030,time_machine,gemma,gemma3:4b,"The people will

not go back to their drudgery--they refuse to be disarmed. Ostrog has

awakened something greater than he dreamt of--he has awakened hopes.""



His heart was beating fast. He tried to seem judicial, to weigh

considerations. ""They only want their leader,"" she said. ""And then?""



""You could do what you would;--the world is yours.""



He sat, no longer regarding her. ""The old dreams, and

the thing I have dreamt, liberty, happiness. Could one

man--_one man_--?"" His voice sank and ceased. ""Not one man, but all men--give them only a leader to speak the desire of

their hearts.""



He shook his head, and for a time there was silence. He looked up suddenly, and their eyes met. ""I have not your faith,"" he

said, ""I have not your youth. I am here with power that mocks me.","Here’s an interpretation of the passage, aiming for 3-5 sentences and addressing meaning, themes, and significance:

This passage reveals a pivotal moment of rebellion and nascent hope within a dystopian setting. Ostrog’s actions, sparking a refusal to return to oppressive labor and a desire for “liberty, happiness,” represent a profound shift in the populace's mindset, suggesting a yearning for autonomy. The dialogue underscores the critical role of a leader – not as a dictator, but as a conduit for collective desire – in unlocking this potential. Ultimately, the passage highlights the theme of the power of shared aspiration and the challenging realization for Ostrog, burdened by his own power, that genuine change requires the participation of “all men.” 


---

Would you like me to analyze another passage, or perhaps delve deeper into this one with a specific question about its elements?"
time_machine_031,time_machine,gemma,gemma3:4b,"In the Council House they had been in darkness. He

watched them approaching, drawing nearer past first this blazing

electric star and then that; the minatory roar of the crowd over whom

their power had lasted for a hundred and fifty years marched along beside

them. As they drew still nearer their faces came out weary, white, and

anxious. He saw them blinking up through the glare about him and Ostrog. He contrasted their strange cold looks in the Hall of Atlas.... Presently

he could recognise several of them; the man who had rapped the table at

Howard, a burly man with a red beard, and one delicate-featured, short,

dark man with a peculiarly long skull. He noted that two were whispering

together and looking behind him at Ostrog. Next there came a tall, dark

and handsome man, walking downcast.","Here’s an interpretation of the passage, aiming for 3-5 sentences and focusing on meaning, themes, and significance:

This passage depicts a chilling scene of power and oppression within a rigidly controlled society, suggesting a deeply entrenched and unsettling status quo. The “darkness” of the Council House coupled with the “weary, white, and anxious” faces of the approaching figures evokes a sense of dread and the psychological toll of enduring absolute authority.  The deliberate focus on specific, recognizable individuals – particularly those who have previously challenged the ruling power – highlights the Council’s surveillance and the stifling of dissent. Ultimately, the passage establishes a tone of unease and foreshadows potential rebellion or resistance, suggesting the fragility of the Council’s control and the simmering discontent beneath its surface. 

---

Would you like me to analyze another passage, or perhaps explore a specific aspect of this one in more detail (e.g., the symbolism of the “blazing electric star,” or the significance of the Hall of Atlas)?"
time_machine_032,time_machine,gemma,gemma3:4b,"Black gaps marked the passages the disaster had torn apart;

big halls had been slashed open and the decoration of their interiors

showed dismally in the wintry dawn, and down the jagged walls hung

festoons of divided cables and twisted ends of lines and metallic rods. And amidst all the vast details moved little red specks, the red-clothed

defenders of the Council. Every now and then faint flashes illuminated

the bleak shadows. At the first sight it seemed to Graham that an attack

upon this isolated white building was in progress, but then he perceived

that the party of the revolt was not advancing, but sheltered amidst the

colossal wreckage that encircled this last ragged stronghold of the

red-garbed men, was keeping up a fitful firing.","Here’s an interpretation of the passage, aiming for 3-5 sentences and addressing meaning, themes, and significance:

This passage paints a chilling picture of devastation and a desperate, contained conflict within a ruined, post-disaster landscape. The ""black gaps"" and ""jagged walls"" immediately establish a sense of trauma and loss, while the ""red-clothed defenders"" represent a dwindling, almost futile resistance.  The scene highlights themes of decay, survival, and the brutal consequences of conflict – the “fitful firing” suggests a situation spiraling out of control.  Ultimately, the passage underscores the isolation and precariousness of the remaining defenders, trapped within the remnants of a shattered world, suggesting a bleak and uncertain future. 


---

Would you like me to analyze another passage or perhaps explore a specific aspect of its interpretation in more detail (e.g., symbolism, characterization)?"
time_machine_033,time_machine,gemma,gemma3:4b,"""What?""



""The people--""



""Do you mean--?""



""You forget the people.""



He looked interrogative. For you do not understand what you are. You do not know the things that are happening.""



""Well?""



""You do not understand.""



""Not clearly, perhaps. But--tell me.""



She turned to him with sudden resolution. ""It is so hard to explain. I

have meant to, I have wanted to. I am not ready with

words. To me at least--and to all the

common people. You who lived and suffered and died, you who were a

common citizen, wake again, live again, to find yourself Master almost

of the earth.""



""Master of the earth,"" he said. But try and imagine how

little I know of it.""



""Cities--Trusts--the Labour Department--""



""Principalities, powers, dominions--the power and the glory. Yes, I have

heard them shout. With Ostrog,

the Boss--""



He paused.","Here’s an interpretation of the passage, aiming for 3-5 sentences and addressing meaning, themes, and significance:

This brief exchange reveals a profound disconnect between the narrator (“He”) and a woman who remembers a lost humanity. The core theme is the insidious nature of power, symbolized by the “Masters” who have seized control and erased the experiences of ordinary citizens – those “who were a common citizen.” Her desperate attempts to explain their situation – referencing concepts like “Cities” and “Trusts” – highlight the systemic suppression of knowledge and the devastating consequences of a society dominated by abstract, imperialistic ideals. Ultimately, the passage suggests a chilling commentary on how forgetting the past, specifically the suffering of the populace, allows for the perpetuation of oppressive regimes and a willful blindness to the true cost of dominance. 


---

Would you like me to analyze another passage or perhaps delve deeper into specific aspects of this one?"
time_machine_034,time_machine,gemma,gemma3:4b,"He had a revulsion of feeling. These were no pictures, no idealisations,

but photographed realities. He wanted no more of the twenty-second

century Venusberg. He forgot the part played by the model in nineteenth

century art, and gave way to an archaic indignation. He rose, angry and

half ashamed at himself for witnessing this thing even in solitude. He

pulled forward the apparatus, and with some violence sought for a means

of stopping its action. A violet spark stung and

convulsed his arm and the thing was still. When he attempted next day to

replace these Tannhauser cylinders by another pair, he found the

apparatus broken.... He struck out a path oblique to the room and paced to and fro, struggling

with intolerable vast impressions. The things he had derived from the

cylinders and the things he had seen, conflicted, confused him.","Here’s an interpretation of the passage, aiming for 3-5 sentences and addressing meaning, themes, and significance:

This passage depicts a profound and unsettling psychological breakdown triggered by confronting a brutally realistic, photographic representation of the past – specifically, a nineteenth-century Venusberg model. The “revulsion of feeling” and subsequent anger suggest a fundamental rejection of romanticized or idealized depictions of beauty and history, representing a struggle against a sterile, technologically-driven present.  The broken apparatus symbolizes a fracturing of the protagonist's mind, overwhelmed by the jarring confrontation between the fabricated past and the stark reality of the twenty-second century. Ultimately, the passage explores themes of authenticity, the dangers of detached observation, and the destabilizing effect of confronting a lost, potentially flawed, past. 


---

Would you like me to analyze another passage, or perhaps delve deeper into this one with a different focus (e.g., discussing specific literary devices)?"
time_machine_035,time_machine,gemma,gemma3:4b,"Even in the streets now, they clamour to destroy the Pleasure

Cities. But the Pleasure Cities are the excretory organs of the State,

attractive places that year after year draw together all that is weak and

vicious, all that is lascivious and lazy, all the easy roguery of the

world, to a graceful destruction. They go there, they have their time,

they die childless, all the pretty silly lascivious women die childless,

and mankind is the better. If the people were sane they would not envy

the rich their way of death. And you would emancipate the silly brainless

workers that we have enslaved, and try to make their lives easy and

pleasant again. Just as they have sunk to what they are fit for."" He

smiled a smile that irritated Graham oddly. I

know those ideas; in my boyhood I read your Shelley and dreamt of

Liberty.","Here’s an interpretation of the passage, aiming for 3-5 sentences and addressing meaning, themes, and significance:

This passage reveals a chillingly pragmatic justification for the destruction of ""Pleasure Cities,"" portraying them as the deliberate breeding ground for vice and weakness cultivated by the State. The author presents a horrifying logic: these cities attract the morally lax and ultimately lead to a “graceful destruction,” subtly suggesting a eugenic agenda aimed at reducing humanity’s capacity for joy and rebellion.  The speaker’s dismissive tone—coupled with the reference to Shelley and a yearning for “Liberty”—highlights the loss of idealism and the acceptance of a bleak, engineered future, while also exposing a deep-seated contempt for the populace.  Graham’s reaction – recognizing the ideas of Shelley – underscores the suppression of genuine hope and the dangers of a system prioritizing control over human flourishing. 

---

Would you like me to analyze another passage, or perhaps delve deeper into this one’s specific elements?"
time_machine_036,time_machine,gemma,gemma3:4b,"""I suppose they are."" He mused. ""This

world of yours has been full of surprises to me. In the old days we

dreamt of a wonderful democratic life, of a time when all men would be

equal and happy.""



Ostrog looked at him steadfastly. ""The day of democracy is past,"" he

said. That day began with the bowmen of Crécy, it ended

when marching infantry, when common men in masses ceased to win the

battles of the world, when costly cannon, great ironclads, and strategic

railways became the means of power. To-day is the day of wealth. Wealth

now is power as it never was power before--it commands earth and sea and

sky. All power is for those who can handle wealth. You

must accept facts, and these are facts. Even in your days that creed had been tried and

condemned.","Here’s an interpretation of the passage, aiming for 3-5 sentences and addressing meaning, themes, and significance:

This passage depicts a stark contrast between a nostalgic, idealized vision of democracy and the brutal reality of a technologically and economically stratified society. Ostrog’s lament reveals a world where the triumph of the common man in battle – the foundational element of past democratic ideals – has been superseded by the dominance of wealth and industrial power. The shift from human agency to technological and economic control represents a profound loss of freedom and equality, suggesting a critical theme of disillusionment with revolutionary change. Ultimately, the passage highlights the cyclical nature of power and the danger of assuming that any system, even one initially conceived with noble intentions, can guarantee lasting liberation. 


---

Would you like me to analyze another passage, or perhaps explore a specific aspect of this one in more detail (e.g., the reference to Crécy)?"
time_machine_037,time_machine,gemma,gemma3:4b,"I

fell over a dead man.""



""You're safer with company,"" said the old man, ""if it's company of

the right sort,"" and peered frankly. He rose suddenly and came

towards Graham. The old man sat down as if

relieved to be no longer alone. ""Eh!"" he said, ""but this is a terrible

time! War and fighting, and the dead lying there--men, strong men, dying

in the dark. God knows where they are to-night.""



The voice ceased. Then repeated quavering: ""God knows where they are

to-night.""



Graham stood revolving a question that should not betray his ignorance. Again the old man's voice ended the pause. ""This Ostrog will win,"" he said. And what the world will

be like under him no one can tell. My sons are under the wind-vanes,

all three. One of my daughters-in-law was his mistress for a while.","Here’s an interpretation of the passage, analyzing its meaning, themes, and significance:

This stark opening – “I fell over a dead man” – immediately establishes a sense of disorientation and violence within a world utterly devoid of order and morality. The old man’s caution, urging companionship “of the right sort,” reveals a society gripped by fear and paranoia, likely born from constant war and death (""War and fighting, and the dead lying there"").  The repetition of “God knows where they are to-night” highlights a profound spiritual crisis and the loss of faith, suggesting a world where even divine guidance is absent. Ultimately, the old man’s pronouncement that Ostrog will win signifies a bleak, predetermined future under a tyrannical ruler, reinforcing the novel’s likely themes of powerlessness, control, and the decay of human values."
time_machine_038,time_machine,gemma,gemma3:4b,"Who was he?""



""Eh!"" said the old man. He was a poor nobody, and set

on a playful woman, poor soul! And he fell into a trance. There's the

old things they had, those brown things--silver photographs--still

showing him as he lay, a gross and a half years ago--a gross and a half

of years.""



""Set on a playful woman, poor soul,"" said Graham softly to himself, and

then aloud, ""Yes--well go on.""



""You must know he had a cousin named Warming, a solitary man without

children, who made a big fortune speculating in roads--the first

Eadhamite roads. He bought all the

patent rights and made a big company. In those days there were grosses of

grosses of separate businesses and business companies. His roads killed the railroads--the old things--in two dozen

years; he bought up and Eadhamited the tracks.","Here's an interpretation of the passage, aiming for 3-5 sentences and addressing meaning, themes, and significance:

This seemingly simple question – “Who was he?” – reveals a profound disorientation and the erosion of personal history within a rigidly controlled society. The old man’s fragmented recollection of a “poor nobody” obsessed with a woman highlights the superficiality and ultimately meaningless relationships fostered under this system, symbolized by the “gross and a half years” representing a lost connection to genuine emotion. The details about Warming, a ruthless industrialist who destroyed the railroads through “Eadhamite” speculation, represents the systematic dismantling of the past and established order by a single, amoral figure, reflecting the novel’s core themes of technological control and the suppression of individual memory. Ultimately, the passage underscores the devastating impact of this dystopian world on human connection and the very fabric of reality. 


---

Would you like me to analyze another passage or perhaps delve deeper into this one’s specific elements?"
time_machine_039,time_machine,gemma,gemma3:4b,"The

little lady in no degree embarrassed, pointed out to him a charming

little woman as one of the subsidiary wives of the Anglican Bishop of

London. She added encomiums on the episcopal courage--hitherto there had

been a rule of clerical monogamy--""neither a natural nor an expedient

condition of things. Why should the natural development of the affections

be dwarfed and restricted because a man is a priest?""



""And, bye the bye,"" she added, ""are you an Anglican?"" Graham was on the

verge of hesitating inquiries about the status of a ""subsidiary wife,""

apparently an euphemistic phrase, when Lincoln's return broke off this

very suggestive and interesting conversation. They crossed the aisle to

where a tall man in crimson, and two charming persons in Burmese costume

(as it seemed to him) awaited him diffidently. From their civilities he

passed to other presentations.","Here's an interpretation of the passage, aiming for 3-5 sentences and addressing meaning, themes, and significance:

This seemingly innocuous exchange reveals a deeply unsettling undercurrent within the dystopian world – a bizarre and casually accepted system of ""subsidiary wives"" surrounding the Anglican Bishop, highlighting a corruption of traditional authority and morality. The passage satirizes rigid social rules and the suppression of natural desires, suggesting a society where even religious institutions have become instruments of control and perverse pleasure.  The abrupt interruption underscores the fragility of any attempt to understand or challenge this distorted reality, while the flamboyant displays of wealth and exoticism – the crimson-clad man and Burmese costumes – further emphasize the world’s decadent and unsettling strangeness. Ultimately, the scene serves to expose the novel’s central theme of societal decay and the loss of genuine connection amidst fabricated appearances."
time_machine_040,time_machine,gemma,gemma3:4b,"They are talking of a Commune. Men in silk and satin have

been insulted in the streets. The blue canvas is expecting all sorts of

things from you.... Of course there is no need for you to trouble. We are

setting the Babble Machines to work with counter suggestions in the

cause of law and order. We must keep the grip tight; that is all.""



Graham thought. He perceived a way of asserting himself. ""Even to the pitch of bringing a negro police,"" he said. ""They are fine loyal brutes, with no wash

of ideas in their heads--such as our rabble has. The Council should have

had them as police of the ways, and things might have been different. Of

course, there is nothing to fear except rioting and wreckage.","Here’s an interpretation of the passage, aiming for 3-5 sentences and addressing meaning, themes, and significance:

This passage depicts a chillingly controlled society where dissent is swiftly and brutally suppressed through manipulation and the deployment of unquestioning force. The “Commune” and the “blue canvas” represent the ruling Council’s attempts to maintain absolute order by silencing any opposition and shaping public perception. Graham’s cynical suggestion of utilizing a “negro police” reveals the Council’s deep-seated prejudice and reliance on dehumanized labor to enforce their authority, highlighting themes of social stratification and the abuse of power. Ultimately, the passage underscores the dangers of unchecked control and the terrifying potential for a society built on fear and engineered obedience. 


---

Would you like me to analyze another passage, or perhaps explore specific aspects of this one in more detail (like the symbolism of the “Babble Machines” or the implications of the “negro police”)?"
time_machine_041,time_machine,gemma,gemma3:4b,"Why is there no fighting

with them?""



""They had. But the greater part of the aeronauts were in the revolt with

us. They wouldn't take the risk of fighting on our side, but they would

not stir against us. We _had_ to get a pull with the aeronauts. Quite

half were with us, and the others knew it. Directly they knew you had got

away, those looking for you dropped. We killed the man who shot at

you--an hour ago. And we occupied the flying stages at the outset in

every city we could, and so stopped and captured the greater aeroplanes,

and as for the little flying machines that turned out--for some did--we

kept up too straight and steady a fire for them to get near the Council

House. If they dropped they couldn't rise again, because there's no clear

space about there for them to get up.","Here’s an interpretation of the passage, aiming for 3-5 sentences and addressing meaning, themes, and significance:

This passage reveals a chillingly controlled dystopian society where outright conflict is actively suppressed, symbolized by the question ""Why is there no fighting?"" The narrative highlights the Council’s manipulation of the “aeronauts,” a faction potentially aligned with rebellion, by leveraging their fear and strategic positioning – capturing aircraft and eliminating threats like the individual who shot at the speaker.  The passage underscores themes of control, division, and the use of force through inaction to maintain power. Ultimately, it suggests a society built on precarious stability, achieved not through victory, but through the deliberate prevention of any genuine challenge to the Council’s authority. 


---

Would you like me to analyze another passage, or perhaps explore a specific aspect of this interpretation in more detail (e.g., the symbolism of ""aeronauts,"" or the implications of the Council’s tactics)?"
time_machine_042,time_machine,gemma,gemma3:4b,"In these days we have this great machine of the city, and an organisation

complex beyond his understanding.""



""Yet,"" said Graham, ""there is something resists, something you are

holding down--something that stirs and presses.""



""You will see,"" said Ostrog, with a forced smile that would brush these

difficult questions aside. ""I have not roused the force to destroy

myself--trust me.""



""I wonder,"" said Graham. ""_Must_ the world go this way?"" said Graham with his emotions at the

speaking point. ""Must it indeed go in this way? Have all our hopes

been vain?""



""What do you mean?"" said Ostrog. ""Hopes?""



""I come from a democratic age. And I find an aristocratic tyranny!""



""Well,--but you are the chief tyrant.""



Graham shook his head. ""Well,"" said Ostrog, ""take the general question. It is the way that

change has always travelled.","Here’s an interpretation of the passage, aiming for 3-5 sentences and addressing meaning, themes, and significance:

This brief exchange reveals a core conflict within the dystopian setting: Graham’s burgeoning awareness of the city’s oppressive machine and Ostrog’s desperate attempts to suppress it. The passage highlights themes of control, resistance, and the loss of ideals, as Graham’s questioning – “Must the world go this way?” – suggests a profound disillusionment with the established order and a yearning for a lost democratic past. Ostrog’s denial and justification (""take the general question"") underscores the regime’s manipulative nature and its attempt to normalize a fundamentally unjust system, ultimately positioning the reader to recognize the insidious nature of tyranny. 



---

Would you like me to analyze another passage, or perhaps explore specific aspects of this one in more detail (e.g., the symbolism of the “machine,” the significance of “aristocratic tyranny,” or the portrayal of Graham’s emotional state)?"
time_machine_043,time_machine,gemma,gemma3:4b,"My circumstances demanded that one or

other should be finished before I took any rest, and so I wound up the

Sleeper sufficiently to make it a marketable work, hoping to be able to

revise it before the book printers at any rate got hold of it. I came back to England from Italy only to fall

dangerously ill, and I still remember the impotent rage and strain of my

attempt to put some sort of finish to my story of Mr. Lewisham, with my

temperature at a hundred and two. I couldn't endure the thought of

leaving that book a fragment. I did afterwards contrive to save it from

the consequences of that febrile spurt--_Love and Mr. Lewisham_ is indeed

one of my most carefully balanced books--but the Sleeper escaped me.","Here’s an interpretation of the passage, aiming for 3-5 sentences and addressing meaning, themes, and significance:

This passage reveals a deeply anxious and obsessive creative process, illustrating the narrator’s struggle to complete and control his work, particularly the novel *Love and Mr. Lewisham*. The frantic efforts to “marketable” and “revise” the book before publication highlight a fear of artistic failure and a desperate need for control, suggesting a potentially unstable mental state.  The persistent failure to finish *The Sleeper* symbolizes a larger thematic concern with unresolved trauma and the inability to fully realize one's creative vision, possibly reflecting anxieties about legacy and the potential for work to be corrupted. Ultimately, the passage underscores the pressures and insecurities inherent in the act of creation within a dystopian, perhaps psychologically challenging, world. 

---

Would you like me to analyze another passage, or perhaps delve deeper into this one’s implications?"
time_machine_044,time_machine,gemma,gemma3:4b,"He listened for long spaces under the ventilator to catch

some distant echo of the tumults he felt must be proceeding in the city. He began to talk to himself. ""Two hundred and three years!"" he said to

himself over and over again, laughing stupidly. ""Then I am two hundred

and thirty-three years old! Surely they haven't

reversed the tendency of our time and gone back to the rule of the

oldest. I remember the

Bulgarian atrocities as though it was yesterday. Ha

ha!"" He was surprised at first to hear himself laughing, and then laughed

again deliberately and louder. Then he realised that he was behaving

foolishly. ""Steady!""



His pacing became more regular. But it is all _why_!""



""I suppose they can fly and do all sorts of things.","Here’s an interpretation of the passage, aiming for 3-5 sentences and addressing meaning, themes, and significance:

This passage depicts a man succumbing to madness and a desperate clinging to a fractured sense of identity within a deeply oppressive, possibly totalitarian, society. The repetition of ""Two hundred and three years!"" reveals his disorientation and a rejection of his imposed chronological reality, suggesting a deliberate attempt to reclaim agency and challenge the system’s control over time. The jarring laughter and subsequent self-reproach highlight the psychological toll of isolation and the struggle against a world that has erased memory and established a new, illogical order – a key theme of dystopian narratives.  Ultimately, his frantic pacing and the insistent question ""But why?"" underscores the profound alienation and the urgent need for understanding within a world stripped of meaning and justice."
time_machine_045,time_machine,gemma,gemma3:4b,"But you have--I may tell you this much--the automatic

increase of your property puts great possibilities of interference in

your hands. And in certain other ways you have influence, with your

eighteenth century notions.""



""Nineteenth century,"" corrected Graham. ""With your old world notions, anyhow, ignorant as you are of every

feature of our State.""



""Am I a fool?""



""Certainly not.""



""Do I seem to be the sort of man who would act rashly?""



""You were never expected to act at all. No one counted on your

awakening. No one dreamt you would ever awake. The Council had surrounded

you with antiseptic conditions. As a matter of fact, we thought that you

were dead--a mere arrest of decay. We dare

not suddenly---while you are still half awake.""



""It won't do,"" said Graham.","Here’s an interpretation of the passage, aiming for 3-5 sentences and addressing meaning, themes, and significance:

This passage reveals a chillingly calculated control exerted by the State, portraying the protagonist, likely an older individual, as a relic of a forgotten past – a “mere arrest of decay” deliberately kept ignorant and passive. The Council’s insistence that he was “dead” and their fear of suddenly rousing him highlights the dystopian theme of manufactured ignorance and the deliberate suppression of individual thought.  Graham’s condescending tone underscores the power imbalance and the State's manipulation of its citizens, suggesting a society built on maintaining a carefully constructed illusion of stability through the control of knowledge and independent action.  Ultimately, the passage speaks to the dangers of totalitarian regimes and the insidious ways they seek to neutralize dissent by erasing individual awareness."
time_machine_046,time_machine,gemma,gemma3:4b,"Suddenly there was a hasty

exclamation, and the intruder sprang back just in time to escape the

sweep of the released fan. And when Graham peered up there was nothing

visible but the slowly falling snow. It was perhaps a quarter of an hour before anything returned to the

ventilator. But at last came the same metallic interference again; the

fans stopped and the face reappeared. Graham had remained all this time

in the same place, alert and tremulously excited. What do you want?"" he said. ""We want to speak to you, Sire,"" said the intruder. ""We want--I

can't hold the thing. We have been trying to find a way to you--these

three days.""



""Is it rescue?"" whispered Graham. If you will.""



""You are my party--the party of the Sleeper?""



""Yes, Sire.""



""What am I to do?"" said Graham. The stranger's arm appeared, and his hand was

bleeding.","Here’s an interpretation of the passage, aiming for 3-5 sentences and focusing on meaning, themes, and significance:

This passage establishes a tense, unsettling encounter within a confined and potentially oppressive environment, immediately signaling a disruption of Graham’s isolated existence. The “intruder” and their desperate plea to be “the party of the Sleeper” highlight a clandestine movement operating in secrecy, suggesting a resistance or rebellion against a controlling authority – likely represented by “Sire.” The intruder’s bleeding hand is a crucial detail, symbolizing the cost and danger associated with this resistance, and the fragility of hope. Ultimately, the passage builds suspense by revealing a hidden history and a desperate mission, positioning Graham as a pivotal figure caught between a slumbering power and a group seeking to awaken it. 

---

Would you like me to analyze another passage, or perhaps delve deeper into this one’s specific elements?"
time_machine_047,time_machine,gemma,gemma3:4b,"He noted many strange

features, understanding none at the time; he even spelt out many of the

inscriptions in Phonetic lettering. But what profit is it to decipher a

confusion of odd-looking letters resolving itself, after painful strain

of eye and mind, into ""Here is Eadhamite,"" or, ""Labour Bureau--Little

Side""? Grotesque thought, that all these cliff-like houses were his! The perversity of his experience came to him vividly. In actual fact he

had made such a leap in time as romancers have imagined again and again. And that fact realised, he had been prepared. His mind had, as it were,

seated itself for a spectacle. And no spectacle unfolded itself, but a

great vague danger, unsympathetic shadows and veils of darkness. Somewhere through the labyrinthine obscurity his death sought him. Would

he, after all, be killed before he saw?","Here’s an interpretation of the passage, aiming for 3-5 sentences:

This passage depicts a chilling sense of disorientation and impending doom for the protagonist, highlighting the unsettling nature of the dystopian world. The futile act of deciphering cryptic inscriptions underscores the complete breakdown of meaning and communication, suggesting a society utterly devoid of recognizable order. The “leap in time” and the protagonist’s pre-preparedness create a horrific irony, as he’s not anticipating a grand revelation, but rather a pervasive, undefined threat. Ultimately, the passage emphasizes themes of alienation, the loss of control, and the terrifying possibility of a passive, unavoidable demise within a deliberately obfuscated reality."
time_machine_048,time_machine,gemma,gemma3:4b,"In the old days man was

armed against Pain, now he is eager for Pleasure. Civilisation has driven pain and danger so far off--for

well-to-do people. And only well-to-do people matter now. I have been

asleep two hundred years.""



For a minute they leant on the balustrading, following the intricate

evolution of the dance. Indeed the scene was very beautiful. ""Before God,"" said Graham, suddenly, ""I would rather be a wounded

sentinel freezing in the snow than one of these painted fools!""



""In the snow,"" said Asano, ""one might think differently.""



""I am uncivilised,"" said Graham, not heeding him. _Their_ fountain of rage and fear and anger is

sealed and closed, the habits of a lifetime make them cheerful and easy

and delightful. You must bear with my nineteenth century shocks and

disgusts. These people, you say, are skilled workers and so forth.","Here's an interpretation of the passage, aiming for 3-5 sentences and addressing meaning, themes, and significance:

This passage powerfully illustrates the profound consequences of a society that has deliberately eradicated pain and danger for a privileged few, creating a sterile and ultimately meaningless existence. The speaker, Graham, represents a desperate longing for authentic experience – symbolized by the ""wounded sentinel"" – in contrast to the blissful, yet hollow, entertainment of the “painted fools.”  The core theme is the critique of a civilization that prioritizes comfort and pleasure above all else, effectively disconnecting itself from reality and genuine emotion.  Asano’s response, “one might think differently,” suggests a potential for confronting hardship, while Graham’s frustrated outburst underscores the devastating loss of humanity within this meticulously crafted, emotionally-deficient world. 


---

Would you like me to analyze another passage, or perhaps delve deeper into this one’s themes?"
time_machine_049,time_machine,gemma,gemma3:4b,"Another step and

he was clinging close to the aeronaut. He felt a weight on his shoulder,

the pressure of the air. His hat was a whirling speck behind. The wind

came in gusts over his wind-screen and blew his hair in streamers past

his cheek. The aeronaut made some hasty adjustments for the shifting of

the centres of gravity and pressure. ""I want to have these things explained,"" said Graham. ""What do you do

when you move that engine forward?""



The aeronaut hesitated. Then he answered, ""They are complex, Sire.""



""I don't mind,"" shouted Graham. ""I don't mind.""



There was a moment's pause. ""Aeronautics is the secret--the privilege--""



""I know. But I'm the Master, and I mean to know."" He laughed, full of

this novel realisation of power that was his gift from the upper air.","Here’s an interpretation of the passage, aiming for 3-5 sentences and addressing meaning, themes, and significance:

This passage depicts a stark power dynamic within a technologically advanced, yet rigidly stratified, society. Graham’s insistence on understanding the aeronaut’s work – specifically the manipulation of an “engine” – reveals his desire to grasp the knowledge and control afforded him as the “Master.” The aeronaut’s evasive response, coupled with the phrase “Aeronautics is the secret – the privilege—,” highlights the deliberate withholding of information and the exclusive access granted to the elite. Ultimately, Graham’s pursuit of this knowledge symbolizes a desperate attempt to validate his authority and cement his position within a system built on unequal access and dominance, suggesting themes of control, secrecy, and the corrupting nature of power. 

---

Would you like me to analyze another passage, or perhaps delve deeper into this one and discuss specific literary devices used?"
we_000,we,gemma,gemma3:4b,"Not a whisper, not a breath around; all eyes

were upon that hand.... What crushing, scorching power one must feel

to be the tool, to be the resultant of hundreds of thousands of

wills! The hand moved down, switching in the current. The

lightning-sharp blade of the electric ray.... A faint crack like

a shiver, in the tubes of the Machine.... The prone body, covered

with a light phosphorescent smoke; then suddenly, under the eyes of

all, it began to melt,--to melt, to dissolve with terrible speed. And then nothing; just a pool of chemically pure water which only a

moment ago was so red and pulsated in his heart.... All this was simple; all of us were familiar with the phenomenon,

dissociation of matter,--yes, the splitting of the atoms of the

human body!","Here’s an interpretation of the passage, aiming for 3-5 sentences and addressing meaning, themes, and significance:

This chilling passage depicts the brutal, utterly impersonal execution of an individual by a technologically advanced, dehumanizing system. The overwhelming attention of “all eyes” underscores the loss of individual agency and the reduction of a person to a mere object of observation and control.  The rapid, violent dissolution of the body through “dissociation of matter” powerfully represents the themes of technological terror and the erasure of identity within a dystopian society.  Ultimately, the passage highlights the terrifying potential of a system that treats human beings as interchangeable components, devoid of intrinsic value and humanity."
we_001,we,gemma,gemma3:4b,"One day Plappa told us about irrational numbers, and

I remember I wept and banged the table with my fist and cried, ""I

do not want that square-root of minus one; take that square-root

of minus one away!"" This irrational root grew into me as something

strange, foreign, terrible; it tortured me; it could not be thought

out. It could not be defeated because it was beyond reason. Now that square-root of minus one is here again. I read over what

I have written and I clearly see that I was insincere with myself,

that I lied to myself in order to avoid seeing that square-root of

minus one. My sickness, etc., is all nonsense; _I could go there_. I

feel sure that if such a thing had happened a week ago I should have

gone without hesitating. Why then am I unable to go now?...","Here's an interpretation of the passage, aiming for 3-5 sentences and addressing meaning, themes, and significance:

This passage depicts a profound existential crisis, utilizing the abstract concept of an irrational square root to represent an unsettling, unknowable truth threatening the protagonist’s ordered reality. The protagonist’s vehement rejection of the “square root of minus one” symbolizes a fear of embracing chaos, uncertainty, and perhaps even death – concepts the dystopian society has actively suppressed.  The repetition of the root’s return suggests a persistent, inescapable dread, and the narrator's realization of self-deception highlights the devastating consequences of clinging to comforting lies. Ultimately, the passage underscores themes of control, denial, and the terrifying potential of a reality beyond rational comprehension within a rigidly structured world. 


---

Would you like me to analyze another passage, or perhaps explore specific aspects of this one in more detail (e.g., the symbolism of the root, the implications of the dystopian setting)?"
we_002,we,gemma,gemma3:4b,"""Why do I sit here enduring this smile with such resignation and

what is this all about? And why all these strange

sensations, this irritating, repellent female, this strange game?""



The door of the closet slammed; there was the rustle of silk. I

felt it difficult to restrain myself from getting up and, and.... I

don't remember exactly; probably I wanted to tell her a number of

disagreeable things. She was dressed in a short bright-yellowish dress, black hat, black

stockings. The dress was of light silk,--I saw clearly very long

black stockings above the knees, an uncovered neck and the shadow

between.... ""It's clear that you want to seem original. But is it possible that

you--?""



""It is clear,"" interrupted I-330, ""that to be original means to

stand out among others; consequently to be original means to violate

the law of equality.","Here's an interpretation of the passage, aiming for 3-5 sentences and addressing meaning, themes, and significance:

This passage reveals a profound sense of alienation and suppressed rebellion within I-330’s rigidly controlled existence. The speaker’s confused and frustrated questioning – “why do I sit here enduring this smile…” – highlights the insidious nature of enforced conformity and the unsettling intrusion of a deliberately provocative female figure. The description of her appearance, juxtaposed with the speaker’s escalating desire to verbally challenge her, speaks to a burgeoning desire for individuality and a rejection of the dystopian system’s demand for absolute sameness. Ultimately, I-330’s rigid definition of “originality” as a violation of equality underscores the novel's central theme of the suppression of thought and the dangers of a society built on enforced uniformity. 


---

Would you like me to analyze another passage, or perhaps explore a specific aspect of this one in more detail (e.g., the symbolism of the female figure)?"
we_003,we,gemma,gemma3:4b,"A

thousand years ago your heroic ancestors subjected the whole earth

to the power of the United State. A still more glorious task is

before you,--the integration of the indefinite equation of the

Cosmos by the use of the glass, electric, fire-breathing _Integral_. Your mission is to subjugate to the grateful yoke of reason the

unknown beings who live on other planets, and who are perhaps still

in the primitive state of freedom. If they will not understand that

we are bringing them a mathematically faultless happiness, our duty

will be to force them to be happy. But before we take up arms, we

shall try the power of words.","Here's an interpretation of the passage, aiming for 3-5 sentences and addressing meaning, themes, and significance:

This chilling passage depicts a future dominated by a coldly rational and utterly ruthless empire, the United States, that has relentlessly expanded its control across millennia. The “Integral,” a terrifying technological tool, represents a commitment to imposing order and happiness – defined solely through mathematical logic – upon all sentient life, regardless of their existing freedoms.  The passage’s core theme is the dangers of unchecked technological advancement and the imposition of a rigid, utilitarian worldview, suggesting a horrifyingly sterile vision of progress. Ultimately, it underscores a bleak exploration of colonialism, control, and the denial of genuine autonomy in the name of a manufactured “happiness.” 


---

Would you like me to analyze another passage, or perhaps explore specific aspects of this one in more detail (e.g., the symbolism of the ""Integral,"" or the implications of the passage's tone)?"
we_004,we,gemma,gemma3:4b,"very.""



""Thou lovest fog, dost thou?""



This ancient, long-forgotten _thou_--the thou of a master to his

slave--penetrated me slowly, sharply.... This

too was inevitable, was good. ""Yes, good ..."" I said aloud to myself, and then to her, ""I hate

fog. I am afraid of fog.""



""Then you love it. For if you fear it because it is stronger than

you, hate it because you fear it, you love it. For you cannot

subject it to yourself. One loves only the things one cannot

conquer.""



""Yes, that is so. that is precisely why I....""



We were walking--as one. Somewhere beyond the fog the sun was

singing in a faint tone, gradually swelling, filling the air with

tension and with pearl and gold and rose and red....","Here’s an interpretation of the passage, aiming for 3-5 sentences and addressing meaning, themes, and significance:

This brief exchange reveals a chilling exploration of control and surrender within a dystopian setting. The use of the archaic ""thou"" immediately establishes a power dynamic, suggesting a subjugated individual being analyzed and manipulated by a superior.  The speaker’s paradoxical declaration – hating fog while simultaneously fearing and loving it – represents a complete loss of agency and an acceptance of dominance, reflecting a core theme of the novel likely revolving around the erosion of individual will.  The final image of the sun “singing” beyond the fog symbolizes a lost paradise, unattainable and only accessible through complete submission, emphasizing the bleakness of a world devoid of genuine freedom. 


---

Would you like me to analyze another passage, or perhaps delve deeper into the interpretation of this one?"
we_005,we,gemma,gemma3:4b,"You see?""



U- glanced at me, then at the number of the stub and again made that

familiar, charmingly innocent movement with which she fixes the fold

of the unif between her knees. ""You look abnormal and ill, dear. Abnormality and illness are the

same thing. And no one would tell you

that, no one!""



That ""No one"" was certainly equivalent to the number on the

stub,--I-330. This thought was confirmed by an ink-blot which

fell close to the figure 330. Is it not painful when the

buds are bursting? And don't you think that spermatozoa are the most

terrible of all microbes? In the widely open cup of the armchair

was I-330. I, on the floor, embracing her limbs, my head on her

lap. Like a crystal I was _dissolving_ in her, in I-330.","Here’s an interpretation of the passage, aiming for 3-5 sentences and addressing meaning, themes, and significance:

This passage masterfully depicts a chillingly sterile and controlling relationship within a dystopian society. The speaker's “abnormality and illness” being equated by I-330 reveals the dehumanizing nature of the regime, where individuality and deviation are seen as inherently dangerous. The unsettling image of the ink-blot mirroring I-330 reinforces the individual's reduced status to a mere data point, while the physical dissolution symbolizes the complete absorption and erasure of self.  Ultimately, the passage highlights themes of surveillance, conformity, and the loss of identity within a system that seeks to eliminate any trace of independent thought or feeling. 

---

Would you like me to analyze another passage, or perhaps delve deeper into this one’s specific elements?"
we_006,we,gemma,gemma3:4b,"Yet every time we witnessed it, it seemed a miracle; it

was a symbol of the superhuman power of the Well-Doer. Above, in front of Him, the burning faces of the female numbers,

mouths half open from emotion, flowers swaying in the wind.[2]

According to custom, ten women were covering with flowers the

unif of the Well-Doer, which was still wet with spray. With the

magnificent step of a supreme priest He slowly descended, slowly

passed between the rows of stands; and like tender white branches

there rose toward Him the arms of the women; and, millions like

one, our tempestuous cheers! Then cheers in honor of the Guardians,

who all unseen, were present among us.... Who knows, perhaps the

fancy of the ancient man foresaw them centuries ahead, when he

created the gentle and formidable ""guardian-angels"" assigned to each

one from the day of his birth?","Here’s an interpretation of the passage, aiming for 3-5 sentences and addressing meaning, themes, and significance:

This passage depicts a carefully constructed spectacle of worship surrounding the “Well-Doer,” a figure seemingly holding absolute power. The scene, replete with emotionally-drenched women and symbolic gestures like the “wet” uniform and flower offerings, highlights the oppressive control exerted through manufactured reverence and the manipulation of emotion.  The recurring references to “guardian-angels” suggest a system of surveillance and control instilled from birth, reinforcing themes of conformity and the suppression of individual thought. Ultimately, the passage reveals a chillingly sterile and unsettling society where genuine human connection is replaced by a performative display of loyalty to an unseen, and likely tyrannical, authority. 


---

Would you like me to analyze a different passage, or perhaps delve deeper into this one with a specific question in mind (e.g., analyzing the symbolism of the “Well-Doer,” or exploring the implications of the “guardian-angels”)?"
we_007,we,gemma,gemma3:4b,"It is perhaps for the first time in the history of the last few

decades that a Russian book, inspired by Russian life, written in

Russia and in the Russian language, should see its first light not

in Russia but abroad, and not in the language it was originally

written but translated into a foreign tongue. During the darkest

years of Russian history, in the 'forties, 'sixties, 'eighties and

'nineties of the last century, many Russian writers were forced by

oppression and reaction to live abroad and to write abroad, yet

their writings would reach Russia, as they were intended primarily

for the Russian reader and Russian life. Most of Turgeniev's novels

were written while he was in France, and with the exception of his

last short story which he dictated on his deathbed, all his novels

and stories were written in Russian.","Here’s an interpretation of the passage, aiming for 3-5 sentences and addressing meaning, themes, and significance:

This passage highlights a poignant and unsettling shift – a Russian novel, deeply rooted in its own culture and language, achieves initial success *outside* of Russia, translated and disseminated to a foreign audience. This situation speaks to a prolonged period of cultural suppression and exile experienced by Russian writers throughout the 20th century, forced to create in foreign lands due to political turmoil.  The passage subtly critiques the idea of cultural ownership and the distortion of artistic expression when a nation’s literature is denied its rightful reception within its own borders, emphasizing themes of censorship, displacement, and the struggle for authentic voice.  Ultimately, it underscores the tragic irony of a creative work, born of a specific cultural context, being lost to its intended audience due to external forces."
we_008,we,gemma,gemma3:4b,"""More than that,"" I said, ""if I were ordered to prepare a

mathematical draught of the Machine of the Well-Doer, I should

undoubtedly,--undoubtedly, put on that draught some of your

verses!""--Suddenly I saw R-'s eyes becoming more and more opaque,

his lips acquiring a gray tint. Merely that I am dead sick of it; everybody keeps

on: 'the death-sentence, the death-sentence!' I want to hear no more

of it! I do not want...."" He became serious, rubbing

his neck--that little valise filled with luggage which I cannot

understand. He found something in that little

valise of his, removed it, unwrapped it, spread it out; his eyes

became covered with the varnish of laughter. He began:



""I am writing something for your _Integral_. I am!"" He was

himself again; bubbling, sprinkling lips; words splashing like a

fountain.","Here's an interpretation of the passage, aiming for 3-5 sentences and addressing meaning, themes, and significance:

This passage reveals a chilling descent into obsession and delusion within a rigidly controlled environment. R-'s increasingly erratic behavior – the opaque eyes, graying lips, and sudden outburst of writing for the ""Integral"" – represents a desperate clinging to a lost sense of self and artistic expression, driven by the pervasive, suffocating pronouncements of “the death-sentence.” The valise filled with luggage symbolizes a futile attempt to preserve a past identity and a connection to beauty, mirroring the novel’s broader themes of memory, identity, and the suppression of individuality. Ultimately, R’s transformation highlights the destructive power of enforced conformity and the unsettling consequences of a society that has eradicated genuine emotion and creative thought. 


---

Would you like me to analyze another passage, or perhaps explore a specific aspect of this one in more detail (e.g., the symbolism of the ""Machine of the Well-Doer,"" or the significance of the ""Integral"")?"
we_009,we,gemma,gemma3:4b,"It is clear that under such circumstances there is no more reason

for envy or jealousy. The denominator of the fraction of happiness

is reduced to zero and the whole fraction is thus converted into

a magnificent infiniteness. The thing which was for the ancients

the source of innumerable stupid tragedies has been converted in

our time into an harmonious, agreeable and useful function of the

organism, a function like sleep, like physical labor, the taking

of food, digestion, etc., etc. Hence you see how the great power

of logic purifies everything it happens to touch. Oh, if only you

unknown readers can conceive this divine power! If you will only

learn to follow it to the end!","Here’s an interpretation of the passage, aiming for 3-5 sentences and addressing meaning, themes, and significance:

This passage depicts a chillingly sterile utopia where emotion—specifically envy and jealousy—has been entirely eradicated through a calculated and controlling system. The “divine power of logic” has reduced human experience to a purely functional state, equating happiness with a limitless, emotionless existence akin to basic biological processes. This highlights the novel’s core theme of the suppression of individuality and the dangers of a society prioritizing order and efficiency over genuine human feeling. Ultimately, the passage suggests a terrifying potential for logic to be used as a tool of oppression, stripping individuals of their agency and capacity for authentic connection. 


---

Would you like me to analyze another passage, or perhaps explore specific aspects of this one in more detail (e.g., the symbolism of “divine power,” or the implications of a world without jealousy)?"
we_010,we,gemma,gemma3:4b,"RECORD FOURTEEN



  ""Mine""

  Impossible

  A Cold Floor





I shall continue to relate my adventures of yesterday. I was busy

during the personal hour before retiring to bed, and thus I was

unable to record everything last night. But everything is graven in

me; especially, for some reason, and apparently forever, I shall

remember that unbearably cold floor.... I was expecting O-90 last evening as it was her regular day. I

went downstairs to the controller on duty to get a permit for the

lowering of my curtains. ""What is the matter with you?"" asked the controller. ""You seem so

peculiar tonight.""



""I ... I am sick.""



Strictly speaking, I told her the truth. Presently I remembered; of course, my

certificate! I touched it in my pocket. I held out the paper to the controller. As I did so, I felt the

blood rushing to my cheeks.","Here’s an interpretation of the passage, aiming for 3-5 sentences and addressing meaning, themes, and significance:

This brief, fragmented passage powerfully establishes a chilling atmosphere of surveillance and control within a dystopian society. The stark declaration “Mine” followed by “Impossible” and “A Cold Floor” suggests a fundamental loss of ownership, both physical and emotional, reflecting the dehumanization inherent in a system that dictates every aspect of an individual's life. The narrator’s fabricated illness and panicked retrieval of his certificate highlight the oppressive scrutiny and the fear of deviation from prescribed norms, revealing themes of conformity and the suppression of individual thought. Ultimately, the cold floor represents the emotional detachment and alienation experienced by the citizen, a physical manifestation of the regime’s control over their very being. 


---

Would you like me to analyze a different passage, or perhaps delve deeper into specific aspects of this one (e.g., the significance of ""Record Fourteen"")?"
we_011,we,gemma,gemma3:4b,"It seemed that in a moment

they would drill in to the bottom and would see something that I do

not even dare to confess to myself.... That bothersome eyelash became wholly clear to me. S- was one of

them, one of the Guardians, and it would be the simplest thing

immediately, without deferring to tell him everything! ""I went yesterday to the Ancient House ..."" my voice was strange,

husky, flat,--I tried to cough. It must have given you material for some instructive

deductions.""



""Yes ... You see, I was not alone; I was in the company of

I-330, and then....""



""I-330? She is a very interesting, gifted woman;

she has a host of admirers.""



But he too--then during the promenade.... Perhaps he is even

assigned as her he-Number! No, it is impossible to tell him,

unthinkable.","Here's an interpretation of the passage, aiming for 3-5 sentences and addressing meaning, themes, and significance:

This passage reveals the chilling core of a totalitarian regime, highlighting the protagonist’s burgeoning awareness of the system’s insidious control and the danger of dissent. The unsettling revelation that S- is a Guardian, coupled with the almost compulsive urge to immediately inform him, underscores the pervasive surveillance and the fear of betrayal that defines this world.  The fragmented dialogue, punctuated by a desperate attempt to justify his actions and the dismissive acceptance of I-330’s presence, demonstrates the dehumanization and the strategic manipulation of relationships within the system. Ultimately, the passage's significance lies in its portrayal of the terrifying ease with which truth is suppressed and the impossibility of genuine connection in a society built on lies and enforced conformity. 


---

Would you like me to analyze another passage, or perhaps delve deeper into the interpretation of this one?"
we_012,we,gemma,gemma3:4b,"The one to my right, I-330, apparently caught my confused eye, for

she said with a sigh, ""Yes, alas!""



I don't deny that this exclamation was quite in place, but again

there was something in her face or in her voice.... With an abruptness unusual for me, I said, ""Why 'alas'? Science is

developing and if not now, then within fifty or one hundred years--""



""Even the noses will--""



""Yes, noses!"" This time I almost shouted, ""Since there is still a

reason, no matter what, for envy.... Since my nose is button-like

and someone else's is--""



""Well your nose is rather classic, as they would say in the ancient

days, although your hands--No, no, show me your hands!""



I hate to have anyone look at my hands; they are covered with

long hair,--a stupid atavism.","Here’s an interpretation of the passage, aiming for 3-5 sentences and addressing meaning, themes, and significance:

This unsettling exchange between I-330 and the narrator reveals a society utterly devoid of naturalness and profoundly obsessed with standardization. The repeated use of “alas!” and the fixation on physical imperfections, particularly the nose, highlights a dystopian theme of enforced conformity and the eradication of individuality.  The narrator’s initial logical objection to the sentiment quickly devolves into a desperate, almost frantic, attempt to justify his own appearance, revealing a deep-seated anxiety about being judged and a horrifying acceptance of a world where even biological differences are subject to scrutiny.  Ultimately, the passage underscores the chilling potential of a future where humanity has been reduced to a collection of meticulously controlled, and deeply unsettling, variations."
we_013,we,gemma,gemma3:4b,"_Twenty minutes later_:



On the plane of this paper, in a world of two dimensions, these

lines follow each other, but in another world they.... I am losing

the sense for figures.... Perhaps two hundred or two

hundred thousand!... It seems so strange, quietly, deliberately, measuring every word,

to write down my adventure with R-. Imagine yourself sitting down

at your own bed, crossing your legs, watching curiously how you

yourself shrivel in the very same bed. My mental state is similar to

that. When R-13 came in I was perfectly quiet and normal. I began with

sincere admiration to tell him how wonderfully he succeeded in

versifying the death sentence of that insane man, and that his

poem more than anything else had smothered and annihilated the

transgressor of the law.","Here’s an interpretation of the passage, aiming for 3-5 sentences and addressing meaning, themes, and significance:

This passage reveals a deeply unsettling and controlled reality within a dystopian setting, where language itself is weaponized and distorted. The speaker's disorientation with numbers and his meticulously crafted praise for R-13—a figure involved in executing someone—highlights the insidious nature of propaganda and the erosion of genuine human emotion. The unsettling imagery of “shriveling” in one’s own bed underscores a profound loss of self and individuality, reflecting the novel's likely exploration of themes like surveillance, conformity, and the manipulation of truth. Ultimately, the passage’s focus on a seemingly banal act of praising a violent deed reveals the chilling potential for the state to dictate thought and morality through carefully constructed narratives. 


---

Would you like me to analyze another passage, or perhaps explore specific aspects of this one in more detail (e.g., the significance of ""R-13,"" or the broader themes implied)?"
we_014,we,gemma,gemma3:4b,"When I came into my room and turned on the light, I could not

believe my eyes! O-90 stood at my table, or to be more exact,

she was hanging like a creased empty dress. She seemed to have

no tensity, no spring beneath the dress; her arms and legs were

springless, her voice was hanging and springless. ""About my letter, did you receive it? I must know your answer,

I must--today.""



I shrugged my shoulders. I enjoyed looking into her blue eyes which

were filled with tears as if she were the guilty one. With pleasure I pricked her:



""Answer? In everything.""



""Then ..."" (She tried to cover the minute tremor with a smile but

it did not escape me.) ""Well, all right. I shall leave

you at once.""



Yet she remained drooping over the table. Drooping eyelids, drooping

arms and legs.","Here’s an interpretation of the passage, aiming for 3-5 sentences and focusing on meaning, themes, and significance:

This passage depicts a chilling scene of control and dehumanization within a rigidly structured society, likely a dystopian one. O-90’s unsettling state – a “creased empty dress” – represents her complete lack of agency and vitality, reduced to a lifeless object mirroring the obedience expected of her. The narrator’s detached observation and cruel act of “pricking” her highlights the regime’s emphasis on rigid adherence to rules and the suppression of any genuine emotion or individuality. Ultimately, the passage powerfully underscores themes of loss of self, the dangers of conformity, and the terrifying potential for a system to strip individuals of their humanity. 



---

Would you like me to analyze a different passage, or perhaps delve deeper into specific aspects of this one?"
we_015,we,gemma,gemma3:4b,"Through that haze I perceived the long glass

tables and the globe-like heads busy chewing, slowly, silently,

in unison. At a distance, through the haze, the metronome was

slowly beating its tick-tock, and to the accompaniment of this

customary and caressing music I joined with the others in counting

automatically to fifty: fifty is the number of chewing movements

required by the law of the State for every piece of food. And

automatically then, keeping time, I went downstairs and put my

name down in the book for the outgoing Numbers,--as everyone did. But I felt I _lived_ separately from everybody; I lived by myself

separated by a soft wall which absorbs noises; beyond that wall

there was my world. Here a thought occurred to me. If that world is only my own, why

should I tell about it in these records?","Here’s an interpretation of the passage, aiming for 3-5 sentences and addressing meaning, themes, and significance:

This passage powerfully depicts the stifling conformity of a totalitarian state, where even basic actions like eating and recording data are rigidly controlled by the State. The imagery of the ""globe-like heads"" chewing in unison and the obsessive counting to fifty highlights the dehumanization and lack of individual expression enforced by the regime. The narrator’s feeling of isolation, separated by a “soft wall,” represents the psychological barrier erected against genuine human connection and independent thought.  Ultimately, the question posed – “why should I tell about it in these records?” – suggests a nascent rebellion against the system’s demand for absolute obedience and a desire to preserve a private, authentic self."
we_016,we,gemma,gemma3:4b,"In 1911 this service exiled me from

Petrograd and I was forced to spend two years in a non-populated

place in Lachta. There, in the midst of the white winter silence

and the green summer silence, I wrote my _Provincial_. After that

the late Ismaylov expressed in print his belief that I wore very

high boots and was a long-haired provincial type, carrying a heavy

stick, and he was later very much surprised that I 'didn't look a

bit like that.' Incidentally, 'not a bit like that' I became in

England where, during the War, I spent about two years, building

ships and visiting the ruins of ancient castles. I listened to the

banging of the German Zeppelin bombs and wrote a short novel _The

Islanders_.","Here's an interpretation of the passage, aiming for 3-5 sentences and addressing meaning, themes, and significance:

This passage reveals a fragmented and deliberately constructed narrative of a life marked by displacement and artistic creation. The author’s forced exile to Lachta, coupled with the subsequent development of his literary works, suggests a profound alienation and a yearning for authenticity that he attempts to capture through his writing. The contrasting experiences – the stark silence of the Russian countryside versus the industrialized chaos of wartime England – highlight themes of loss, adaptation, and the impact of external forces on personal identity. Ultimately, the seemingly casual details about Ismaylov's misperception and the author’s own transformation – ""not a bit like that"" – point to a deliberate distancing from a past self and a conscious shaping of his public image. 


---

Would you like me to analyze another passage, or perhaps explore a particular aspect of this one in more detail (e.g., the significance of the titles of the novels)?"
we_017,we,gemma,gemma3:4b,"Your much-heralded knowledge is

but a form of cowardice. Yes, you want to encircle the

infinite with a wall and you fear to cast a glance behind the wall. And if ever you should glance beyond the wall you would be

dazzled and close your eyes,--yes,--""



""Walls are the foundation of every human--"" I began. I

waved my hand: ""Well, you may laugh, I don't care."" I was busy

with something else. I had to find a way of eating up, of crushing

down, that square-root of minus one. ""Suppose,"" I offered, ""we go

to my place and do some arithmetical problems."" (The quiet hour of

yesterday afternoon came to my memory; perhaps today also....)



O- glanced at R-, then serenely and roundly at me; the soft,

endearing color of our pink checks came to her cheeks.","Here’s an interpretation of the passage, aiming for 3-5 sentences and addressing meaning, themes, and significance:

This passage powerfully critiques the stifling nature of enforced knowledge and security within a dystopian society. The speaker’s disdain for “much-heralded knowledge” suggests it’s a deliberate tool of control, encouraging individuals to remain comfortably ignorant and fearful of confronting the unknown. The obsession with “square-root of minus one” represents a futile, abstract pursuit – a distraction from genuine engagement with reality – while the offer to solve problems is presented as a superficial attempt to maintain order.  Ultimately, the passage underscores themes of intellectual suppression and the dangers of prioritizing artificial boundaries over authentic experience, highlighting the novel's potential critique of rigid systems and the value of questioning established norms. 


---

Would you like me to analyze another passage, or perhaps explore a specific aspect of the interpretation (like the symbolism of the “walls” or the significance of the character’s actions)?"
we_018,we,gemma,gemma3:4b,"Something is wrong with a frame and

brackets here, and ...""



Not waiting until he had finished, I rushed to him, upstairs; I was

shamefully saving myself by flight. I had not the power to raise my

eyes. I was dazed by the sparkling glass steps under my feet, and

with every step I made I felt more and more hopeless. I, a corrupted

man, a criminal, was out of place here. No, I shall probably never

again be able to fuse myself into this mechanical rhythm, nor to

float over this mirror-like, untroubled sea. I am to burn eternally

from now on, running from place to place, seeking a nook where I may

hide my eyes, eternally, until I.... A spark cold as ice pierced me:

""I myself, I matter little, but is it necessary that _she_ also...?","Here’s an interpretation of the passage, aiming for 3-5 sentences and addressing meaning, themes, and significance:

This seemingly simple fragment – ""Something is wrong with a frame and brackets here, and..."" – immediately establishes a sense of unsettling distortion and a broken reality, likely within a meticulously controlled, possibly artificial environment. The narrator’s panicked flight upstairs, driven by shame and an inability to bear witness, reveals a theme of denial and a desperate attempt to escape a horrifying truth.  His feeling of being “out of place” and destined for a perpetual, lonely flight symbolizes a profound loss of identity and purpose, suggesting a critique of rigid societal structures and the suppression of individual agency.  Ultimately, the chilling final thought, “is it necessary that _she_ also…?” underscores a core dystopian theme: the potential for devastating consequences stemming from the disregard for another person’s well-being, hinting at a larger, possibly sinister, system at play. 


---

Would you like me to analyze a different passage, or perhaps explore specific aspects of this one in more detail (e.g., the symbolism of the ""spark cold as ice"")?"
we_019,we,gemma,gemma3:4b,"But for you they are

perhaps more mysterious and hard to understand than the binom of

Newton. Let me explain: an ancient sage once said a clever thing

(accidentally, beyond doubt). He said, ""Love and Hunger rule the

world."" Consequently, to dominate the world, man had to win a

victory over hunger after paying a very high price. I refer to the

great Two Hundred Years' War, the war between the city and the land. Probably on account of religious prejudices, the primitive peasants

stubbornly held on to their ""bread.""[1] In the 35th year before the

foundation of the United State, our contemporary petroleum food was

invented. True, only about two-tenths of the population of the globe

did not die out. But how beautifully shining the face of the earth

became when it was cleared of its impurities!","Here's an interpretation of the passage, aiming for 3-5 sentences and addressing meaning, themes, and significance:

This passage presents a chillingly pragmatic worldview, suggesting that the foundations of global power are built upon the manipulation of basic human needs – specifically, the control of both hunger and love. The sage’s cryptic saying, “Love and Hunger rule the world,” immediately establishes a cynical hierarchy, where emotional drives are as potent as scientific understanding. The historical account of the “Two Hundred Years’ War” highlights how seemingly irrational, religiously-motivated resistance – symbolized by the peasants’ clinging to “bread” – was deliberately exploited to justify devastating conflict.  Ultimately, the invention of petroleum food represents a calculated effort to cleanse the world of this stubborn resistance, demonstrating a coldly efficient and dehumanized approach to achieving dominance. 


---

Would you like me to analyze a different passage or perhaps delve deeper into specific aspects of this interpretation?"
we_020,we,gemma,gemma3:4b,"I shall leave the school-children with someone else and

I shall stay with you, for you, dear, you too are a child and you

need....""



""No, no!"" (I raised my hands in protest). You

really think then that I am a child and that I cannot do without

a.... Not for anything in the world."" (I must confess I had

other plans for that day!)



She smiled. The wording of that smile apparently was: ""Oh, what a

stubborn, what a stubborn boy!"" She sat down, eyelids lowered. Her

hands modestly busied themselves with fixing the fold of the unif

which fell again between her knees, and suddenly, about something

entirely different, she said:



""I think I must decide ... But I implore you, do

not hurry me.","Here’s an interpretation of the passage, aiming for 3-5 sentences and addressing meaning, themes, and significance:

This passage reveals a power struggle within a controlling environment, likely a dystopian setting, where the speaker is attempting to assert their autonomy and reject a perceived infantilization. The repeated insistence that they are “not a child” represents a defiant rejection of the authority figure’s attempt to manage and control them.  The authority figure’s response – the sarcastic “stubborn” comment – highlights the manipulative nature of the system and its reliance on labeling individuals to maintain control.  Ultimately, the passage underscores the fundamental theme of resistance against oppressive systems and the desperate need for self-determination, even in the face of seemingly benevolent figures."
we_021,we,gemma,gemma3:4b,"""This is my most beloved--"" she suddenly caught herself (again a

smile,--bite, and white sharp teeth), ""to be more exact, the most

nonsensical of all 'apartments'.""



""Or to be most exact, of all the States. Thousands of microscopic

States, fighting eternal wars, pitiless like--""



""Oh yes, it's clear,"" said I-330 with apparent sincerity. We passed through a room where we found a few small children's beds

(children in those days were also private property). Then more

rooms, glimmering mirrors, sombre closets, unbearably loud-colored

divans, an enormous ""fireplace,"" a large mahogany bed. Our

contemporary beautiful, transparent, eternal glass was represented

here only by pitiful, delicate, tiny squares of windows. ""And to think; here there was love 'just so'; they burned and

tortured themselves"" (again the curtain of the eyes was lowered),

""What a stupid, uneconomical spending of human energy.","Here’s an interpretation of the passage, aiming for 3-5 sentences and addressing meaning, themes, and significance:

This passage powerfully critiques the dehumanizing effects of a rigidly controlled society obsessed with individual possessions and manufactured sentiment. The speaker’s initial declaration of “most beloved” immediately clashes with the sterile, extravagant descriptions of the “apartments” and “States,” highlighting the absurdity of valuing private luxury over genuine connection. The repeated use of cold, calculating language – “pitiless,” “uneconomical” – underscores a system that reduces human experience to quantifiable resources and dismisses passionate emotion as wasteful. Ultimately, the passage suggests a profound loss of humanity within this dystopian world, where even love is dissected and deemed illogical by the controlling forces. 


---

Would you like me to analyze another passage, or perhaps explore specific aspects of this one in more detail (e.g., the symbolism of the “glass,” the significance of I-330’s role)?"
we_022,we,gemma,gemma3:4b,"Not so now, for I know that I have imagination, that is

what my illness consists in, and more than that: I know that it is a

wonderful illness,--one does not want to be cured, simply does not

want to! We ascended the glass steps; the world spread itself below us like

the palm of a hand. You, readers of these records, whoever you be, you have the sun

above you. And if you ever were ill, as I am now, then you know

what kind of a sun there is or may be in the morning; you know

that pinkish, lucid, warm gold; the air itself looks a little

pinkish; everything seems permeated by the tender blood of the sun;

everything is alive; the stones seem soft and living; iron living

and warm; people all full of life and smiles.","Here's an interpretation of the passage, aiming for 3-5 sentences, considering its meaning, themes, and significance:

This passage depicts a profound and defiant reclamation of joy and perception within a presumably sterile or oppressive environment. The narrator’s “illness” – imagination – is presented not as a defect, but as a source of intense, almost painful, beauty and connection to the world. The description of the “wonderful illness” highlights a yearning for genuine experience, contrasting sharply with a likely dystopian reality that has stripped away sensory richness. Ultimately, the passage suggests that the ability to appreciate simple, vibrant details – the sun, warmth, and life – is an act of rebellion and a testament to the enduring human spirit, offering a glimmer of hope amidst a bleak setting. 


---

Would you like me to analyze another passage, or perhaps explore specific elements within this one in more detail (e.g., the symbolism of the ""glass steps"" or the ""sun"")?"
we_023,we,gemma,gemma3:4b,"At that

moment I was the very same little boy who once wept because of a

tiny ink-stain on his unif, which no one else could see. Even if it

be so, if nobody sees that I am covered with black, ineffaceable

stains, I know it, do I not? I know that there should be no place

for a criminal like me among these frank open faces. What if I

should rush forward and shout out all at once everything about

myself! At least for a second I would

feel myself clear and clean and senseless like that innocent blue

sky.... All eyes were directed upward; in the pure morning blue, still moist

with the tears of night, a small dark spot appeared. Now it was

dark, now bathed in the rays of the sun.","Here’s an interpretation of the passage, aiming for 3-5 sentences and addressing meaning, themes, and significance:

This passage powerfully depicts a profound sense of alienation and self-awareness within a controlling environment. The narrator’s reflection on the ink-stain, though invisible to others, represents a hidden, shameful truth about his identity—a “criminal” marked by a transgression.  The desperate desire to “rush forward and shout out everything about myself” illustrates a yearning for authenticity and release from this imposed darkness, echoing a classic dystopian theme of suppressed individuality. The final image of the dark spot emerging against the blue sky symbolizes a fragile, fleeting moment of clarity before being reabsorbed into the oppressive reality, highlighting the futility of rebellion against a system that denies even the perception of truth. 


---

Would you like me to analyze another passage, or perhaps explore a specific aspect of this one in more detail (e.g., the symbolism of the ink-stain, or the impact of the “pure morning blue”)?"
we_024,we,gemma,gemma3:4b,"If I do act as I am told to in the note, if I

do go to the controller on duty, produce the pink check and then,

having lowered the curtains if I do sit alone in my room, I do all

this of course not because I have no power to act contrary to her

desire. It is quite simple: separated

from all curative, plaster-like smiles I am enabled quietly to

write these very lines. And second: I am afraid to lose

in her, in I-330, perhaps the only clue I shall ever have to the

understanding of all the unknowns, like the story of the cupboard,

or my temporary death, for instance. To understand, to discover

these unknowns as the author of these records, I feel it simply my

duty. Moreover, the unknown is naturally the enemy of man.","Here’s an interpretation of the passage, aiming for 3-5 sentences and addressing its meaning, themes, and significance:

This passage reveals a chilling sense of subjugation and the desperate clinging to self-awareness within a controlling environment. The narrator’s meticulous adherence to instructions – a facade of obedience – highlights his true desire to record his experiences, driven by a fear of erasure and a need to understand the unsettling events surrounding him (like the “cupboard” and “temporary death”).  The fear of losing I-330 represents a yearning for connection and perhaps a fragile hope for meaning within a system designed to deny it, while simultaneously acknowledging the dangerous allure of the unknown. Ultimately, the passage underscores the theme of resistance through quiet observation and the fundamental human instinct to seek answers, even in the face of overwhelming oppression. 


---

Would you like me to analyze a different passage, or perhaps explore specific aspects of this one in more detail (e.g., the symbolism of ""I-330,"" or the significance of the ""unknown"")?"
we_025,we,gemma,gemma3:4b,"You are to me now as dear and

as near and as far out of reach as he was at that moment. This was my way of thinking: from the part to the whole,--R-13 is

the part; the whole is our Institution of State Poets and Authors. I thought: how was it that the ancients did not notice the utter

absurdity of their prose and poetry? The gigantic, magnificent

power of the artistic word was spent by them in vain. It is really

droll; anybody wrote whatever happened to come into his head! It

was as foolish as the fact that in the days of the ancients the

ocean blindly splashed at the shore for twenty-four hours without

interruption or use. The millions of kilogram-meters of energy

which were hidden in the waves were used only for the stimulation

of sweethearts!","Here’s an interpretation of the passage, aiming for 3-5 sentences and incorporating meaning, themes, and significance:

This passage reveals a chilling detachment and intellectual arrogance within the protagonist’s worldview, highlighting the oppressive control of the Institution of State Poets and Authors. The speaker’s comparison of themselves to a distant, unattainable figure, R-13, underscores their isolation and the dehumanizing effect of the system.  The critique of the “ancient” poets reveals a fundamental disdain for genuine creativity, perceiving it as chaotic and unproductive, a waste of immense potential compared to the Institution’s rigidly controlled output. Ultimately, the passage serves as a bleak commentary on the suppression of individual expression and the reduction of art to a mere tool for state manipulation, illustrating a core dystopian theme of intellectual control and the loss of authentic human experience. 

---

Would you like me to analyze another passage, or perhaps explore specific aspects of this one in more detail (like the symbolism of R-13 or the critique of the ancients)?"
we_026,we,gemma,gemma3:4b,"Then she cast a look at me,

into me. ""The most curious thing is that I am not in the least afraid of you. You are such a dear, I am sure of it! You would never think of going

to the Bureau and reporting that I drink liqueurs and smoke. You

will be sick or busy, or I don't know what.... Furthermore, I am

sure you will drink this charming poison with me.""



What an impertinent, mocking tone! I felt definitely that in a

moment I should hate her. In fact I hated her all

the time.)



I-330 turned over the little glass of green poison straight into

her mouth. Then she stood up, and all rosy through the translucent

saffron-yellow tissue, she made a few steps and stopped behind my

chair.... Suddenly her arms were about my neck ...","Here’s an interpretation of the passage, aiming for 3-5 sentences and addressing meaning, themes, and significance:

This passage reveals a chillingly unsettling dynamic of control and manipulation within a dystopian society. The old woman, I-330, deliberately provokes the protagonist with her blatant disregard for rules and her offer of “charming poison,” representing a subversive act of rebellion against the controlling Bureau.  Her unsettling intimacy – the direct gaze, the invitation to drink, and finally, the sudden embrace – highlights the novel's themes of suppressed desire and the insidious nature of authority. Ultimately, the scene underscores the protagonist's growing sense of dread and the terrifying realization that even seemingly harmless acts of defiance can be profoundly threatening in a world devoid of genuine freedom. 

---

Would you like me to analyze another passage, or perhaps delve deeper into a specific aspect of this one (like the symbolism of the “poison” or the character of I-330)?"
we_027,we,gemma,gemma3:4b,"I could therefore

have gone to the office of the Guardians to make my report; but

after that stupid adventure I was so tired--besides, the law

provides two days. I shall have time tomorrow; I have another

twenty-four hours. RECORD SEVEN



  An Eyelash

  Taylor

  Henbane and Lily of the Valley





Night. Suddenly it lifted the brass eyelids

and sap began to flow from it, from Buddha. Sap also from the yellow

dress. Even in the mirror,--drops of sap, and from the large bed

and from the children's bed and soon from myself.... It is horror,

mortally sweet horror!... Soft blue light, the glass of the walls, of the chairs,

of the table was glimmering. I am sick, it is clear; I

never saw dreams before. They say that to see dreams was a common

normal thing with the ancients.","Here's an interpretation of the passage, aiming for 3-5 sentences and addressing meaning, themes, and significance:

This passage depicts a fracturing of reality within a rigidly controlled environment, symbolized by the unsettling animation of a mechanical Buddha statue and the subsequent spreading of ""sap."" The initial bureaucratic indifference (""RECORD SEVEN"") highlights the dehumanization and suppression of individual experience, contrasting sharply with the burgeoning, almost ecstatic, horror felt by the narrator.  The appearance of dreams – a lost, ""normal"" experience – represents a rebellion against the sterile, technologically-dominated present, suggesting themes of memory, loss, and the yearning for authentic human connection. Ultimately, the passage is a chilling exploration of the potential for even the most mundane objects to disrupt order and awaken suppressed emotions within a dystopian society. 


---

Would you like me to analyze a different passage, or perhaps delve deeper into specific aspects of this one (e.g., the symbolism of the Buddha, the significance of ""sap"")?"
we_028,we,gemma,gemma3:4b,"I use deliberately the word ""criminal,"" for freedom and crime

are as closely related as--well, as the movement of an aero and its

speed: if the speed of an aero equals zero, the aero is motionless;

if human liberty is equal to zero, man does not commit any crime. The way to rid man of criminality is to rid him of

freedom. No sooner did we rid ourselves of freedom (in the cosmic

sense centuries are only a ""no sooner""), than suddenly some unknown

pitiful degenerates.... No, I cannot understand why I did not go

immediately yesterday to the Bureau of the Guardians. Today, after

sixteen o'clock, I shall go there without fail. At sixteen-ten I was in the street; at once I noticed O-90 at the

corner; she was all rosy with delight at the encounter. She has a

simple, round mind.","Here’s an interpretation of the passage, aiming for 3-5 sentences and addressing meaning, themes, and significance:

This passage reveals a chillingly logical justification for totalitarian control, arguing that freedom and crime are intrinsically linked – the absence of freedom *creates* criminality. The speaker’s unsettling comparison of an aero and its speed highlights the absolute, mechanistic view of human behavior, suggesting that suppressing liberty is the sole solution to societal disorder. The rapid emergence of “pitiful degenerates” following the loss of freedom suggests a manufactured crisis used to legitimize oppression, while O-90’s simple delight represents the chillingly compliant nature of those deemed outside the system. Ultimately, the passage underscores the novel’s core theme of the dangers of absolute power and the manipulation of morality to maintain control. 


---

Would you like me to analyze another passage, or perhaps delve deeper into this one’s specific elements?"
we_029,we,gemma,gemma3:4b,"""Oh, after all it does not matter. But the act as such, think of

it! Of course I called the Guardians at once. I love children very

much and I think that the most difficult and the most exalted love

is--cruelty. You understand me, of course.""



""Certainly!"" Her sentence so closely resembled my thoughts! I could

not refrain from reading to her a passage from my Record No. 20,

beginning ""Quietly, metallically, distinctly, do the thoughts"" ... I felt her brownish-pink cheeks twitching and coming closer

and closer to me. Suddenly I felt in my hands her firm, dry, even

slightly prickling fingers. ""Give, give this to me please. I shall have it phonographed and make

the children learn it by heart.","Here's an interpretation of the passage, aiming for 3-5 sentences and addressing meaning, themes, and significance:

This unsettling passage reveals a deeply disturbed and controlling individual obsessed with manipulating and molding children through cruelty. The protagonist’s bizarre justifications – claiming the “act” doesn’t matter and that “cruelty” is the most exalted love – highlight a detachment from empathy and a desire to inflict pain. The recitation of the Record No. 20 and the physical possession of the child demonstrate a disturbing attempt to exert absolute control and indoctrination, reflecting themes of totalitarianism and the suppression of individuality. Ultimately, the passage suggests a horrifying exploration of power dynamics and the corruption of affection within a rigidly structured, dystopian society. 

---

Would you like me to analyze another passage, or perhaps explore specific elements within this one in more detail (e.g., the symbolism of “Record No. 20,” or the implications of the Guardians)?"
we_030,we,gemma,gemma3:4b,"RECORD TWENTY-FOUR



  The Limit of the Function

  Easter

  To Cross Out Everything





I am like a motor set in motion at a speed of too many revolutions

per second, the bearings have become too hot and in one more minute

the molten metal will begin to drip and everything will go to the

devil. I pour pailfuls of it, but my

logic merely sizzles on the hot metal and disappears in the air in

the form of vapor. Of course it is clear that in order to establish the true meaning

of a function, one must establish its limit. It is also clear that

yesterday's ""dissolution in the universe"" taken to its limit is

death. For death is exactly the most complete dissolution of the

self in the universe. Hence: L=f(D), love is the function of

death.","Here’s an interpretation of the passage, aiming for 3-5 sentences and incorporating meaning, themes, and significance:

This unsettling passage from “RECORD TWENTY-FOUR” presents a chilling meditation on identity and purpose within a rigidly controlled system. The speaker’s metaphor of a failing motor – nearing catastrophic meltdown – powerfully symbolizes the erosion of individual will and the inevitable consequences of exceeding prescribed limits.  The central concept, equating love with the “function of death” (L=f(D)), highlights a dark and cynical understanding of human connection as a desperate attempt to find meaning in oblivion and decay. Ultimately, the passage underscores the novel’s core theme of dehumanization and the desperate, futile search for significance within a world that seeks to erase all individuality. 


---

Would you like me to analyze another passage, or perhaps delve deeper into this one and discuss specific literary devices used?"
we_031,we,gemma,gemma3:4b,"I must see that she ...""



I crawled through the hatchway to the deck and stood there; where

was I to go now? I did not know what I had come for! The midday sun exhausted by its march, was fuming dimly. Below was

the _Integral_, a gray mass of glass,--dead. The pink blood was

drained out! It was clear to me that all this was my imagination and

that everything remained as before, yet it was also clear to me that

... ""What is the matter with you, D-503? What is the matter with you?"" It was the Second Builder

yelling directly into my ear; he must have been yelling that way for

quite a while. What was the matter with me? I had lost my rudder, the motor was

groaning as before, the aero was quivering and rushing on but it

had no rudder.","Here’s an interpretation of the passage, analyzing its meaning, themes, and significance:

This passage, beginning with the unsettling fragment “I must see that she…”, immediately establishes a sense of disorientation and suppressed urgency within D-503. The sterile, clinical imagery of the “Integral” – a “gray mass of glass” drained of “pink blood” – powerfully symbolizes the dehumanization and loss of individuality characteristic of the dystopian setting.  D-503’s internal questioning, fueled by the Builder’s insistent interrogation, represents a fracturing of his programmed obedience and a burgeoning awareness of his own predicament, suggesting themes of rebellion and the struggle against oppressive control. Ultimately, the passage’s ambiguity – the unexplained “she” and D-503's lost “rudder” – signifies the loss of agency and the terrifying potential for a mind to unravel within a rigidly controlled system."
we_032,we,gemma,gemma3:4b,"O-90

covered herself with the bedspread, her face hidden in the pillow. I was sitting near the bed, on the floor. The terrible cold from the floor

rose higher and higher. There in the blue, silent space among the

planets, there probably it is as cold. ""Please understand, dear; I did not mean..."" I muttered, ""With all

my heart, I ...""



It was the truth. I, my real self did not mean.-- ... Yet how could

I express it in words? How could I explain to her that the piece of

iron did not want to.... But that the law is precise, inevitable! O-90 lifted her face from the pillow and without opening her eyes

she said, ""Go away."" But because she was crying she pronounced it

""Oo aaa-ay."" For some reason this absurd detail will not leave my

memory.","Here's an interpretation of the passage, aiming for 3-5 sentences and addressing meaning, themes, and significance:

This passage depicts a chilling moment of isolation and suppressed rebellion within a rigidly controlled environment, likely a dystopian society. O-90’s desperate, almost whispered plea – “Please understand, dear; I did not mean…” – reveals a yearning for genuine emotion and a desire to break free from the dictates of an oppressive system symbolized by the “piece of iron.” The cold imagery emphasizes the emotional detachment and lack of warmth fostered by this environment, mirroring the societal coldness represented by the law.  The final, distorted utterance ""Oo aaa-ay"" highlights the crumbling of individuality and the inability to articulate true feelings, a poignant detail that underscores the novel's central theme of the loss of self."
we_033,we,gemma,gemma3:4b,"Without thinking whether it was

permissible or not, whether it was reasonable or absurd, I threw

myself straight to that point. I felt thousands of eyes bulging with horror fixed upon me but that

only added a sort of desperately joyful power to that wild being

with hairy paws which arose in me and ran faster and faster. Two

more steps--she turned around--



I saw a quivering face covered with freckles, red eyebrows.... A rabid, quivering joy took hold of me. I wanted to shout something

like: ""Catch her! Get her, that--"" But I heard only my whisper. A

heavy hand was already upon my shoulder; I was caught and led away. I tried to explain to them:



""But listen, you must understand that I thought that....""



But could I explain even to myself all the sickness which I have

described in these pages?","Here’s an interpretation of the passage, aiming for 3-5 sentences and addressing meaning, themes, and significance:

This passage depicts a chilling descent into irrationality and rebellion within a controlled environment, suggesting a loss of self and connection to reality. The protagonist’s impulsive act – throwing himself towards a primal, almost animalistic instinct – represents a rejection of societal constraints and a desperate yearning for authentic experience, fueled by a sense of horrified observation. The “wild being” symbolizes suppressed desires and the dangerous allure of chaos, while the final capture underscores the oppressive power of the established order and the narrator's inability to articulate or even comprehend the sickness of their own transformation. Ultimately, the passage highlights themes of control, instinct versus reason, and the terrifying potential for individuals to be consumed by forces they cannot understand or resist. 


---

Would you like me to analyze another passage, or perhaps explore a specific aspect of this one in more detail (e.g., the symbolism of the “wild being,” or the tone of the writing)?"
we_034,we,gemma,gemma3:4b,"I admit humanity acquired this habit of a sedentary form of life not

without difficulty and not at once. When the Two Hundred Years' War

had destroyed all the roads which later were overgrown with grass,

it was probably very difficult at first. It seemed uncomfortable to

live in cities which were cut off from each other by green debris. Man soon after he lost his tail probably did not

learn at once how to chase away flies without its help. I am almost

sure that at first he was even lonesome without his tail, but now,

can you imagine yourself with a tail? Or can you imagine yourself

walking in the street naked, without clothes? (It is possible you go

without clothes still.) Here we have the same case.","Here's an interpretation of the passage, aiming for 3-5 sentences and addressing meaning, themes, and significance:

This passage utilizes a fantastical, almost absurd framing device – the loss of a human tail – to critique the modern human condition and its reliance on sedentary, urban lifestyles. The narrator’s seemingly naive explanation reveals a deliberate distancing from the uncomfortable truth: humanity’s disconnection from nature and its dependence on constructed environments has become so ingrained that it feels utterly natural, even essential.  The repetition of the “can you imagine?” questions highlights the author’s intent to shock the reader into recognizing the strangeness of our current situation and the potential for profound societal disruption. Ultimately, the passage suggests a critique of civilization itself, portraying it as an unnatural and perhaps ultimately unsustainable adaptation born from a historical trauma – the “Two Hundred Years’ War” – and a subsequent severing from a more primal connection to the world. 


---

Would you like me to analyze another passage, or perhaps explore specific aspects of this interpretation in more detail?"
we_035,we,gemma,gemma3:4b,"Someone's heels in

the air near my eyes and close to those heels someone's wide-open

mouth tearing itself by an inaudible scream. For some reason this

picture remains particularly distinct in my memory: thousands of

mouths noiselessly yelling as if on the screen of a monstrous

cinema. Also as if on a screen, somewhere below at a distance, for a

second--O-90, pressed against the wall in a passage, her lips white,

defending her abdomen with her crossed arms. She disappeared as if

washed away by a wave, or else I simply forgot her because.... This not on the screen any more but within me, within my compressed

heart, within the rapidly pulsating temples; over my head, somewhat

to the left, R-13 suddenly jumped upon a bench, all sprinkling, red,

rabid. In his arms was I-330, pale, her unif torn from shoulder to

breast, red blood on white.","Here's an interpretation of the passage, aiming for 3-5 sentences and addressing meaning, themes, and significance:

This unsettling passage depicts a fractured reality, presenting disjointed images – a silent, horrifying spectacle of countless mouths, a fleeting glimpse of O-90’s desperate defense, and the brutal scene of I-330’s violent death – as if observed through a distorted, overwhelming screen. The recurring motif of “on the screen” suggests a loss of individual agency and a passive, voyeuristic experience within a totalitarian system, highlighting themes of surveillance and dehumanization. Ultimately, the passage evokes a sense of profound trauma and disorientation, implying that the horrors witnessed aren't merely external events but are deeply internalized, permanently imprinted upon the narrator’s consciousness and signifying the psychological damage inflicted by this dystopian world. 


---

Would you like me to analyze another passage, or perhaps delve deeper into specific aspects of this one?"
we_036,we,gemma,gemma3:4b,"That is why I am afraid of I-330; I struggle

against her, I don't want.... But why is it that within me ""I don't

want to"" and ""I want to"" stand side by side? That is the chief

horror of the matter; I continue to long for that happy death of

yesterday. The horror of it is that even now, when I have integrated

the logical function, when it becomes evident that the latter

contains death hidden in it, nevertheless I long for it with my

lips, arms, breast, with every millimeter.... Tomorrow is the Day of Unanimity. She will certainly be there and I

shall see her, though from a distance. That distance will be painful

to me, for I must be, I am inevitably drawn, close to her, so that

her hands, her shoulder, her hair.... I long for even that pain....","Here’s an interpretation of the passage, analyzing its meaning, themes, and significance:

This passage reveals a chilling paradox of surrender within a dystopian framework. The narrator’s desperate longing for “happy death” – symbolized by I-330 – represents a profound rejection of existence itself, suggesting a complete erosion of individual will and desire. The internal conflict between “I don’t want” and “I want to” highlights the psychological manipulation at play, where the pursuit of oblivion is presented as a desirable outcome.  The significance lies in portraying the insidious nature of control and the terrifying capacity of a society to induce a yearning for death as a form of ultimate compliance, culminating in the ominous “Day of Unanimity.”"
we_037,we,gemma,gemma3:4b,"You'd better hurry up, my boy, or

we poets will have produced such a devilish lot that even your

_Integral_ will be unable to lift the cargo. 'Every day from eight

to eleven' ..."" R- wagged his head and scratched the back of it. The back of his head is square; it looks like a little valise (I

recalled for some reason an ancient painting ""In the Cab""). ""You too are writing for the _Integral_? What did you write today, for instance?""



""Today I did not write; today I was busy with something else.""

""B-b-busy"" sprinkled straight into my face. Well, if you insist I'll tell you. I was

busy with the Death Sentence. I was putting the Death Sentence into

verse. An idiot--and to be frank, one of our poets.... For two

years we all lived side by side with him and nothing seemed wrong.","Here’s an interpretation of the passage, aiming for 3-5 sentences and addressing meaning, themes, and significance:

This passage reveals a chillingly bureaucratic dystopia where art is strictly controlled and used as a tool of oppression by the “_Integral_.” The demand for “devilish” poetry and the interrogation about the “Death Sentence” – a poem explicitly designed to condemn an individual – highlights the regime’s manipulation of creativity to enforce conformity and punishment.  The speaker's evasiveness and the unsettling imagery of transforming death into verse underscores the loss of individual expression and the terrifying power of the state to dictate not just thought, but also the very act of creation.  Ultimately, the passage symbolizes the stifling of genuine emotion and the perversion of art into a weapon of surveillance and control. 


---

Would you like me to analyze another passage, or perhaps explore a specific aspect of this one in more detail (e.g., the symbolism of the ""valise"" or the significance of the ""Death Sentence"")?"
we_038,we,gemma,gemma3:4b,"Downstairs in the hall the controller sat at a small table,

constantly looking at her watch and recording the Numbers who were

leaving. well, I prefer not to give her Number,

for I fear I may not write kindly about her. Although, as a matter

of fact, she is a very respectable, mature woman. The only thing I

do not like in her is that her cheeks fold down a little like gills

of a fish (although I do not see anything wrong in this appearance). She scratched with her pen and I saw on the page ""D-503""--and

suddenly, splash! No sooner did I open my mouth to call

her attention to that, than she raised her head and blotted me with

an inky smile. ""There is a letter for you.","Here's an interpretation of the passage, aiming for 3-5 sentences and addressing meaning, themes, and significance:

This passage utilizes unsettling imagery to depict a chillingly bureaucratic and dehumanizing environment within the dystopian society. The Controller’s obsessive monitoring of “Numbers” and her peculiar physical description – likened to a fish’s gills – symbolizes the reduction of individuals to mere data points, devoid of humanity and personal identity.  Her deliberate act of blotting the narrator's observation reveals the regime’s control over thought and expression, highlighting the theme of surveillance and the suppression of dissent.  Ultimately, the passage powerfully suggests the novel’s core concern: the dangers of a system prioritizing order and efficiency above all else, even at the cost of individual dignity and truth."
we_039,we,gemma,gemma3:4b,"Then

slowly I floated from the bottom upward, and somewhere in the middle

of that course, I opened my eyes,--my room! The morning was still

green and motionless. A fragment of sunshine coming from the mirror

on my closet door shone into my eyes. This fragment does not permit

me to sleep, being thus an obstacle in the way of exactly fulfilling

the rules of the Tables which prescribe so many hours of sleep. I should have opened the closet but I felt as though I were in a

spider web, and cobweb covered my eyes; I had no power to sit up. Yet I got up and opened the closet door; suddenly, there behind that

door, making her way through the mass of garments which hung there,

was I-330!","Here’s an interpretation of the passage, aiming for 3-5 sentences and addressing meaning, themes, and significance:

This passage immediately establishes a sense of disorientation and control within a rigidly structured environment. The protagonist’s slow, almost dreamlike ascent from unconsciousness and the precise description of the “green and motionless” morning highlight the oppressive uniformity of their existence, reflecting a world stripped of natural spontaneity. The encounter with I-330, a figure revealed by a deliberate breach of the established sleep rules, underscores the themes of surveillance and the suppression of individual agency within this dystopian system. Ultimately, the passage suggests a burgeoning resistance—represented by the protagonist’s deliberate act—against the suffocating regulations designed to control every aspect of their lives. 

---

Would you like me to analyze another passage, or perhaps explore specific elements within this one in more detail (like the symbolism of the ""spider web"" or the significance of ""I-330"")?"
we_040,we,gemma,gemma3:4b,"All seemed one, humanized machine and mechanized humans. It was the most magnificent, the most stirring beauty, harmony,

music! And I descended and mingled

with them, fused with their mass, caught in the rhythm of steel and

glass. Their movements were measured, tense and round. Their cheeks

were colored with health, their mirror-like foreheads not clouded by

the insanity of thinking. I was floating upon a mirror-like sea. Suddenly one of them turned toward me his care-free

face. ""Well, better today?""



""What better?""



""You were not here yesterday. And we thought something serious....""

His forehead was shining; a childish and innocent smile. My blood rushed to my face. No, I could not lie, facing those eyes. I remained silent; I was drowning.... Above, the shiny round white

porcelain face appeared in the hatchway.","Here’s an interpretation of the passage, aiming for 3-5 sentences and addressing meaning, themes, and significance:

This passage depicts a chillingly sterile dystopian society where humanity has been reduced to a synchronized, almost robotic mass – “humanized machine and mechanized humans.” The beauty and harmony described ironically underscores the loss of individual thought and emotion, represented by the “insanity of thinking” absent from the citizens. The encounter with the seemingly innocent individual reveals a disconcerting control and surveillance, symbolized by his questioning about the narrator’s absence and the ominously present “porcelain face,” suggesting a system built on enforced conformity and the suppression of dissent. Ultimately, the passage highlights themes of control, the erosion of identity, and the terrifying potential of a perfectly ordered, yet deeply unsettling, future. 


---

Would you like me to analyze another passage, or perhaps explore a specific aspect of this one in more detail (e.g., the symbolism of the ""porcelain face"")?"
we_041,we,gemma,gemma3:4b,"It may be that in a

short while all this will disappear, that in an hour the pinkish

blood of the sun will be drained out, but in the meantime everything

is alive. And I see how something flows and pulsates in the sides of

the _Integral_; I see the _Integral_ _think_ of its great and lofty

future, of the heavy load of inevitable happiness which it is to

carry up there into the heights, to you, unseen ones, to you who

seek eternally and who never find. You must be happy, and you have now not very long to wait! The body of the _Integral_ is almost ready; it is an exquisite,

oblong ellipsoid, made of our glass, which is everlasting like

gold and flexible like steel.","Here’s an interpretation of the passage, aiming for 3-5 sentences and focusing on meaning, themes, and significance:

This passage depicts a chillingly sterile and artificial vision of the future, presented through the detached, almost clinical, perspective of the “Integral.” The imagery of “pinkish blood of the sun” draining away suggests a fading of natural beauty and vitality, while the “Integral’s” obsession with “inevitable happiness” reveals a controlling, manipulative force imposing a manufactured contentment.  The creation of the “exquisite, oblong ellipsoid” represents a hollow, manufactured utopia – a gilded cage designed to trap and pacify the “unseen ones.” Ultimately, the passage highlights themes of control, artificiality, and the potential loss of genuine human experience within a dystopian framework, suggesting a future devoid of authentic fulfillment. 

---

Would you like me to analyze another passage, or perhaps delve deeper into this one's specific elements (like the symbolism of the Integral)?"
we_042,we,gemma,gemma3:4b,"I was in a state of temporary death. This state was known to the

ancients, but as far as I am informed it is unknown to us. I have

no conception of how long I was dead, probably not longer than five

or ten seconds, but after awhile I arose from the dead and opened

my eyes. But I felt I was falling down--down--down. I

stretched out my hand to attach myself to something but the rough

wall scratched my fingers; it was running away from me, upward. I

felt blood on my fingers. It was clear that all this was not merely

a play of my sick imagination. I heard my own frequent, trembling breaths. (I am not ashamed to

confess this, it was all unexpected and incomprehensible.) A minute,

two, three passed; I was still going down.","Here’s an interpretation of the passage, aiming for 3-5 sentences and addressing meaning, themes, and significance:

This unsettling passage depicts a terrifying experience of near-death, utilizing the archaic concept of “temporary death” to highlight the protagonist’s disconnection from reality and the unsettling nature of the dystopian world. The sensation of falling “down” and the instinctive grasping for a wall suggest a loss of control and grounding, symbolizing the protagonist’s disorientation within a system that strips individuals of agency.  The physical details – the blood, the trembling breaths – emphasize the visceral, horrifying truth of this experience, suggesting a profound violation of the self and raising questions about the nature of existence within this oppressive environment. Ultimately, the passage’s ambiguity and the protagonist’s inability to comprehend the event underscore the novel's likely themes of psychological manipulation and the erosion of individual identity."
we_043,we,gemma,gemma3:4b,"Did you ever

think it was possible? They are busy hunting us _there_,--let them! You are delirious!""



Her smile was light and cheerful and I too, was smiling; the earth

was drunken, cheerful, light, floating.... RECORD TWENTY-EIGHT



  Both of Them

  Entropy and Energy

  The Opaque Part of the Body





If your world is similar to the world of the ancients, then you may

easily imagine that one day you suddenly come upon a sixth or a

seventh continent, upon some Atlantis, and you find there unheard

of cities, labyrinths, people flying through the air without the

aid of wings or aeros, stones lifted into the air by the power of

a gaze,--in brief, imagine that you see things that cannot come to

your mind even if you suffer from dream-sickness. That is how I feel

now.","Here’s an interpretation of the passage, aiming for 3-5 sentences and addressing meaning, themes, and significance:

This passage plunges the reader into a state of profound disorientation and disbelief, reflecting the unsettling nature of the dystopian reality. The speaker’s frantic exclamation – “They are busy hunting us _there_!” – coupled with the surreal imagery of a “drunken, cheerful, light” earth, suggests a world irrevocably altered, potentially beyond comprehension. The reference to ancient myths and lost continents, like Atlantis, emphasizes a loss of familiar reality and introduces the theme of impossible knowledge, hinting at a world where the laws of physics and logic no longer apply.  Ultimately, the passage is significant because it establishes the protagonist’s alienation and vulnerability within a landscape of madness and distorted perception, signaling a descent into the novel’s core anxieties about control, memory, and the nature of truth."
we_044,we,gemma,gemma3:4b,"By the way, I just thought of that Number whom I met yesterday,

the double-curved one like the letter S; I think I have seen him

several times coming out of the Bureau of the Guardians. Now I

understand why I felt such an instinctive respect for him and a

kind of awkwardness when that strange I-330 at his side.... I must

confess that, that I-- ... they ring the bell, time to sleep, it is

twenty-two-thirty. RECORD FOUR



  The Wild Man with a Barometer

  Epilepsy

  If





Until today everything in life seemed to me clear (that is why, I

think, I always had a sort of partiality toward the word ""clear""),

but today ... First, I really was assigned

to auditorium 112 as she said, although the probability was as

500:10,000,000 or 1:20,000. (500 is the number of auditoriums and

there are 10,000,000 Numbers.) And second ...","Here's an interpretation of the passage, aiming for 3-5 sentences and addressing meaning, themes, and significance:

This passage establishes a deeply unsettling and fragmented reality within a rigidly controlled dystopian society. The introduction of the ""double-curved one,"" a figure associated with the oppressive Bureau of the Guardians, immediately introduces an element of hidden authority and potentially illicit activity. The narrator's conflicting emotions – respect and awkwardness – suggest a recognition of a power structure beyond simple obedience, while the jarring shift to the “Wild Man with a Barometer” and the sterile, numerical details of his assignment highlight the dehumanization and control inherent in this system. Ultimately, the passage foreshadows a disruption of the narrator’s previously “clear” understanding of their world, driven by the unsettling realities of this surveillance state. 


---

Would you like me to analyze another passage, or perhaps delve deeper into specific aspects of this one?"
we_045,we,gemma,gemma3:4b,"[1] This word came down to us for use only as a poetic form, for the

chemical constitution of this substance is unknown to us. Accordingly the 0.2 which survived, have enjoyed the greatest

happiness in the bosom of the United State. But is it not clear that

supreme bliss and envy are only the numerator and the denominator

respectively, of the same fraction, happiness? What sense would the

innumerable sacrifices of the Two Hundred Years' War have for us

if a reason were left in our life for jealousy? Yet such a reason

persisted because there remained button-like noses and classical

noses (_Cf_: our conversation during the promenade). For there were

some whose love was sought by everyone and others whose love was

sought by no one.","Here’s an interpretation of the passage, aiming for 3-5 sentences and addressing meaning, themes, and significance:

This passage from *Brave New World* presents a chillingly cynical view of happiness within the rigidly controlled society. The “0.2” who experience “supreme bliss” are merely a manufactured illusion, built upon the suppression of genuine emotion and envy – a deliberate tactic to maintain order.  The reference to the Two Hundred Years’ War underscores the sacrifice of individual purpose and passion for a shallow, manufactured happiness, highlighting the novel’s core theme of societal control through engineered desires. Ultimately, the lingering obsession with physical “buttons-like noses” demonstrates that even within this perfected world, the desire for difference and the potential for irrational human longing remain, exposing the fundamental flaws of the system. 


---

Would you like me to analyze another passage, or perhaps delve deeper into this one with a particular focus (e.g., a specific literary device or thematic element)?"
we_046,we,gemma,gemma3:4b,"Therefore I must point out now that sad as it may be, the process

of hardening and crystallization of life has evidently not been

completed even here in our State. A few steps remain to be made

before we reach the ideal. The ideal (it's clear), is to be found

where nothing _happens_, but here.... I will give you an example: in

the State paper I read that in two days the holiday of Justice will

be celebrated on the Plaza of the Cube. This means that again some

Number has impeded the smooth run of the great State machine. Again

something that was not foreseen, or forecalculated _happened_. True, it occurred during the

personal hour, that is during the time specifically assigned to

unforeseen circumstances, yet.... At about sixteen (to be exact, ten minutes to sixteen), I was at

home. Suddenly the telephone: ""D-503?""--a woman's voice.","Here’s an interpretation of the passage, aiming for 3-5 sentences and addressing its meaning, themes, and significance:

This passage reveals the profound unease and fragility within the seemingly perfect, rigidly controlled State. The repeated emphasis on “steps remaining” and the “ideal” suggests a fundamental inability to achieve genuine stability, hinting at a system perpetually striving for an unattainable, sterile order. The intrusion of a personal phone call – a completely unplanned event – directly disrupts the State’s meticulously calculated flow, exposing its vulnerability and the unsettling reality that even designated ‘unforeseen circumstances’ can’t be truly controlled. Ultimately, the scene underscores the novel’s core themes of surveillance, the suppression of individual experience, and the terrifying potential for a system built on absolute control to unravel at the slightest disruption. 


---

Would you like me to analyze another passage or perhaps delve deeper into this one’s implications?"
we_047,we,gemma,gemma3:4b,"But as we entered, R- moved

one chair out of place, then another,--the room became confused,

everything lost the established order and seemed to violate every

rule of Euclid's geometry. R- remained the same as before; in Taylor

and in mathematics he always lagged at the tail of the class. We recalled Plappa, how we boys used to paste the whole surface

of his glass legs with paper notes expressing our thanks (we all

loved Plappa). We recalled our priest (it goes without saying that

we were taught not the ""law"" of ancient religion but the law of

the United State). Our priest had a very powerful voice; a real

hurricane would come out of the megaphone. And we children would

yell the prescribed texts after him with all our lung-power.","Here’s an interpretation of the passage, aiming for 3-5 sentences and addressing meaning, themes, and significance:

This passage establishes a chilling sense of control and manipulation through the subtly unsettling act of R- rearranging the room, symbolizing the disruption of established order and the imposition of a rigid, unnatural world. The meticulous detail – referencing Euclid’s geometry and R-'s inherent inability to grasp it – highlights the systematic dismantling of individual thought and genuine understanding within this dystopian society. The evocative flashbacks to Plappa and the priest, marked by forced displays of gratitude and unquestioning repetition, underscore the complete eradication of personal connection, genuine belief, and even basic human compassion, ultimately revealing a society built on enforced conformity and psychological control.  The passage’s evocative imagery powerfully communicates the loss of autonomy and the terrifying homogenization of experience."
we_048,we,gemma,gemma3:4b,"This is that

divine justice of which those stone-housed ancients dreamed, lit by

the naive pink rays of the dawn of history. Their ""God"" punished

sacrilege as a capital crime. You Uranians, morose and as black as the ancient Spaniards, who

were wise in knowing so well how to burn at the stake, you are

silent; I think you agree with me. But I hear you, pink Venerians,

saying something about ""tortures, executions, return to barbarism.""

My dear Venerians, I pity you! You are incapable of philosophical,

mathematical thinking. Human history moves upward in circles,

like an aero. The circles are at times golden, sometimes they are

bloody, but all have 360 degrees. They go from 0° to 10°, 20°, 200°,

360°,--and then again 0°. Yes, we have returned to zero.","Here's an interpretation of the passage, aiming for 3-5 sentences and addressing its meaning, themes, and significance:

This passage presents a chilling justification for a totalitarian regime, asserting that its actions represent a perfected form of justice – a cyclical return to a foundational “zero” – echoing the brutal methods of a supposedly “ancient” civilization. The speaker, clearly a leader within this society, uses the imagery of “golden” and “bloody” circles to suggest a deterministic view of history, implying that all societal progress inevitably leads back to destructive repetition.  The dismissive attitude toward the “Venerians” highlights a core theme of intellectual superiority and the suppression of dissenting voices, while the entire argument serves to legitimize violence and control through a distorted understanding of historical cycles. Ultimately, the passage is a stark critique of rigid ideologies and the dangers of believing in a predetermined, often brutal, path for humanity. 


---

Would you like me to analyze another passage, or perhaps delve deeper into the interpretation of this one?"
we_049,we,gemma,gemma3:4b,"And I see how there in the height, in the

purest rarified air, my judgment about the only ""right"" bursts with

a crack, like a pneumatic tire. I see clearly that only an atavism,

the absurd superstition of the ancients, gives me this idea of

""right.""



There are ideas of clay and ideas moulded of gold, or of our

precious glass. In order to know the material of which an idea is

made, one needs only to let fall upon it a drop of strong acid. One of these acids was known to the ancients under the name of

_reductio ad absurdum_. This was the name of it, I think. But they

were afraid of this poison; they preferred to believe that they saw

_heaven_, even though it was a toy made of clay, rather than confess

to themselves that it was only a blue nothing.","Here's an interpretation of the passage, aiming for 3-5 sentences and addressing meaning, themes, and significance:

This passage reveals a profound disillusionment with established notions of “right,” portraying it as a fragile, outdated superstition rooted in ancient beliefs. The metaphor of the bursting pneumatic tire signifies the shattering of a long-held conviction under the harsh light of reason – specifically, through the logical method of *reductio ad absurdum*. The comparison to clay, gold, and glass illustrates how all ideals are ultimately material and subject to scrutiny, and the ancients’ fear represents a preference for comforting illusion over uncomfortable truth.  Ultimately, the passage highlights the novel's likely exploration of themes of societal control, the dangers of blind faith, and the struggle to find authentic understanding in a potentially fabricated reality. 


---

Would you like me to analyze another passage, or perhaps explore any particular aspect of this interpretation in more detail?"
