passage_id,book,model_key,model_name,source_passage,interpretation
1984_000,1984,qwen,qwen2.5:14b,"About twenty or thirty of them a week were falling on London at present. Down in the street the wind flapped the torn poster to and fro, and the word INGSOC fitfully appeared and vanished. Newspeak, doublethink, the mutability of the past. He felt as though he were wandering in the forests of the sea bottom, lost in a monstrous world where he himself was the monster. The past was dead, the future was unimaginable. What certainty had he that a single human creature now living was on his side? And what way of knowing that the dominion of the Party would not endure FOR EVER? Like an answer, the three slogans on the white face of the Ministry of Truth came back to him: WAR IS PEACE FREEDOM IS SLAVERY IGNORANCE IS STRENGTH He took a twenty-five cent piece out of his pocket.","This passage from a dystopian novel captures the overwhelming sense of despair and loss of identity experienced by an individual under totalitarian rule. The imagery of posters flapping in the wind, displaying propaganda such as ""INGSOC"" (English Socialism), reflects the constant presence of manipulated language and thought control that characterizes the oppressive regime. This environment engenders a pervasive uncertainty about truth and loyalty, with phrases like ""the mutability of the past"" highlighting how history is altered to serve current political agendas. The three contradictory slogans on the Ministry of Truth—""War is Peace, Freedom is Slavery, Ignorance is Strength""—symbolize the regime's manipulation of reality through Newspeak and doublethink, illustrating the theme that truth and individual freedom are sacrificed for absolute power."
1984_001,1984,qwen,qwen2.5:14b,"In the better light of the living-room he noticed with interest that there actually was dust in the creases of her face. ‘They do get so noisy,’ she said. ‘They’re disappointed because they couldn’t go to see the hanging, that’s what it is. I’m too busy to take them. and Tom won’t be back from work in time.’ ‘Why can’t we go and see the hanging?’ roared the boy in his huge voice. Want to see the hanging!’ chanted the little girl, still capering round. Some Eurasian prisoners, guilty of war crimes, were to be hanged in the Park that evening, Winston remembered. This happened about once a month, and was a popular spectacle. Children always clamoured to be taken to see it. He took his leave of Mrs Parsons and made for the door.","This passage from a dystopian novel highlights several disturbing themes central to totalitarian societies, where propaganda and control over public sentiment are paramount. The dust in Mrs. Parsons' face symbolizes both neglect and her complicity in the oppressive regime; she prioritizes attending to superficial cleanliness over addressing her children's genuine curiosity about state-sanctioned executions. This reflects a society where normalcy is maintained through public acceptance of grotesque spectacles as entertainment, indicating a populace conditioned to view violence and punishment without questioning their moral implications. The children's enthusiasm for watching the hanging underscores the successful indoctrination by authorities, while Winston's detached recall suggests his alienation from societal norms and burgeoning dissent against state-sanctioned cruelty."
1984_002,1984,qwen,qwen2.5:14b,"He could guess, however, that the book was much older than that. He had seen it lying in the window of a frowsy little junk-shop in a slummy quarter of the town (just what quarter he did not now remember) and had been stricken immediately by an overwhelming desire to possess it. Party members were supposed not to go into ordinary shops (‘dealing on the free market’, it was called), but the rule was not strictly kept, because there were various things, such as shoelaces and razor blades, which it was impossible to get hold of in any other way. He had given a quick glance up and down the street and then had slipped inside and bought the book for two dollars fifty. At the time he was not conscious of wanting it for any particular purpose. He had carried it guiltily home in his briefcase.","This passage from a dystopian novel highlights themes of forbidden desire and the suppression of individuality. The protagonist's act of purchasing an old book covertly, despite official discouragement against engaging with ordinary marketplaces (""dealing on the free market""), underscores the regime's control over citizens' access to information and cultural artifacts that might challenge its ideology. By acquiring this book anonymously and keeping it hidden, the character demonstrates a subversive longing for knowledge and freedom of thought, which is at odds with the oppressive societal norms dictated by the Party. This act suggests a rebellion against the constraints imposed on personal expression and intellectual autonomy within the dystopian society."
1984_003,1984,qwen,qwen2.5:14b,"Before the Revolution they had been hideously oppressed by the capitalists, they had been starved and flogged, women had been forced to work in the coal mines (women still did work in the coal mines, as a matter of fact), children had been sold into the factories at the age of six. But simultaneously, true to the Principles of doublethink, the Party taught that the proles were natural inferiors who must be kept in subjection, like animals, by the application of a few simple rules. In reality very little was known about the proles. It was not necessary to know much. So long as they continued to work and breed, their other activities were without importance. Left to themselves, like cattle turned loose upon the plains of Argentina, they had reverted to a style of life that appeared to be natural to them, a sort of ancestral pattern.","This passage from a dystopian novel illustrates the paradoxical relationship between an oppressive regime and its oppressed citizens. The government justifies its control by maintaining the narrative that the working class (referred to as ""proles"") were previously victimized under capitalist rule, yet simultaneously dehumanizes them by portraying them as inferior beings who must be managed like animals through a set of rigid rules. This dual messaging—both exploiting historical oppression and current ignorance about prole life—highlights themes of propaganda, manipulation, and the devaluation of human dignity in a totalitarian society. The significance lies in its critique of how power structures maintain control by shaping public perception and suppressing understanding of those they oppress."
1984_004,1984,qwen,qwen2.5:14b,"He did not see that the continuity of an oligarchy need not be physical, nor did he pause to reflect that hereditary aristocracies have always been shortlived, whereas adoptive organizations such as the Catholic Church have sometimes lasted for hundreds or thousands of years. The essence of oligarchical rule is not father-to-son inheritance, but the persistence of a certain world-view and a certain way of life, imposed by the dead upon the living. A ruling group is a ruling group so long as it can nominate its successors. The Party is not concerned with perpetuating its blood but with perpetuating itself. WHO wields power is not important, provided that the hierarchical structure remains always the same. All the beliefs, habits, tastes, emotions, mental attitudes that characterize our time are really designed to sustain the mystique of the Party and prevent the true nature of present-day society from being perceived.","This passage from a dystopian novel delves into the concept of power and control in a totalitarian regime. The author suggests that an oligarchy can maintain its dominance not through biological succession but by perpetuating a specific worldview and lifestyle, ensuring that those in power can shape who will succeed them ideologically rather than genetically. This highlights how the Party's real strength lies in controlling society’s perceptions and beliefs to sustain its authority indefinitely, emphasizing the theme of ideological control over physical lineage as crucial for maintaining political dominance. The passage underscores the significance of manipulating public consciousness to obscure the true nature of governance and maintain power structures without regard for individual leaders."
1984_005,1984,qwen,qwen2.5:14b,"She believed, for instance, having learnt it at school, that the Party had invented aeroplanes. (In his own schooldays, Winston remembered, in the late fifties, it was only the helicopter that the Party claimed to have invented; a dozen years later, when Julia was at school, it was already claiming the aeroplane; one generation more, and it would be claiming the steam engine.) And when he told her that aeroplanes had been in existence before he was born and long before the Revolution, the fact struck her as totally uninteresting. After all, what did it matter who had invented aeroplanes? It was rather more of a shock to him when he discovered from some chance remark that she did not remember that Oceania, four years ago, had been at war with Eastasia and at peace with Eurasia.","This passage illustrates the extent of historical revisionism employed by the totalitarian regime in George Orwell's dystopian novel ""1984."" The Party's ability to alter public memory and history is exemplified through Julia's lack of knowledge about aeroplanes predating the Party's existence, revealing how deeply ingrained propaganda has become. Moreover, her confusion regarding Oceania’s shifting alliances underscores the regime’s manipulation of collective consciousness to suit its political objectives, emphasizing themes of control, indoctrination, and the malleability of truth. This excerpt highlights the broader theme that in a totalitarian society, individual memory and historical facts are subjugated to the authority's narrative, reinforcing the power dynamics between oppressor and oppressed."
1984_006,1984,qwen,qwen2.5:14b,"The frightening thing, he reflected for the ten thousandth time as he forced his shoulders painfully backward (with hands on hips, they were gyrating their bodies from the waist, an exercise that was supposed to be good for the back muscles)— the frightening thing was that it might all be true. If the Party could thrust its hand into the past and say of this or that event, IT NEVER HAPPENED— that, surely, was more terrifying than mere torture and death? The Party said that Oceania had never been in alliance with Eurasia. He, Winston Smith, knew that Oceania had been in alliance with Eurasia as short a time as four years ago. But where did that knowledge exist? Only in his own consciousness, which in any case must soon be annihilated.","This passage from the novel explores the chilling concept of historical revisionism and its profound psychological impact on individuals living under totalitarian regimes. The protagonist, Winston Smith, grapples with the reality that the Party has the power to alter history, effectively erasing events that are inconvenient for their narrative control. This manipulation is far more sinister than physical torture because it undermines truth itself, leaving individuals isolated in their own memories as they face the relentless efforts of the regime to rewrite and obliterate historical facts. The significance lies in the exploration of how absolute power over information can lead to a collective loss of individual identity and resistance against oppressive authority."
1984_007,1984,qwen,qwen2.5:14b,"But in the same moment, drawing a deep sigh of relief from everybody, the hostile figure melted into the face of Big Brother, black-haired, black-moustachio’d, full of power and mysterious calm, and so vast that it almost filled up the screen. Nobody heard what Big Brother was saying. It was merely a few words of encouragement, the sort of words that are uttered in the din of battle, not distinguishable individually but restoring confidence by the fact of being spoken. Then the face of Big Brother faded away again, and instead the three slogans of the Party stood out in bold capitals: WAR IS PEACE FREEDOM IS SLAVERY IGNORANCE IS STRENGTH But the face of Big Brother seemed to persist for several seconds on the screen, as though the impact that it had made on everyone’s eyeballs was too vivid to wear off immediately.","This passage from a dystopian novel vividly illustrates the pervasive control exerted by the authoritarian regime through its omnipresent figure of Big Brother. The description highlights how this authority instills both fear and compliance, as the people draw relief upon seeing Big Brother's face, indicating their acceptance of his power. The slogans ""WAR IS PEACE FREEDOM IS SLAVERY IGNORANCE IS STRENGTH"" encapsulate the regime’s manipulation of truth, where reality is inverted to serve the state's ideological ends. This scene underscores themes of propaganda, psychological oppression, and the blurring of reality in a totalitarian society, emphasizing the significance of language and imagery as tools for maintaining control over the populace."
1984_008,1984,qwen,qwen2.5:14b,"‘I wanted to ask you whether you’d got any razor blades,’ he said. ‘Not one!’ said Winston with a sort of guilty haste. ‘I’ve tried all over the place. They don’t exist any longer.’ Everyone kept asking you for razor blades. Actually he had two unused ones which he was hoarding up. There had been a famine of them for months past. At any given moment there was some necessary article which the Party shops were unable to supply. Sometimes it was buttons, sometimes it was darning wool, sometimes it was shoelaces; at present it was razor blades. You could only get hold of them, if at all, by scrounging more or less furtively on the ‘free’ market. ‘I’ve been using the same blade for six weeks,’ he added untruthfully. The queue gave another jerk forward. As they halted he turned and faced Syme again.","This passage from a dystopian novel reveals the scarcity of everyday essentials in a totalitarian society, highlighting themes of deprivation and control. The protagonist's secretive hoarding of razor blades underscores the precariousness of daily life under oppressive rule, where citizens must engage in illicit trading to meet basic needs that should be readily available. This scarcity serves as a subtle form of social control, emphasizing the omnipotence of the regime and its ability to manipulate basic necessities, thereby undermining individual autonomy and reinforcing submission to authority."
1984_009,1984,qwen,qwen2.5:14b,"You know perfectly well what is the matter with you. You have known it for years, though you have fought against the knowledge. You suffer from a defective memory. You are unable to remember real events and you persuade yourself that you remember other events which never happened. You have never cured yourself of it, because you did not choose to. There was a small effort of the will that you were not ready to make. Even now, I am well aware, you are clinging to your disease under the impression that it is a virtue. Now we will take an example. At this moment, which power is Oceania at war with?’ ‘When I was arrested, Oceania was at war with Eastasia.’ ‘With Eastasia. And Oceania has always been at war with Eastasia, has it not?’ Winston drew in his breath.","This passage from a dystopian novel delves into the theme of propaganda and state control over individual memory and perception. The dialogue highlights how the protagonist, Winston, is being confronted about a conflicting truth—his personal recollection versus the official narrative dictated by the regime. This exchange underscores the totalitarian nature of Oceania's government, which manipulates historical records to suit its political agenda, effectively erasing past events that do not align with its current objectives. The significance lies in exposing how individuals can be coerced into accepting a fabricated reality, sacrificing their personal memories and critical thinking for the sake of conformity and survival under oppressive rule."
1984_010,1984,qwen,qwen2.5:14b,"It was dangerous, but it was not a life-and-death matter. To be caught with a prostitute might mean five years in a forced-labour camp: not more, if you had committed no other offence. And it was easy enough, provided that you could avoid being caught in the act. The poorer quarters swarmed with women who were ready to sell themselves. Some could even be purchased for a bottle of gin, which the proles were not supposed to drink. Tacitly the Party was even inclined to encourage prostitution, as an outlet for instincts which could not be altogether suppressed. Mere debauchery did not matter very much, so long as it was furtive and joyless and only involved the women of a submerged and despised class. The unforgivable crime was promiscuity between Party members.","This passage from a dystopian novel illustrates the oppressive societal norms under which the characters live. It highlights the stark inequality and moral hypocrisy within the society, where prostitution is tacitly accepted but regulated to maintain control over its citizens. The Party's condoning of debauchery among the lower class (referred to as proles) while prohibiting it among higher-ranking members reflects a broader theme of social stratification and manipulation of morality for political control. This excerpt underscores the novel's critique of totalitarianism, where personal freedoms are severely curtailed to serve the interests of those in power, revealing the dehumanizing nature of such regimes."
1984_011,1984,qwen,qwen2.5:14b,"The Brotherhood, its name was supposed to be. There were also whispered stories of a terrible book, a compendium of all the heresies, of which Goldstein was the author and which circulated clandestinely here and there. It was a book without a title. People referred to it, if at all, simply as THE BOOK. But one knew of such things only through vague rumours. Neither the Brotherhood nor THE BOOK was a subject that any ordinary Party member would mention if there was a way of avoiding it. In its second minute the Hate rose to a frenzy. People were leaping up and down in their places and shouting at the tops of their voices in an effort to drown the maddening bleating voice that came from the screen. The little sandy-haired woman had turned bright pink, and her mouth was opening and shutting like that of a landed fish.","The passage delves into the oppressive nature of totalitarian control within a dystopian society where freedom of thought is severely restricted. It introduces ""The Brotherhood,"" a secretive resistance movement against the authoritarian regime, alongside ""THE BOOK,"" an underground text that challenges the ideological foundations upheld by the Party. The description of the public display of hatred further underscores the manipulation and emotional coercion used to maintain power, revealing how the regime suppresses dissent through fear and spectacle. This excerpt highlights themes of surveillance, censorship, and the loss of individual autonomy under a totalitarian government, emphasizing the novel's critique on the dangers of unchecked authority and its impact on society's moral fabric."
1984_012,1984,qwen,qwen2.5:14b,"The effect would be much the same if the three super-states, instead of fighting one another, should agree to live in perpetual peace, each inviolate within its own boundaries. For in that case each would still be a self-contained universe, freed for ever from the sobering influence of external danger. A peace that was truly permanent would be the same as a permanent war. This — although the vast majority of Party members understand it only in a shallower sense — is the inner meaning of the Party slogan: WAR IS PEACE. Winston stopped reading for a moment. Somewhere in remote distance a rocket bomb thundered. The blissful feeling of being alone with the forbidden book, in a room with no telescreen, had not worn off.","This passage delves into the intricate psychological and societal manipulation employed by the oppressive regime depicted in the novel. It suggests that perpetual peace among super-states would actually lead to increased internal oppression within each state, as external threats serve to keep citizens vigilant and obedient. The slogan ""WAR IS PEACE"" encapsulates this paradox, highlighting how the regime uses conflict both externally and internally (through propaganda and surveillance) to maintain control over its populace. This interpretation underscores themes of totalitarianism, manipulation of truth, and the subjugation of individual thought for state dominance."
1984_013,1984,qwen,qwen2.5:14b,"For a moment the lids flitted down over his eyes. He began asking his questions in a low, expressionless voice, as though this were a routine, a sort of catechism, most of whose answers were known to him already. ‘You are prepared to give your lives?’ ‘Yes.’ ‘You are prepared to commit murder?’ ‘Yes.’ ‘To commit acts of sabotage which may cause the death of hundreds of innocent people?’ ‘Yes.’ ‘To betray your country to foreign powers?’ ‘Yes.’ ‘You are prepared to cheat, to forge, to blackmail, to corrupt the minds of children, to distribute habit-forming drugs, to encourage prostitution, to disseminate venereal diseases — to do anything which is likely to cause demoralization and weaken the power of the Party?’ ‘Yes.’ ‘If, for example, it would somehow serve our interests to throw sulphuric acid in a child’s face — are you prepared to do that?’ ‘Yes.’ ‘You are prepared to lose your identity and live out the rest of your life as a waiter or a dock-worker?’ ‘Yes.’ ‘You are prepared to commit suicide, if and when we order you to do so?’ ‘Yes.’ ‘You are prepared, the two of you, to separate and never see one another again?’ ‘No!’ broke in Julia.","This passage from a dystopian novel highlights the extreme manipulation and control exerted by an authoritarian regime over its citizens. The interrogator’s relentless questioning forces the subjects to confront their moral limits and align with the state's objectives, even if it means committing heinous acts or sacrificing personal values. Julia's single refusal in the face of otherwise compliant agreement underscores the human desire for autonomy and intimacy, making her stand a poignant critique against totalitarianism's erosion of individuality and humanity."
1984_014,1984,qwen,qwen2.5:14b,"You didn’t honestly think that?’ ‘Well, perhaps not exactly that. But from your general appearance — merely because you’re young and fresh and healthy, you understand — I thought that probably ——’ ‘You thought I was a good Party member. Banners, processions, slogans, games, community hikes all that stuff. And you thought that if I had a quarter of a chance I’d denounce you as a thought-criminal and get you killed off?’ ‘Yes, something of that kind. A great many young girls are like that, you know.’ ‘It’s this bloody thing that does it,’ she said, ripping off the scarlet sash of the Junior Anti-Sex League and flinging it on to a bough. Then, as though touching her waist had reminded her of something, she felt in the pocket of her overalls and produced a small slab of chocolate.","This passage from a dystopian novel highlights the themes of societal control and individual rebellion. The dialogue reveals that characters are perceived based on their outward appearance and adherence to Party norms, such as participation in community activities and displays of ideological zeal. However, the protagonist's action of tearing off her Junior Anti-Sex League sash and producing chocolate—both symbols of Party doctrine and forbidden indulgence—suggests a deeper sense of personal rebellion against these oppressive societal expectations. This scene is significant for illustrating the tension between outward compliance and inner dissent in a totalitarian regime."
1984_015,1984,qwen,qwen2.5:14b,"He tried to think of O’Brien, for whom, or to whom, the diary was written, but instead he began thinking of the things that would happen to him after the Thought Police took him away. It would not matter if they killed you at once. To be killed was what you expected. But before death (nobody spoke of such things, yet everybody knew of them) there was the routine of confession that had to be gone through: the grovelling on the floor and screaming for mercy, the crack of broken bones, the smashed teeth and bloody clots of hair. Why did you have to endure it, since the end was always the same? Why was it not possible to cut a few days or weeks out of your life? Nobody ever escaped detection, and nobody ever failed to confess.","This passage from a dystopian novel delves into the psychological torment and societal control within an oppressive regime. The protagonist's contemplation on writing a diary reveals his awareness of surveillance and the inevitability of capture by the Thought Police. The themes of fear, despair, and the futility of resistance are prominently highlighted through the vivid imagery of torture and inevitable confession. The passage underscores the novel’s critique of totalitarianism, illustrating how such regimes dismantle individual autonomy and psychological integrity, ensuring that any form of dissent is met with unimaginable punishment, thereby maintaining absolute control over their subjects."
1984_016,1984,qwen,qwen2.5:14b,"Here were produced rubbishy newspapers containing almost nothing except sport, crime and astrology, sensational five-cent novelettes, films oozing with sex, and sentimental songs which were composed entirely by mechanical means on a special kind of kaleidoscope known as a versificator. There was even a whole sub-section — Pornosec, it was called in Newspeak — engaged in producing the lowest kind of pornography, which was sent out in sealed packets and which no Party member, other than those who worked on it, was permitted to look at. Three messages had slid out of the pneumatic tube while Winston was working, but they were simple matters, and he had disposed of them before the Two Minutes Hate interrupted him.","This passage from a dystopian novel highlights a society where the production of media is entirely controlled to manipulate and distract the populace. The description of newspapers, films, and music as trivial and sexually charged suggests an environment designed to suppress intellectual engagement and critical thinking. The mention of Pornosec, reserved for pornography accessible only to those who produce it, underscores the government's totalitarian control over information and personal freedoms. Overall, this excerpt emphasizes themes of societal manipulation, governmental oppression, and the use of media as a tool to maintain power and control over citizens' lives."
1984_017,1984,qwen,qwen2.5:14b,"With those children, he thought, that wretched woman must lead a life of terror. Another year, two years, and they would be watching her night and day for symptoms of unorthodoxy. Nearly all children nowadays were horrible. What was worst of all was that by means of such organizations as the Spies they were systematically turned into ungovernable little savages, and yet this produced in them no tendency whatever to rebel against the discipline of the Party. On the contrary, they adored the Party and everything connected with it. The songs, the processions, the banners, the hiking, the drilling with dummy rifles, the yelling of slogans, the worship of Big Brother — it was all a sort of glorious game to them. All their ferocity was turned outwards, against the enemies of the State, against foreigners, traitors, saboteurs, thought-criminals.","This passage from a dystopian novel highlights the oppressive nature of an authoritarian regime that manipulates even the youngest members of society. The author illustrates how children are indoctrinated into believing in and supporting the totalitarian system through organized groups like the Spies, despite their inherent rebelliousness. This manipulation results in fierce loyalty to the Party's ideology, even as it imposes strict control over all aspects of life, suggesting a society where critical thought is suppressed and dissent crushed from an early age. The significance lies in exposing how authoritarian regimes can perpetuate themselves by controlling education and socialization, ensuring that even the youngest citizens embrace their oppressive rule without question."
1984_018,1984,qwen,qwen2.5:14b,"To keep your face expressionless was not difficult, and even your breathing could be controlled, with an effort: but you could not control the beating of your heart, and the telescreen was quite delicate enough to pick it up. He let what he judged to be ten minutes go by, tormented all the while by the fear that some accident — a sudden draught blowing across his desk, for instance — would betray him. Then, without uncovering it again, he dropped the photograph into the memory hole, along with some other waste papers. Within another minute, perhaps, it would have crumbled into ashes. That was ten — eleven years ago. Today, probably, he would have kept that photograph.","This passage from a dystopian novel underscores the oppressive surveillance and control exerted by a totalitarian regime over its citizens' lives. The protagonist's act of destroying a personal photo while under constant threat of being monitored reveals the extent to which fear has eroded individual freedom and autonomy. By highlighting the tension between past emotional ties and present-day survival tactics, the text explores themes of memory suppression, the loss of personal identity, and the psychological toll of living in an omnipresent surveillance state."
1984_019,1984,qwen,qwen2.5:14b,"And all the while, lest one should be in any doubt as to the reality which Goldstein’s specious claptrap covered, behind his head on the telescreen there marched the endless columns of the Eurasian army — row after row of solid-looking men with expressionless Asiatic faces, who swam up to the surface of the screen and vanished, to be replaced by others exactly similar. The dull rhythmic tramp of the soldiers’ boots formed the background to Goldstein’s bleating voice. Before the Hate had proceeded for thirty seconds, uncontrollable exclamations of rage were breaking out from half the people in the room. The self-satisfied sheep-like face on the screen, and the terrifying power of the Eurasian army behind it, were too much to be borne: besides, the sight or even the thought of Goldstein produced fear and anger automatically.","This passage from a dystopian novel illustrates the oppressive nature of an authoritarian regime where individual thought is stifled by constant surveillance and propaganda. The telescreen serves as both a medium for disseminating state-controlled information and a tool for monitoring citizens, exemplified here with Goldstein’s message being broadcast alongside an intimidating display of military might. This combination creates a chilling environment that instills fear and anger, highlighting themes of totalitarian control, the manipulation of public opinion through relentless visual and auditory stimuli, and the suppression of dissent. The passage underscores how such regimes use technology to enforce conformity and maintain power by overwhelming individuals with authoritative displays and disinformation."
1984_020,1984,qwen,qwen2.5:14b,"If you’re happy inside yourself, why should you get excited about Big Brother and the Three-Year Plans and the Two Minutes Hate and all the rest of their bloody rot?’ That was very true, he thought. There was a direct intimate connexion between chastity and political orthodoxy. For how could the fear, the hatred, and the lunatic credulity which the Party needed in its members be kept at the right pitch, except by bottling down some powerful instinct and using it as a driving force? The sex impulse was dangerous to the Party, and the Party had turned it to account. They had played a similar trick with the instinct of parenthood. The family could not actually be abolished, and, indeed, people were encouraged to be fond of their children, in almost the old-fashioned way.","The passage reflects on the totalitarian regime's manipulation of human emotions and instincts for political control. It suggests that happiness derived from within oneself poses a threat to the oppressive state embodied by ""Big Brother,"" which relies on citizens' fear, hatred, and blind obedience to maintain its power. The regime harnesses sexual repression and familial ties as tools to channel otherwise uncontrollable desires into fervent support of the Party's agenda, illustrating how totalitarian systems exploit personal vulnerabilities for political ends. This excerpt underscores themes of psychological manipulation, the erosion of individual autonomy, and the paradoxical encouragement of certain human bonds while simultaneously undermining their true fulfillment."
1984_021,1984,qwen,qwen2.5:14b,"It was an enormous pyramidal structure of glittering white concrete, soaring up, terrace after terrace, 300 metres into the air. From where Winston stood it was just possible to read, picked out on its white face in elegant lettering, the three slogans of the Party: WAR IS PEACE FREEDOM IS SLAVERY IGNORANCE IS STRENGTH The Ministry of Truth contained, it was said, three thousand rooms above ground level, and corresponding ramifications below. Scattered about London there were just three other buildings of similar appearance and size. So completely did they dwarf the surrounding architecture that from the roof of Victory Mansions you could see all four of them simultaneously. They were the homes of the four Ministries between which the entire apparatus of government was divided. The Ministry of Truth, which concerned itself with news, entertainment, education, and the fine arts. The Ministry of Peace, which concerned itself with war.","This passage from a dystopian novel sets the scene for a society dominated by an oppressive regime that manipulates language and perception to maintain control over its citizens. The towering structure described is not only a physical monument but also symbolizes the totalitarian power of the Party, which has complete authority over information and truth. The paradoxical slogans inscribed on the building (""WAR IS PEACE,"" ""FREEDOM IS SLAVERY,"" ""IGNORANCE IS STRENGTH"") highlight the theme of doublespeak, where reality is deliberately twisted to serve the interests of those in power, blurring the lines between right and wrong, truth and falsehood. This interpretation underscores the novel's critique of authoritarianism and its ability to distort public understanding through propaganda and control over media and education."
1984_022,1984,qwen,qwen2.5:14b,"Two bloated women, one of them with her hair coming down, had got hold of the same saucepan and were trying to tear it out of one another’s hands. For a moment they were both tugging, and then the handle came off. And yet, just for a moment, what almost frightening power had sounded in that cry from only a few hundred throats! Why was it that they could never shout like that about anything that mattered? He wrote: Until they become conscious they will never rebel, and until after they have rebelled they cannot become conscious. That, he reflected, might almost have been a transcription from one of the Party textbooks. The Party claimed, of course, to have liberated the proles from bondage.","This passage highlights the dehumanizing conditions under which the working class (referred to as ""proles"") live in a dystopian society. The imagery of two women fighting over a saucepan symbolizes their desperate struggle for basic necessities, emphasizing the extent of their deprivation and disempowerment. Despite this, there is an underlying tension that suggests moments of collective consciousness might arise, albeit briefly and ineffectively channeled towards trivial matters rather than political change. The author's reflection on rebellion and consciousness underscores the oppressive nature of the regime, which seeks to keep the proles ignorant and thus controlled, while claiming to have freed them from servitude—a stark contradiction that reveals the regime’s manipulative tactics and the proles' potential for revolutionary awareness if they could overcome their current state of subjugation."
1984_023,1984,qwen,qwen2.5:14b,"What you do, I’m going to do. I’m rather good at staying alive.’ ‘We may be together for another six months — a year — there’s no knowing. At the end we’re certain to be apart. Do you realize how utterly alone we shall be? When once they get hold of us there will be nothing, literally nothing, that either of us can do for the other. If I confess, they’ll shoot you, and if I refuse to confess, they’ll shoot you just the same. Nothing that I can do or say, or stop myself from saying, will put off your death for as much as five minutes. Neither of us will even know whether the other is alive or dead. We shall be utterly without power of any kind.","This passage delves into the harrowing reality faced by characters in a dystopian society where individual actions have no significant impact on the fate of others, underscoring themes of isolation and hopelessness. The speaker expresses a profound sense of helplessness, highlighting the absolute control that an oppressive regime wields over its citizens' lives and deaths. This excerpt is crucial as it reveals the crushing inevitability of authoritarian rule, where moral choices lead to no tangible benefit or relief for anyone involved, emphasizing the bleak nature of resistance and survival in such a world."
1984_024,1984,qwen,qwen2.5:14b,"Even if it had been less dangerous, it would still have been difficult to find time to meet. Winston’s working week was sixty hours, Julia’s was even longer, and their free days varied according to the pressure of work and did not often coincide. Julia, in any case, seldom had an evening completely free. She spent an astonishing amount of time in attending lectures and demonstrations, distributing literature for the junior Anti-Sex League, preparing banners for Hate Week, making collections for the savings campaign, and such-like activities. It paid, she said, it was camouflage. If you kept the small rules, you could break the big ones. She even induced Winston to mortgage yet another of his evenings by enrolling himself for the part-time munition work which was done voluntarily by zealous Party members.","This passage from a dystopian novel highlights the oppressive nature of a totalitarian regime where citizens are relentlessly controlled through labor and surveillance, leaving little room for personal freedom or rebellion. The characters' lives are consumed by their grueling work schedules and obligatory participation in state-sponsored activities, which serve as both a distraction and a means to monitor dissent. Julia's strategy of conforming outwardly while secretly rebelling internally underscores the theme that resistance can only succeed through cunning deception and strict adherence to societal norms when observed, exemplifying the fine line between compliance and subversion in an authoritarian society."
1984_025,1984,qwen,qwen2.5:14b,"He said things that would have been better unsaid, he had read too many books, he frequented the Chestnut Tree Cafe, haunt of painters and musicians. There was no law, not even an unwritten law, against frequenting the Chestnut Tree Cafe, yet the place was somehow ill-omened. The old, discredited leaders of the Party had been used to gather there before they were finally purged. Goldstein himself, it was said, had sometimes been seen there, years and decades ago. Syme’s fate was not difficult to foresee. And yet it was a fact that if Syme grasped, even for three seconds, the nature of his, Winston’s, secret opinions, he would betray him instantly to the Thought Police. So would anybody else, for that matter: but Syme more than most. Something in the tone of his voice seemed to add, ‘that bloody fool’.","This passage from a dystopian novel reveals the oppressive nature of a totalitarian regime where free thought and expression are severely restricted. The mention of the Chestnut Tree Cafe as a gathering place for intellectuals and artists suggests a setting reminiscent of forbidden social interactions and intellectual gatherings that challenge the status quo. This cafe, however, carries an ominous connotation due to its historical association with purged leaders and dissidents, indicating surveillance and the pervasive fear that such places engender in a society where dissent is swiftly punished. The passage underscores the themes of betrayal, paranoia, and the precariousness of individual thought, highlighting how individuals like Syme, despite their intellectual inclinations, are complicit in maintaining societal control by betraying those who hold subversive thoughts to the Thought Police."
1984_026,1984,qwen,qwen2.5:14b,"What was needed was a piece of pure fantasy. Suddenly there sprang into his mind, ready made as it were, the image of a certain Comrade Ogilvy, who had recently died in battle, in heroic circumstances. There were occasions when Big Brother devoted his Order for the Day to commemorating some humble, rank-and-file Party member whose life and death he held up as an example worthy to be followed. Today he should commemorate Comrade Ogilvy. It was true that there was no such person as Comrade Ogilvy, but a few lines of print and a couple of faked photographs would soon bring him into existence.","This passage from the dystopian novel ""1984"" by George Orwell reveals the extent to which totalitarian control pervades society through manipulation and fabrication. The protagonist's contemplation on creating an entirely fictional figure, Comrade Ogilvy, underscores the regime’s ability to manufacture truth and manipulate historical records to serve political objectives. This highlights themes of authoritarianism, propaganda, and the erosion of individuality and personal truth in a world where reality is malleable according to the whims of those in power."
1984_027,1984,qwen,qwen2.5:14b,"The little sandy-haired woman gave a squeak of mingled fear and disgust. Goldstein was the renegade and backslider who once, long ago (how long ago, nobody quite remembered), had been one of the leading figures of the Party, almost on a level with Big Brother himself, and then had engaged in counter-revolutionary activities, had been condemned to death, and had mysteriously escaped and disappeared. The programmes of the Two Minutes Hate varied from day to day, but there was none in which Goldstein was not the principal figure. He was the primal traitor, the earliest defiler of the Party’s purity. All subsequent crimes against the Party, all treacheries, acts of sabotage, heresies, deviations, sprang directly out of his teaching.","This passage from a dystopian novel highlights the pervasive influence of propaganda and historical revisionism in shaping public perception within an authoritarian regime. The depiction of Goldstein as both a former high-ranking party figure turned traitor and a constant antagonist in daily hate sessions underscores the state’s need to construct enemies as justification for its oppressive measures. This narrative serves to instill fear, loyalty, and ideological conformity among citizens while also providing a scapegoat for any internal dissent or failures of the regime. The significance lies in how it illustrates the manipulation of history and the vilification of opposition to maintain power and control over society."
1984_028,1984,qwen,qwen2.5:14b,"A hideous ecstasy of fear and vindictiveness, a desire to kill, to torture, to smash faces in with a sledge-hammer, seemed to flow through the whole group of people like an electric current, turning one even against one’s will into a grimacing, screaming lunatic. And yet the rage that one felt was an abstract, undirected emotion which could be switched from one object to another like the flame of a blowlamp. Thus, at one moment Winston’s hatred was not turned against Goldstein at all, but, on the contrary, against Big Brother, the Party, and the Thought Police; and at such moments his heart went out to the lonely, derided heretic on the screen, sole guardian of truth and sanity in a world of lies.","This passage from a dystopian novel vividly captures the pervasive psychological manipulation and control exerted by an authoritarian regime over its citizens. The author illustrates how fear and hatred are deliberately circulated among people, effectively turning them into mindless agents capable of extreme violence against others. This theme highlights the regime's ability to direct these emotions at will, showcasing a society where individual thoughts and moral compasses have been completely subverted in favor of collective obedience and paranoia."
1984_029,1984,qwen,qwen2.5:14b,"He noticed that she never used Newspeak words except the ones that had passed into everyday use. She had never heard of the Brotherhood, and refused to believe in its existence. Any kind of organized revolt against the Party, which was bound to be a failure, struck her as stupid. The clever thing was to break the rules and stay alive all the same. He wondered vaguely how many others like her there might be in the younger generation people who had grown up in the world of the Revolution, knowing nothing else, accepting the Party as something unalterable, like the sky, not rebelling against its authority but simply evading it, as a rabbit dodges a dog. They did not discuss the possibility of getting married. It was too remote to be worth thinking about.","This passage from the dystopian novel appears to delve into themes of conformity and survival within an oppressive regime. The protagonist observes that while others might adhere strictly to societal norms imposed by the totalitarian Party, including the use of Newspeak (a language designed to limit free thought), this particular character subverts these constraints in a more subtle manner—by living day-to-day without questioning or rebelling outright against authority but rather finding loopholes for personal freedom. This evasive behavior suggests a widespread strategy among the younger generation for circumventing the Party's control, much like how one might avoid capture by a predator, indicating a form of passive resistance that challenges the regime’s ideological grip on society while also underscoring the futility and danger of overt rebellion."
1984_030,1984,qwen,qwen2.5:14b,"But one can imagine little knots of resistance springing up here and there — small groups of people banding themselves together, and gradually growing, and even leaving a few records behind, so that the next generations can carry on where we leave off.’ ‘I’m not interested in the next generation, dear. I’m interested in US.’ ‘You’re only a rebel from the waist downwards,’ he told her. She thought this brilliantly witty and flung her arms round him in delight. In the ramifications of party doctrine she had not the faintest interest. Whenever he began to talk of the principles of Ingsoc, doublethink, the mutability of the past, and the denial of objective reality, and to use Newspeak words, she became bored and confused and said that she never paid any attention to that kind of thing.","This passage from a dystopian novel portrays a stark contrast between ideological commitment and personal rebellion. The male character advocates for clandestine resistance against the oppressive regime, envisioning it as a legacy for future generations, whereas the female character dismisses his vision as irrelevant to her immediate desires. Her response, ""You’re only a rebel from the waist downwards,"" suggests that while she may outwardly conform, her personal and emotional life is marked by rebellion, indicating a disconnection between public adherence to oppressive societal norms and private dissent. The woman's dismissal of political doctrine and Newspeak highlights the regime’s futile efforts to control individual thought and emotion, emphasizing themes of resistance, the power of personal agency over ideological conformity, and the futility of totalitarian systems in truly shaping human consciousness."
1984_031,1984,qwen,qwen2.5:14b,"He was writing the diary for O’Brien — TO O’Brien: it was like an interminable letter which no one would ever read, but which was addressed to a particular person and took its colour from that fact. The Party told you to reject the evidence of your eyes and ears. It was their final, most essential command. His heart sank as he thought of the enormous power arrayed against him, the ease with which any Party intellectual would overthrow him in debate, the subtle arguments which he would not be able to understand, much less answer. And yet he was in the right! They were wrong and he was right. The obvious, the silly, and the true had got to be defended. Truisms are true, hold on to that! The solid world exists, its laws do not change.","This passage from a dystopian novel explores themes of individual truth versus oppressive authority. The protagonist writes a diary addressed to O'Brien as a symbolic act of resistance and assertion against the controlling regime, knowing full well it will never be read. Despite being overwhelmed by the Party's intellectual dominance and facing insurmountable evidence that contradicts his reality, he clings to the belief in tangible truths like the existence of the physical world and unalterable natural laws, symbolizing a defiance against ideological manipulation. This scene underscores the novel’s critique of totalitarianism and its impact on individual thought and freedom."
1984_032,1984,qwen,qwen2.5:14b,"But I went ahead and did it just the same. He pressed his fingers against his eyelids again. He had written it down at last, but it made no difference. The urge to shout filthy words at the top of his voice was as strong as ever. Chapter 7 ‘If there is hope,’ wrote Winston, ‘it lies in the proles.’ If there was hope, it MUST lie in the proles, because only there in those swarming disregarded masses, 85 per cent of the population of Oceania, could the force to destroy the Party ever be generated. The Party could not be overthrown from within. Its enemies, if it had any enemies, had no way of coming together or even of identifying one another. Even if the legendary Brotherhood existed, as just possibly it might, it was inconceivable that its members could ever assemble in larger numbers than twos and threes.","This passage from a dystopian novel underscores the protagonist's despair and resignation in the face of an all-powerful regime. The character, likely Winston Smith from George Orwell’s ""1984,"" reflects on the futility of rebellion within the Party structure due to its oppressive surveillance and control mechanisms that prevent any form of organized resistance. He turns towards the proles, or proletariat, as a potential source of revolutionary power, despite their current state of apathy and disconnection from political affairs, suggesting that only widespread uprising among the masses could dismantle the regime's hold on society. This theme highlights the tension between individual rebellion and collective action in the fight against totalitarianism."
1984_033,1984,qwen,qwen2.5:14b,"In a way she realized that she herself was doomed, that sooner or later the Thought Police would catch her and kill her, but with another part of her mind she believed that it was somehow possible to construct a secret world in which you could live as you chose. All you needed was luck and cunning and boldness. She did not understand that there was no such thing as happiness, that the only victory lay in the far future, long after you were dead, that from the moment of declaring war on the Party it was better to think of yourself as a corpse. ‘We are the dead,’ he said. ‘We’re not dead yet,’ said Julia prosaically. Six months, a year — five years, conceivably. You are young, so presumably you’re more afraid of it than I am. Obviously we shall put it off as long as we can.","This passage from the dystopian novel ""1984"" by George Orwell delves into the psychological and emotional complexities faced by individuals under a totalitarian regime. Julia, one of the protagonists, embodies a defiant spirit in the face of oppression; she clings to hope that personal autonomy and happiness are attainable through secrecy and cleverness, despite her awareness of the inevitable consequences. This inner conflict reflects Orwell's exploration of themes such as resistance against authoritarian control, the human need for individuality and freedom, and the stark reality of living under a regime where surveillance and punishment are constant threats. Julia's dialogue with Winston highlights the paradoxical nature of rebellion in a society that controls thoughts and emotions, questioning whether any form of true victory can be achieved by individuals during their lifetime."
1984_034,1984,qwen,qwen2.5:14b,"These causes do not operate singly, and as a rule all four of them are present in some degree. A ruling class which could guard against all of them would remain in power permanently. Ultimately the determining factor is the mental attitude of the ruling class itself. After the middle of the present century, the first danger had in reality disappeared. Each of the three powers which now divide the world is in fact unconquerable, and could only become conquerable through slow demographic changes which a government with wide powers can easily avert. The second danger, also, is only a theoretical one. The masses never revolt of their own accord, and they never revolt merely because they are oppressed. Indeed, so long as they are not permitted to have standards of comparison, they never even become aware that they are oppressed.","This passage from a dystopian novel explores the mechanisms by which a ruling class maintains control over society indefinitely. The author suggests that the ruling elite faces four primary threats but focuses on two major ones post-middle twentieth century: external conquest and internal revolution. By asserting that these dangers are largely theoretical, the text underscores the effectiveness of governance strategies in suppressing both demographic changes and mass rebellion. Crucially, it reveals that sustained oppression can be maintained when the populace is unaware or unable to compare their living conditions with those outside their controlled environment, thus ensuring compliance and quelling dissent. This highlights themes of surveillance, propaganda, and the psychological manipulation of populations by totalitarian regimes."
1984_035,1984,qwen,qwen2.5:14b,"On the sixth day of Hate Week, after the processions, the speeches, the shouting, the singing, the banners, the posters, the films, the waxworks, the rolling of drums and squealing of trumpets, the tramp of marching feet, the grinding of the caterpillars of tanks, the roar of massed planes, the booming of guns — after six days of this, when the great orgasm was quivering to its climax and the general hatred of Eurasia had boiled up into such delirium that if the crowd could have got their hands on the 2,000 Eurasian war-criminals who were to be publicly hanged on the last day of the proceedings, they would unquestionably have torn them to pieces — at just this moment it had been announced that Oceania was not after all at war with Eurasia. Oceania was at war with Eastasia.","This passage from a dystopian novel, likely ""1984"" by George Orwell, encapsulates the fluid and unpredictable nature of truth within a totalitarian regime. The sudden shift in enemy allegiance reveals the arbitrary and manipulative control exerted over public perception and emotion. The crowd's immediate transition from hating Eurasia to fearing Eastasia demonstrates how easily people can be manipulated into hatred and violence against shifting targets, highlighting themes of propaganda, psychological manipulation, and the erosion of individual thought under a regime that controls reality through constant revision and redefinition."
1984_036,1984,qwen,qwen2.5:14b,"The refugee woman in the boat had also covered the little boy with her arm, which was no more use against the bullets than a sheet of paper. The terrible thing that the Party had done was to persuade you that mere impulses, mere feelings, were of no account, while at the same time robbing you of all power over the material world. When once you were in the grip of the Party, what you felt or did not feel, what you did or refrained from doing, made literally no difference. Whatever happened you vanished, and neither you nor your actions were ever heard of again. You were lifted clean out of the stream of history. And yet to the people of only two generations ago this would not have seemed all-important, because they were not attempting to alter history.","This passage from a dystopian novel reflects on the brutal dehumanization imposed by an authoritarian regime, symbolized here by ""the Party."" It underscores how the regime strips individuals of their agency and emotional integrity by convincing them that personal feelings are insignificant while simultaneously removing any real power they have to resist or change their circumstances. The narrative highlights the terrifying paradox where individuals' actions and existences become meaningless in both a practical sense (as they can be eliminated without consequence) and an ideological one (their efforts do not impact historical outcomes). This critique emphasizes themes of loss of identity, powerlessness, and the manipulation of history to sustain totalitarian control."
1984_037,1984,qwen,qwen2.5:14b,"In some ways she was far more acute than Winston, and far less susceptible to Party propaganda. Once when he happened in some connexion to mention the war against Eurasia, she startled him by saying casually that in her opinion the war was not happening. The rocket bombs which fell daily on London were probably fired by the Government of Oceania itself, ‘just to keep people frightened’. This was an idea that had literally never occurred to him. She also stirred a sort of envy in him by telling him that during the Two Minutes Hate her great difficulty was to avoid bursting out laughing. But she only questioned the teachings of the Party when they in some way touched upon her own life. Often she was ready to accept the official mythology, simply because the difference between truth and falsehood did not seem important to her.","This passage delves into the complex relationship between Winston Smith and a female character who remains unnamed but is likely Julia, highlighting themes of individual perception versus state-controlled reality in a dystopian society. The unnamed woman's skepticism towards the official narrative of a war with Eurasia suggests an inherent resistance to the Party's manipulative tactics; she questions the existence of external threats, implying that these are fabrications designed to maintain fear and control over the population. Her ability to recognize the absurdity of orchestrated hate sessions while Winston remains blind to their falsehood underscores her critical thinking skills and resilience against indoctrination. However, the passage also reveals a limitation: despite her skepticism, she accepts many aspects of the Party's propaganda when they do not directly affect her personal life, indicating that resistance is often selective and context-driven within such oppressive regimes."
1984_038,1984,qwen,qwen2.5:14b,"When the Hate was over he returned to his cubicle, took the Newspeak dictionary from the shelf, pushed the speakwrite to one side, cleaned his spectacles, and settled down to his main job of the morning. Winston’s greatest pleasure in life was in his work. Most of it was a tedious routine, but included in it there were also jobs so difficult and intricate that you could lose yourself in them as in the depths of a mathematical problem — delicate pieces of forgery in which you had nothing to guide you except your knowledge of the principles of Ingsoc and your estimate of what the Party wanted you to say. Winston was good at this kind of thing. On occasion he had even been entrusted with the rectification of ‘The Times’ leading articles, which were written entirely in Newspeak. He unrolled the message that he had set aside earlier.","This passage from a dystopian novel delves into the grim reality of life under totalitarian rule where individual thought and expression are suppressed. The protagonist, Winston, finds solace and pleasure in his job as an editor tasked with rewriting history to align with the Party’s current narrative—a stark contrast to the emotional toll it takes on him. This scene underscores themes of indoctrination, surveillance, and the manipulation of truth for political control. By detailing Winston's meticulous approach to altering historical records, the author highlights how a regime can maintain its power by controlling information and erasing inconvenient truths from public consciousness."
1984_039,1984,qwen,qwen2.5:14b,"The blue overalls of the Party could not be a common sight in a street like this. Indeed, it was unwise to be seen in such places, unless you had definite business there. The patrols might stop you if you happened to run into them. ‘May I see your papers, comrade? What time did you leave work? Is this your usual way home?’— and so on and so forth. Not that there was any rule against walking home by an unusual route: but it was enough to draw attention to you if the Thought Police heard about it. Suddenly the whole street was in commotion. There were yells of warning from all sides. People were shooting into the doorways like rabbits.","This passage evokes a chilling atmosphere of constant surveillance and paranoia within a dystopian society, where citizens are monitored closely to ensure compliance with rigid societal norms established by an authoritarian regime known as ""the Party."" The blue overalls signify membership or affiliation with this controlling entity, making their presence in less conventional areas suspicious and potentially dangerous. The detailed descriptions of intrusive questioning from patrols highlight the pervasive fear and suspicion that permeate daily life, illustrating how such a society stifles individuality and freedom. The sudden chaos and violence described underscore the harsh reality of living under an oppressive regime where even the slightest deviation from the norm can be met with swift and brutal punishment."
1984_040,1984,qwen,qwen2.5:14b,"On the other hand his actions are not regulated by law or by any clearly formulated code of behaviour. In Oceania there is no law. Thoughts and actions which, when detected, mean certain death are not formally forbidden, and the endless purges, arrests, tortures, imprisonments, and vaporizations are not inflicted as punishment for crimes which have actually been committed, but are merely the wiping-out of persons who might perhaps commit a crime at some time in the future. A Party member is required to have not only the right opinions, but the right instincts. Many of the beliefs and attitudes demanded of him are never plainly stated, and could not be stated without laying bare the contradictions inherent in Ingsoc. If he is a person naturally orthodox (in Newspeak a GOODTHINKER), he will in all circumstances know, without taking thought, what is the true belief or the desirable emotion.","This passage from a dystopian novel illustrates the oppressive nature of a totalitarian regime where individual thoughts and actions are strictly controlled through fear and manipulation rather than law. The regime in Oceania operates on a system of preemptive punishment, eliminating individuals who might potentially pose a threat to the government's authority, thus creating an atmosphere of constant surveillance and paranoia. This reflects broader themes of control over consciousness and behavior, highlighting how power can be maintained not just through overt coercion but by shaping and policing individuals' thoughts and emotions, which is crucial for the stability and perpetuation of the regime known as Ingsoc (English Socialism)."
1984_041,1984,qwen,qwen2.5:14b,"They had confessed to intelligence with the enemy (at that date, too, the enemy was Eurasia), embezzlement of public funds, the murder of various trusted Party members, intrigues against the leadership of Big Brother which had started long before the Revolution happened, and acts of sabotage causing the death of hundreds of thousands of people. After confessing to these things they had been pardoned, reinstated in the Party, and given posts which were in fact sinecures but which sounded important. All three had written long, abject articles in ‘The Times’, analysing the reasons for their defection and promising to make amends. Some time after their release Winston had actually seen all three of them in the Chestnut Tree Cafe. He remembered the sort of terrified fascination with which he had watched them out of the corner of his eye.","This passage illustrates the totalitarian control exerted by an authoritarian regime over its citizens, emphasizing themes of fear, manipulation, and the fragility of individual identity in a society where truth is malleable. The characters' forced confessions of crimes they did not commit highlight the regime's ability to manufacture consent and rewrite history to maintain power. The scene underscores how public humiliation followed by rehabilitation serves as a stark warning to others about the consequences of dissent, reinforcing the pervasive surveillance and control exercised by Big Brother’s government."
1984_042,1984,qwen,qwen2.5:14b,"He confessed to the assassination of eminent Party members, the distribution of seditious pamphlets, embezzlement of public funds, sale of military secrets, sabotage of every kind. He confessed that he had been a spy in the pay of the Eastasian government as far back as 1968. He confessed that he was a religious believer, an admirer of capitalism, and a sexual pervert. He confessed that he had murdered his wife, although he knew, and his questioners must have known, that his wife was still alive. He confessed that for years he had been in personal touch with Goldstein and had been a member of an underground organization which had included almost every human being he had ever known. It was easier to confess everything and implicate everybody. Besides, in a sense it was all true.","This passage from the dystopian novel is a powerful critique of authoritarian regimes' manipulation of truth and reality. The protagonist's forced confessions reveal the extent to which such governments employ psychological torture and control mechanisms to break an individual’s will and compliance, compelling them to betray not only others but also their own sense of self. By implicating everyone in various forms of subversion and criminality, including acts that were never committed, the passage underscores the regime's strategy to create a climate of fear and distrust among citizens. The statement ""in a sense it was all true"" highlights the novel’s exploration of how truth becomes malleable under totalitarianism, where lies can be reinterpreted as truths through relentless propaganda and psychological pressure."
1984_043,1984,qwen,qwen2.5:14b,"He wrote: GOD IS POWER He accepted everything. The past never had been altered. Oceania was at war with Eastasia. Oceania had always been at war with Eastasia. Jones, Aaronson, and Rutherford were guilty of the crimes they were charged with. He had never seen the photograph that disproved their guilt. It had never existed, he had invented it. He remembered remembering contrary things, but those were false memories, products of self-deception. Only surrender, and everything else followed. It was like swimming against a current that swept you backwards however hard you struggled, and then suddenly deciding to turn round and go with the current instead of opposing it. Nothing had changed except your own attitude: the predestined thing happened in any case. He hardly knew why he had ever rebelled. The so-called laws of Nature were nonsense. The law of gravity was nonsense.","This passage from a dystopian novel reflects a deeply disturbing theme of ideological control and manipulation within society, symbolized by the protagonist's complete submission to the dominant regime's narrative. The character's acceptance of the contradictory statements issued by the ruling power—such as the perpetual war with Eastasia or the guilt of political prisoners despite exonerating evidence—highlights how absolute authority can distort historical truths and personal perceptions. Significantly, it underscores the theme that obedience to a totalitarian state is more about altering one’s inner beliefs than changing external conditions, illustrating the regime's power not just over society but over individual minds."
1984_044,1984,qwen,qwen2.5:14b,"But in any case an elaborate mental training, undergone in childhood and grouping itself round the Newspeak words CRIMESTOP, BLACKWHITE, and DOUBLETHINK, makes him unwilling and unable to think too deeply on any subject whatever. A Party member is expected to have no private emotions and no respites from enthusiasm. He is supposed to live in a continuous frenzy of hatred of foreign enemies and internal traitors, triumph over victories, and self-abasement before the power and wisdom of the Party. The discontents produced by his bare, unsatisfying life are deliberately turned outwards and dissipated by such devices as the Two Minutes Hate, and the speculations which might possibly induce a sceptical or rebellious attitude are killed in advance by his early acquired inner discipline. The first and simplest stage in the discipline, which can be taught even to young children, is called, in Newspeak, CRIMESTOP.","This passage from a dystopian novel delves into the psychological control exerted over individuals within an oppressive regime, emphasizing how systematic indoctrination prevents critical thought. The concepts of ""CRIMESTOP,"" ""BLACKWHITE,"" and ""DOUBLETHINK"" represent cognitive tools that suppress doubt and encourage uncritical adherence to the Party's ideology. By instilling a constant state of emotional arousal directed at external enemies or internal dissenters, the regime ensures that citizens' frustrations are channeled away from their own plight and toward sanctioned targets, thereby maintaining social order and ideological conformity."
1984_045,1984,qwen,qwen2.5:14b,"They wouldn’t shoot me for going off the rails just once?’ ‘Are you guilty?’ said Winston. ‘Of course I’m guilty!’ cried Parsons with a servile glance at the telescreen. ‘You don’t think the Party would arrest an innocent man, do you?’ His frog-like face grew calmer, and even took on a slightly sanctimonious expression. ‘Thoughtcrime is a dreadful thing, old man,’ he said sententiously. It can get hold of you without your even knowing it. Do you know how it got hold of me? There I was, working away, trying to do my bit — never knew I had any bad stuff in my mind at all. And then I started talking in my sleep. Do you know what they heard me saying?’ He sank his voice, like someone who is obliged for medical reasons to utter an obscenity. ‘“Down with Big Brother!” Yes, I said that!","This passage from a dystopian novel underscores the pervasive control and surveillance exercised by an authoritarian regime over its citizens. The dialogue reveals Parsons’s conviction of his own guilt despite being unaware of it, indicating the insidious nature of ""thoughtcrime,"" where even unconscious thoughts or actions can lead to severe punishment. This highlights the themes of psychological manipulation and the suppression of individual thought and dissent, illustrating how the Party's omnipresent surveillance system coerces conformity and eradicates independent thinking by making individuals self-police their subconscious minds."
1984_046,1984,qwen,qwen2.5:14b,"Already our control over matter is absolute.’ For a moment Winston ignored the dial. He made a violent effort to raise himself into a sitting position, and merely succeeded in wrenching his body painfully. ‘But how can you control matter?’ he burst out. ‘You don’t even control the climate or the law of gravity. And there are disease, pain, death ——’ O’Brien silenced him by a movement of his hand. ‘We control matter because we control the mind. You will learn by degrees, Winston. There is nothing that we could not do. I could float off this floor like a soap bubble if I wish to. I do not wish to, because the Party does not wish it. You must get rid of those nineteenth-century ideas about the laws of Nature. We make the laws of Nature.’ ‘But you do not! You are not even masters of this planet.","This passage from a dystopian novel reflects the totalitarian state's ultimate assertion over reality and individual consciousness. The dialogue highlights the regime's belief in its ability to control physical phenomena through dominance over people’s minds, symbolizing an extreme form of ideological indoctrination where thought is equated with power. O’Brien’s statement, ""We make the laws of Nature,"" underscores the theme of control as a means to maintain absolute authority and manipulate reality itself, challenging traditional notions of natural law and human freedom. This excerpt signifies the novel's exploration into how a state can exert total dominion over its subjects by reshaping their perception of truth and altering their understanding of what is possible, thereby eroding personal autonomy and critical thought."
1984_047,1984,qwen,qwen2.5:14b,"When public trials were happening she had taken her place in the detachments from the Youth League who surrounded the courts from morning to night, chanting at intervals ‘Death to the traitors!’ During the Two Minutes Hate she always excelled all others in shouting insults at Goldstein. Yet she had only the dimmest idea of who Goldstein was and what doctrines he was supposed to represent. She had grown up since the Revolution and was too young to remember the ideological battles of the fifties and sixties. Such a thing as an independent political movement was outside her imagination: and in any case the Party was invincible. It would always exist, and it would always be the same. You could only rebel against it by secret disobedience or, at most, by isolated acts of violence such as killing somebody or blowing something up.","This passage from a dystopian novel highlights the paradoxical nature of indoctrination in an oppressive regime. The protagonist, despite her active participation in public displays of loyalty and hatred towards perceived enemies like Goldstein, lacks genuine understanding and awareness of political ideologies or historical context. This ignorance underscores the successful manipulation by the ruling Party to control both minds and actions, ensuring conformity and a lack of meaningful resistance. The significance lies in illustrating how absolute power maintains its dominance not just through fear but also by erasing critical thinking and historical memory from society."
1984_048,1984,qwen,qwen2.5:14b,"He opened his mouth to speak and then did not speak. He could not take his eyes away from the dial. Tell me what you think you remember.’ ‘I remember that until only a week before I was arrested, we were not at war with Eastasia at all. We were in alliance with them. That had lasted for four years. Before that ——’ O’Brien stopped him with a movement of the hand. ‘Some years ago you had a very serious delusion indeed. You believed that three men, three one-time Party members named Jones, Aaronson, and Rutherford — men who were executed for treachery and sabotage after making the fullest possible confession — were not guilty of the crimes they were charged with. You believed that you had seen unmistakable documentary evidence proving that their confessions were false. There was a certain photograph about which you had a hallucination.","This passage from a dystopian novel reveals the extent to which individual memory and truth are controlled and manipulated by an authoritarian regime, as exemplified in George Orwell's ""1984."" The scene depicts a chilling confrontation where a character's recollections of historical facts and personal observations are challenged and discredited. O'Brien's interruption and correction underscore the regime's power to rewrite history and enforce absolute conformity, making it clear that independent thought and truthful memory are subversive acts in this oppressive society. This interaction highlights themes of totalitarianism, the manipulation of truth, and the psychological control exerted over individuals."
1984_049,1984,qwen,qwen2.5:14b,"They’re not so holy as they make out.’ His heart leapt. Scores of times she had done it: he wished it had been hundreds — thousands. Anything that hinted at corruption always filled him with a wild hope. Who knew, perhaps the Party was rotten under the surface, its cult of strenuousness and self-denial simply a sham concealing iniquity. If he could have infected the whole lot of them with leprosy or syphilis, how gladly he would have done so! Anything to rot, to weaken, to undermine! He pulled her down so that they were kneeling face to face. The more men you’ve had, the more I love you. Do you understand that?’ ‘Yes, perfectly.’ ‘I hate purity, I hate goodness! I don’t want any virtue to exist anywhere. I want everyone to be corrupt to the bones.’ ‘Well then, I ought to suit you, dear.","This passage from a dystopian novel reveals deep cynicism and disillusionment with authority and societal norms within its narrator. The character's hope for corruption within the Party suggests a desire for truth or change in an oppressive regime that demands moral rigidity and self-denial. This dialogue also highlights the theme of rebellion against purity and virtue, reflecting a broader critique of authoritarianism's reliance on moral hypocrisy to maintain control over society."
animal_farm_000,animal_farm,qwen,qwen2.5:14b,"Had I a sucking-pig, Ere he had grown as bi g Even as a pint bottle or as a rolling-pin, He should have learned to be Faithful and true to thee, Yes, his first squeak should be “Comrade Napoleon!” Napoleon approved of this poem and caused it to be inscribed on the wall of the big barn, at the opposite end from the Seven Commandments. It was surmounted by a portrait of Napoleon, in profile, executed by Squealer in white paint. Meanwhile, through the agency of Whymper, Napoleon was engaged in complicated negotiations with Frederick and Pilkington. The pile of timber was still unsold. Of the two, Frederick was the more anxious to get hold of it, but he would not offer a reasonable price.","This passage from a dystopian novel appears to be an allegorical critique of totalitarian regimes and their manipulation of culture and language for control. The poem describes how even young animals (symbolically children) are indoctrinated into absolute loyalty towards the leader, Napoleon, suggesting the pervasiveness of propaganda in maintaining power. By having the poem inscribed alongside a portrait of Napoleon, the author emphasizes the visual and cultural reinforcement of this cult-like devotion, symbolizing the regime's ability to shape perception through art and public messaging. The ongoing negotiations with Frederick and Pilkington indicate complex political maneuvering but also hint at the superficial nature of such interactions when compared to the deeper control exerted over the populace, underscoring themes of deceit and power consolidation in a totalitarian state."
animal_farm_001,animal_farm,qwen,qwen2.5:14b,"Then a goose came forward and confessed to having secreted six ears of corn during the last year’s harvest and eaten them in the night. Then a sheep confessed to having urinated in the drinking pool—urged to do this, so she said, by Snowball—and two other sheep confessed to having murdered an old ram, an especially devoted follower of Napoleon, by chasing him round and round a bonfire when he was suffering from a cough. They were all slain on the spot. And so the tale of confessions and executions went on, until there was a pile of corpses lying before Napoleon’s feet and the air was heavy with the smell of blood, which had been unknown there since the expulsion of Jones. When it was all over, the remaining animals, except for the pigs and dogs, crept away in a body.","This passage from a dystopian novel vividly depicts a scene of mass confession and execution that serves as a stark illustration of totalitarian control and fear-mongering. The sheep's absurd confessions, prompted by alleged coercion or manipulation, highlight the regime’s ability to instill guilt even in innocuous acts, thereby silencing dissent through self-criticism and mutual distrust among the populace. The narrative underscores themes of oppression, propaganda, and the perversion of justice, culminating in a chilling tableau that reflects the novel's broader critique of authoritarianism and its capacity to manipulate truth and memory."
animal_farm_002,animal_farm,qwen,qwen2.5:14b,"Nevertheless, the sight of Napoleon, on all fours, delivering orders to Whymper, who stood on two legs, roused their pride and partly reconciled them to the new arrangement. Their relations with the human race were now not quite the same as they had been before. The human beings did not hate Animal Farm any less now that it was prospering; indeed, they hated it more than ever. Every human being held it as an article of faith that the farm would go bankrupt sooner or later, and, above all, that the windmill would be a failure. They would meet in the public-houses and prove to one another by means of diagrams that the windmill was bound to fall down, or that if it did stand up, then that it would never work.","This passage from a dystopian novel highlights the complex dynamics between animals and humans within a totalitarian society. It depicts a scene where Napoleon, presumably an authority figure among the animals, is seen in a position of subservience to Whymper, a human representative, which paradoxically boosts the morale of other animals despite undermining their autonomy. This scenario underscores themes of manipulation, pride, and propaganda used by those in power to maintain control over subjects who may initially resist but eventually accept oppressive conditions. The passage also reveals the deep-seated animosity between humans and animals, showcasing how outsiders project their fears and prejudices onto the community's achievements, particularly focusing on skepticism towards technological or societal advancements like the windmill, symbolizing progress that challenges the status quo."
animal_farm_003,animal_farm,qwen,qwen2.5:14b,"As for the dogs, when they grow old and toothless, Jones ties a brick round their necks and drowns them in the nearest pond. “Is it not crystal clear, then, comrades, that all the evils of this life of ours spring from the tyranny of human beings? Only get rid of Man, and the produce of our labour would be our own. Almost overnight we could become rich and free. Why, work night and day, body and soul, for the overthrow of the human race! That is my message to you, comrades: Rebellion! I do not know when that Rebellion will come, it might be in a week or in a hundred years, but I know, as surely as I see this straw beneath my feet, that sooner or later justice will be done. Fix your eyes on that, comrades, throughout the short remainder of your lives!","This passage from a dystopian novel vividly illustrates the manipulative rhetoric used by those in power to incite rebellion among oppressed beings, in this case, farm animals against their human oppressors. It highlights themes of tyranny, oppression, and the potential for revolution as a means to achieve freedom and justice. The speaker's message is significant as it capitalizes on the fears and desires of the audience, promising liberation from hardship through the violent overthrow of humanity—a common motif in dystopian narratives that critiques real-world power structures and their control over the masses."
animal_farm_004,animal_farm,qwen,qwen2.5:14b,"They had been warned earlier that this sacrifice might be necessary, but had not believed that it would really happen. They were just getting their clutches ready for the spring sitting, and they protested that to take the eggs away now was murder. For the first time since the expulsion of Jones, there was something resembling a rebellion. Led by three young Black Minorca pullets, the hens made a determined effort to thwart Napoleon’s wishes. Their method was to fly up to the rafters and there lay their eggs, which smashed to pieces on the floor. He ordered the hens’ rations to be stopped, and decreed that any animal giving so much as a grain of corn to a hen should be punished by death. The dogs saw to it that these orders were carried out.","This passage from a dystopian novel depicts a moment of rebellion among oppressed animals against an authoritative regime led by Napoleon, symbolizing the resistance against totalitarian control and oppression. The hens' act of destroying their eggs instead of submitting to Napoleon's demands is a powerful metaphor for sacrificing potential future life in protest against current injustice, illustrating the profound sense of desperation and hopelessness that drives them to such extreme actions. This rebellion, although quickly suppressed with harsh punitive measures like food deprivation and capital punishment for sympathizers, highlights the themes of resistance versus conformity, the control of reproduction as a means of subjugation, and the brutal maintenance of power through fear and suppression in dystopian societies."
animal_farm_005,animal_farm,qwen,qwen2.5:14b,"There, comrades, is the answer to all our problems. It is summed up in a single word—Man. Man is the only real enemy we have. Remove Man from the scene, and the root cause of hunger and overwork is abolished for ever. “Man is the only creature that consumes without producing. He does not give milk, he does not lay eggs, he is too weak to pull the plough, he cannot run fast enough to catch rabbits. Yet he is lord of all the animals. He sets them to work, he gives back to them the bare minimum that will prevent them from starving, and the rest he keeps for himself. Our labour tills the soil, our dung fertilises it, and yet there is not one of us that owns more than his bare skin.","This passage critiques human dominion over animals in a dystopian society, suggesting a radical solution to societal problems by advocating for the removal of humans. The theme revolves around class struggle and exploitation, with animals representing oppressed classes who are forced to labor under harsh conditions while humans reap the benefits without contributing meaningfully to production. This excerpt highlights themes of inequality, domination, and the critique of capitalist systems, emphasizing how human dominance leads to the subjugation and suffering of others."
animal_farm_006,animal_farm,qwen,qwen2.5:14b,"It now appeared that Snowball was not, after all, hiding on Pinchfield Farm, and in fact had never been there in his life: he was living—in considerable luxury, so it was said—at Foxwood, and had in reality been a pensioner of Pilkington for years past. The pigs were in ecstasies over Napoleon’s cunning. By seeming to be friendly with Pilkington he had forced Frederick to raise his price by twelve pounds. But the superior quality of Napoleon’s mind, said Squealer, was shown in the fact that he trusted nobody, not even Frederick. Frederick had wanted to pay for the timber with something called a cheque, which, it seemed, was a piece of paper with a promise to pay written upon it. But Napoleon was too clever for him. He had demanded payment in real five-pound notes, which were to be handed over before the timber was removed.","This passage from the dystopian novel ""Animal Farm"" by George Orwell is rich with symbolic and thematic content that critiques totalitarian regimes. It illustrates how Napoleon, a pig representing Joseph Stalin, manipulates both his allies and adversaries for personal gain and control. The revelation about Snowball's supposed exile being fabricated serves to solidify Napoleon’s power through the demonization of an alleged enemy. This narrative also highlights Napoleon’s strategic cunning in dealing with his rival, Pilkington (symbolizing Great Britain), by accepting real money rather than a cheque from Frederick (representing Adolf Hitler). The significance lies in Orwell's portrayal of how political leaders may engage in deceit and betrayal to maintain dominance and reshape reality for their own advantage."
animal_farm_007,animal_farm,qwen,qwen2.5:14b,"And when Squealer went on to give further graphic details of Boxer’s death-bed, the admirable care he had received, and the expensive medicines for which Napoleon had paid without a thought as to the cost, their last doubts disappeared and the sorrow that they felt for their comrade’s death was tempered by the thought that at least he had died happy. Napoleon himself appeared at the meeting on the following Sunday morning and pronounced a short oration in Boxer’s honour. It had not been possible, he said, to bring back their lamented comrade’s remains for interment on the farm, but he had ordered a large wreath to be made from the laurels in the farmhouse garden and sent down to be placed on Boxer’s grave. And in a few days’ time the pigs intended to hold a memorial banquet in Boxer’s honour.","This passage from a dystopian novel illustrates the manipulation of truth through emotional rhetoric, a common theme in totalitarian societies. Squealer's speech about Boxer's death serves not only as a tribute but also as a means to reinforce loyalty and obedience among his peers by portraying Napoleon as compassionate and generous. The pigs' actions, such as holding a memorial banquet and sending a wreath to the grave, are superficial displays of respect that mask the underlying reality: Boxer’s labor was exploited until death, and his life held little value beyond what it could contribute to the regime's goals. This passage underscores themes of propaganda, exploitation, and the blurring of truth in authoritarian contexts, highlighting how leaders control narratives to maintain power and suppress dissent."
animal_farm_008,animal_farm,qwen,qwen2.5:14b,"It was announced that later, when bricks and timber had been purchased, a schoolroom would be built in the farmhouse garden. For the time being, the young pigs were given their instruction by Napoleon himself in the farmhouse kitchen. They took their exercise in the garden, and were discouraged from playing with the other young animals. About this time, too, it was laid down as a rule that when a pig and any other animal met on the path, the other animal must stand aside: and also that all pigs, of whatever degree, were to have the privilege of wearing green ribbons on their tails on Sundays. The farm had had a fairly successful year, but was still short of money.","This passage from the dystopian novel reveals the increasing stratification and authoritarianism within the society it describes, where pigs are elevated to a privileged class over other animals. Napoleon's personal instruction of young pigs in his kitchen underscores the indoctrination of future leaders into an elite ruling class that is already beginning to exploit and suppress other members of society through subtle but effective means such as discouraging social interactions between classes. The rules about pigs wearing green ribbons and having right-of-way on paths symbolize the establishment of a hierarchical system based on arbitrary privileges, reinforcing the theme of inequality and oppression under an autocratic regime."
animal_farm_009,animal_farm,qwen,qwen2.5:14b,"Rumours of a wonderful farm, where the human beings had been turned out and the animals managed their own affairs, continued to circulate in vague and distorted forms, and throughout that year a wave of rebelliousness ran through the countryside. Bulls which had always been tractable suddenly turned savage, sheep broke down hedges and devoured the clover, cows kicked the pail over, hunters refused their fences and shot their riders on to the other side. Above all, the tune and even the words of “Beasts of England” were known everywhere. It had spread with astonishing speed. The human beings could not contain their rage when they heard this song, though they pretended to think it merely ridiculous. They could not understand, they said, how even animals could bring themselves to sing such contemptible rubbish. Any animal caught singing it was given a flogging on the spot.","This passage from a dystopian novel highlights the power of rebellion and collective yearning for freedom among oppressed beings. The rumors of an idyllic farm where animals govern themselves without human interference inspire acts of defiance across the countryside, symbolizing how ideas of autonomy can spread like wildfire and catalyze unrest against oppressive regimes. The suppression of the song ""Beasts of England,"" a clear call to rebellion, by meting out physical punishment on those who dare sing it, underscores the authoritarian regime's fear of subversive thought and their attempts to stifle any form of resistance or dissent through brutal means."
animal_farm_010,animal_farm,qwen,qwen2.5:14b,"And the news soon leaked out that every pig was now receiving a ration of a pint of beer daily, with half a gallon for Napoleon himself, which was always served to him in the Crown Derby soup tureen. But if there were hardships to be borne, they were partly offset by the fact that life nowadays had a greater dignity than it had had before. There were more songs, more speeches, more processions. Napoleon had commanded that once a week there should be held something called a Spontaneous Demonstration, the object of which was to celebrate the struggles and triumphs of Animal Farm. At the appointed time the animals would leave their work and march round the precincts of the farm in military formation, with the pigs leading, then the horses, then the cows, then the sheep, and then the poultry.","This passage from a dystopian novel suggests a society where authority is exercised through manipulation and control, masked as celebration and unity. The distribution of beer to the pigs and special treatment for Napoleon, the leader, symbolizes privilege reserved for those in power, while the masses are given superficial compensations like more songs and speeches, which serve to distract from their hardships and keep them under control. The ""Spontaneous Demonstrations"" highlight how the regime maintains its grip through orchestrated public displays of loyalty and unity, reinforcing themes of propaganda, conformity, and the exploitation of societal structures by an authoritarian elite."
animal_farm_011,animal_farm,qwen,qwen2.5:14b,"Hitherto the animals had had little or no contact with Whymper on his weekly visits: now, however, a few selected animals, mostly sheep, were instructed to remark casually in his hearing that rations had been increased. In addition, Napoleon ordered the almost empty bins in the store-shed to be filled nearly to the brim with sand, which was then covered up with what remained of the grain and meal. On some suitable pretext Whymper was led through the store-shed and allowed to catch a glimpse of the bins. He was deceived, and continued to report to the outside world that there was no food shortage on Animal Farm. Nevertheless, towards the end of January it became obvious that it would be necessary to procure some more grain from somewhere.","The passage illustrates the corrupt manipulation of truth by the ruling class in a dystopian society, represented here by Napoleon’s regime on Animal Farm. The sheep and other selected animals are instructed to lie to Whymper about increased rations, while empty bins are cleverly disguised with sand to appear full. This deceit ensures that Whymper continues to report positively about the farm's food situation, despite an actual severe shortage. The theme of deception in power structures is highlighted, showing how those in control manipulate information and appearances to maintain their authority and mask the reality of oppression and scarcity for the masses."
animal_farm_012,animal_farm,qwen,qwen2.5:14b,"Napoleon then led them back to the store-shed and served out a double ration of corn to everybody, with two biscuits for each dog. Then they sang “Beasts of England” from end to end seven times running, and after that they settled down for the night and slept as they had never slept before . But they woke at dawn as usual, and suddenly remembering the glorious thing that had happened, they all raced out into the pasture together. A little way down the pasture there was a knoll that commanded a view of most of the farm. The animals rushed to the top of it and gazed round them in the clear morning light. Yes, it was theirs—everything that they could see was theirs! In the ecstasy of that thought they gambolled round and round, they hurled themselves into the air in great leaps of excitement.","This passage from a dystopian novel encapsulates the moment when the animals achieve what appears to be their long-sought freedom and equality. The distribution of extra food symbolizes an immediate reward for their struggle, suggesting a temporary fulfillment of their revolutionary goals. However, the ecstatic reaction—singing, racing to a vantage point, and leaping with joy—reveals a deeper theme: the initial euphoria that often accompanies the attainment of political or social freedom before the harsh realities set in. This scene is significant as it highlights the contrast between the animals' idealistic hopes and the practical challenges they will face moving forward, foreshadowing potential disillusionment."
animal_farm_013,animal_farm,qwen,qwen2.5:14b,"The next moment a choking roar of rage sounded from Napoleon’s apartments. The news of what had happened sped round the farm like wildfire. Frederick had got the timber for nothing! Napoleon called the animals together immediately and in a terrible voice pronounced the death sentence upon Frederick. When captured, he said, Frederick should be boiled alive. At the same time he warned them that after this treacherous deed the worst was to be expected. Frederick and his men might make their long-expected attack at any moment. Sentinels were placed at all the approaches to the farm. In addition, four pigeons were sent to Foxwood with a conciliatory message, which it was hoped might re-establish good relations with Pilkington. The very next morning the attack came.","This passage from a dystopian novel highlights the intense power struggles and political machinations in a seemingly utopian society. Napoleon's immediate reaction to Frederick’s deceit underscores the theme of authoritarian control and swift, brutal justice used to maintain order and deter dissent within the community. The warning about an impending attack from Frederick and the subsequent military preparation reveal the underlying instability and fear that persist despite the farm animals' efforts to create a new social order. This passage also foreshadows the constant threat to their autonomy and the fragility of any revolutionary ideal when faced with betrayal and external aggression, questioning the sustainability of their dream for an egalitarian society."
animal_farm_014,animal_farm,qwen,qwen2.5:14b,"Old Major (so he was always called, though the name under which he had been exhibited was Willingdon Beauty) was so highly regarded on the farm that everyone was quite ready to lose an hour’s sleep in order to hear what he had to say. At one end of the big barn, on a sort of raised platform, Major was already ensconced on his bed of straw, under a lantern which hung from a beam. He was twelve years old and had lately grown rather stout, but he was still a majestic-looking pig, with a wise and benevolent appearance in spite of the fact that his tushes had never been cut. Before long the other animals began to arrive and make themselves comfortable after their different fashions.","This passage introduces Old Major as a respected figure on the farm, symbolizing an influential leader who is widely admired by others due to his wisdom and perceived authority. The barn setting for this gathering evokes imagery of collective assembly, reminiscent of political rallies where leaders address their followers. This scene sets up themes of leadership, revolution, and ideological awakening that will be central throughout the novel, drawing parallels between animal society and human societies undergoing revolutionary changes."
animal_farm_015,animal_farm,qwen,qwen2.5:14b,"With the ring of light from his lantern dancing from side to side, he lurched across the yard, kicked off his boots at the back door, drew himself a last glass of beer from the barrel in the scullery, and made his way up to bed, where Mrs. As soon as the light in the bedroom went out there was a stirring and a fluttering all through the farm buildings. Word had gone round during the day that old Major, the prize Middle White boar, had had a strange dream on the previous night and wished to communicate it to the other animals. It had been agreed that they should all meet in the big barn as soon as Mr. Jones was safely out of the way.","This passage sets the stage for a pivotal moment in the novel, where the impending revolution among the farm animals is foreshadowed by Old Major’s dream. The imagery of light moving across the yard and the subsequent stirring throughout the farm buildings creates a sense of anticipation and awakening, symbolizing the nascent consciousness and rebellion brewing among the oppressed creatures. This scene underscores themes of leadership, unity against oppression, and the transformative power of shared dreams or ideologies that can mobilize an entire community toward change, reflecting broader issues of political awakening and collective resistance."
animal_farm_016,animal_farm,qwen,qwen2.5:14b,"I have had a long life, I have had much time for thought as I lay alone in my stall, and I think I may say that I understand the nature of life on this earth as well as any animal now living. It is about this that I wish to speak to you. “Now, comrades, what is the nature of this life of ours? Let us face it: our lives are miserable, laborious, and short. We are born, we are given just so much food as will keep the breath in our bodies, and those of us who are capable of it are forced to work to the last atom of our strength; and the very instant that our usefulness has come to an end we are slaughtered with hideous cruelty. No animal in England knows the meaning of happiness or leisure after he is a year old.","This passage from a dystopian novel highlights the harsh realities faced by animals under oppressive conditions, likely reflecting human social and political critiques. The narrator's reflections on life reveal a world where beings are exploited for their labor until they become useless, at which point they face cruel termination. This bleak depiction underscores themes of oppression, the dehumanization (or in this case, de-animalization) of creatures, and the denial of basic rights to happiness and leisure. The significance lies in its poignant commentary on societal structures that prioritize economic productivity over individual well-being and dignity."
animal_farm_017,animal_farm,qwen,qwen2.5:14b,"At last, feeling this to be in some way a substitute for the words she was unable to find, she began to sing “Beasts of England.” The other animals sitting round her took it up, and they sang it three times over—very tunefully, but slowly and mournfully, in a way they had never sung it before. They had just finished singing it for the third time when Squealer, attended by two dogs, approached them with the air of having something important to say. He announced that, by a special decree of Comrade Napoleon, “Beasts of England” had been abolished. From now onwards it was forbidden to sing it. “It’s no longer needed, comrade,” said Squealer stiffly. “‘Beasts of England’ was the song of the Rebellion. But the Rebellion is now completed. The execution of the traitors this afternoon was the final act.","This passage from a dystopian novel reflects a significant shift in power and ideology within an oppressive regime, where revolutionary fervor is systematically suppressed by those who have taken control. Initially, the animals' slow and mournful rendition of ""Beasts of England"" symbolizes their lingering hope and connection to the ideals that inspired the Rebellion against human tyranny. However, Squealer's announcement of the song's abolition under Comrade Napoleon’s decree marks a critical moment where revolutionary spirit is replaced by authoritarian control, indicating a betrayal of the animals' initial aspirations for freedom and equality. This scene underscores themes of disillusionment and the manipulative nature of power, highlighting how leaders can erase historical narratives to maintain dominance over their subjects."
animal_farm_018,animal_farm,qwen,qwen2.5:14b,"No creature called any other creature “Master.” All animals were equal. One day in early summer Squealer ordered the sheep to follow him, and led them out to a piece of waste ground at the other end of the farm, which had become overgrown with birch saplings. The sheep spent the whole day there browsing at the leaves under Squealer’s supervision. In the evening he returned to the farmhouse himself, but, as it was warm weather, told the sheep to stay where they were. It ended by their remaining there for a whole week, during which time the other animals saw nothing of them. Squealer was with them for the greater part of every day. He was, he said, teaching them to sing a new song, for which privacy was needed.","This passage from a dystopian novel portrays a scene where Squealer, who is likely an authority figure or propagandist within the society depicted, manipulates and isolates a group of sheep. The act of teaching them ""a new song"" symbolically represents indoctrination and propaganda used to control beliefs and behaviors among the populace. By ensuring their isolation, Squealer can disseminate his message without opposition, highlighting themes of manipulation, control, and the erosion of communal trust in leadership—a critique on how authority figures can exploit information asymmetry for personal gain or ideological ends."
animal_farm_019,animal_farm,qwen,qwen2.5:14b,"In sheer malignity, thinking to set back our plans and avenge himself for his ignominious expulsion, this traitor has crept here under cover of night and destroyed our work of nearly a year. Comrades, here and now I pronounce the death sentence upon Snowball. ‘Animal Hero, Second Class,’ and half a bushel of apples to any animal who brings him to justice. A full bushel to anyone who captures him alive!” The animals were shocked beyond measure to learn that even Snowball could be guilty of such an action. There was a cry of indignation, and everyone began thinking out ways of catching Snowball if he should ever come back. Almost immediately the footprints of a pig were discovered in the grass at a little distance from the knoll. They could only be traced for a few yards, but appeared to lead to a hole in the hedge.","This passage depicts a moment in a dystopian society where suspicion and paranoia are rife among its members. The narrator's declaration of a death sentence on Snowball highlights themes of betrayal, control, and propaganda. By offering rewards for capturing or killing Snowball, the leader seeks to harness the collective fear and anger within the community, thereby consolidating power through division and mistrust. This act also serves as a cautionary tale against dissent, reinforcing the message that any opposition will be met with severe punishment, thus maintaining social order under an authoritarian regime."
animal_farm_020,animal_farm,qwen,qwen2.5:14b,"Last of all came the cat, who looked round, as usual, for the warmest place, and finally squeezed herself in between Boxer and Clover; there she purred contentedly throughout Major’s speech without listening to a word of what he was saying. All the animals were now present except Moses, the tame raven, who slept on a perch behind the back door. When Major saw that they had all made themselves comfortable and were waiting attentively, he cleared his throat and began: “Comrades, you have heard already about the strange dream that I had last night. But I will come to the dream later. I have something else to say first. I do not think, comrades, that I shall be with you for many months longer, and before I die, I feel it my duty to pass on to you such wisdom as I have acquired.","This passage from a dystopian novel sets the scene for an important speech by Major, likely preceding a pivotal moment in the narrative. The content highlights the stark contrast between the privileged and the oppressed; while Boxer, Clover, and the cat represent the working-class animals who are physically present but mentally detached (the cat purring without listening), Major's impending speech signals a call for awareness and change. This scenario underscores themes of class disparity and the importance of consciousness in the face of oppression. The significance lies in setting up a narrative about collective action against an oppressive regime, reminiscent of political awakenings in real-world historical contexts."
animal_farm_021,animal_farm,qwen,qwen2.5:14b,"In the end, however, she was found hiding in her stall with her head buried among the hay in the manger. She had taken to flight as soon as the gun went off. And when the others came back from looking for her, it was to find that the stable-lad, who in fact was only stunned, had already recovered and made off. The animals had now reassembled in the wildest excitement, each recounting his own exploits in the battle at the top of his voice. An impromptu celebration of the victory was held immediately. The flag was run up and “Beasts of England” was sung a number of times, then the sheep who had been killed was given a solemn funeral, a hawthorn bush being planted on her grave.","This passage from a dystopian novel portrays a chaotic aftermath following an uprising or rebellion led by animals against human authority. The scene reveals the stark contrast between bravery and fear, as seen in the differing reactions of the characters—the main figure fleeing out of terror while others exult in victory prematurely. This scenario underscores themes of unity and disillusionment, highlighting how post-revolutionary euphoria can mask underlying fractures within a community. The celebration and memorialization of the fallen sheep emphasize the animals' attempt to establish new traditions and honor their dead, reflecting the complex nature of societal change and the challenges in building a cohesive identity after overthrowing oppressive structures."
animal_farm_022,animal_farm,qwen,qwen2.5:14b,"The animals crowded round the van. “Good-bye, Boxer!” they chorused, “good-bye!” “Fools! Fools!” shouted Benjamin, prancing round them and stamping the earth with his small hoofs. Do you not see what is written on the side of that van?” That gave the animals pause, and there was a hush. Muriel began to spell out the words. But Benjamin pushed her aside and in the midst of a deadly silence he read: “‘Alfred Simmonds, Horse Slaughterer and Glue Boiler, Willingdon. Kennels Supplied.’ Do you not understand what that means? They are taking Boxer to the knacker’s!” A cry of horror burst from all the animals. At this moment the man on the box whipped up his horses and the van moved out of the yard at a smart trot. All the animals followed, crying out at the tops of their voices. Clover forced her way to the front.","This passage is a poignant moment in George Orwell's ""Animal Farm,"" highlighting the betrayal of ideals within a seemingly revolutionary society. The central theme revolves around the corruption of leadership and the exploitation of the working class, as represented by Boxer, who is betrayed by those in power and sold to a slaughterhouse despite his unwavering loyalty and hard work for the cause. Benjamin's stark realism serves as a critique against naivety, emphasizing that even after overthrowing oppressive regimes, new forms of tyranny can emerge under different names but with similar outcomes, thereby challenging the animals' illusions about their utopian society."
animal_farm_023,animal_farm,qwen,qwen2.5:14b,"And above all, pass on this message of mine to those who come after you, so that future generations shall carry on the struggle until it is victorious. “And remember, comrades, your resolution must never falter. No argument must lead you astray. Never listen when they tell you that Man and the animals have a common interest, that the prosperity of the one is the prosperity of the others. Man serves the interests of no creature except himself. And among us animals let there be perfect unity, perfect comradeship in the struggle. All animals are comrades.” At this moment there was a tremendous uproar. While Major was speaking four large rats had crept out of their holes and were sitting on their hindquarters, listening to him.","This passage from a dystopian novel appears to be a rallying cry for rebellion against oppression, reminiscent of Orwell's ""Animal Farm."" The speaker, likely an influential figure among the animals, is urging them to maintain solidarity in their struggle against human domination. He emphasizes the need for unwavering commitment and warns against any complacency or belief that humans have the animals' best interests at heart. The inclusion of rats, often seen as pests by humans and other animals, listening to the speech highlights the universality of oppression and the call for unity across species lines. This passage underscores themes of rebellion, ideological purity, and the importance of recognizing shared adversity in the face of systemic injustice."
animal_farm_024,animal_farm,qwen,qwen2.5:14b,"A white stripe down his nose gave him a somewhat stupid appearance, and in fact he was not of first-rate intelligence, but he was universally respected for his steadiness of character and tremendous powers of work. After the horses came Muriel, the white goat, and Benjamin, the donkey. Benjamin was the oldest animal on the farm, and the worst tempered. He seldom talked, and when he did, it was usually to make some cynical remark—for instance, he would say that God had given him a tail to keep the flies off, but that he would sooner have had no tail and no flies. Alone among the animals on the farm he never laughed. If asked why, he would say that he saw nothing to laugh at.","This passage from a dystopian novel introduces several key characters and sets up themes of skepticism and conformity within an oppressive regime. The description of the unnamed character with a white stripe on his nose highlights the contrast between appearance and reality, suggesting that societal respect is often based not on intelligence but on obedience and reliability. Benjamin's cynical demeanor and refusal to laugh signify a profound disillusionment with their circumstances; he embodies the wisdom born from experience but also the weariness of accepting an unjust status quo without hope for change or joy. His philosophy reflects the novel’s critique of blind faith in leadership and the acceptance of hardship as an inevitable part of existence, highlighting the pervasive cynicism that can arise within oppressive systems."
animal_farm_025,animal_farm,qwen,qwen2.5:14b,"There were the bricks, sand, and lime for the schoolroom to be purchased, and it would also be necessary to begin saving up again for the machinery for the windmill. Then there were lamp oil and candles for the house, sugar for Napoleon’s own table (he forbade this to the other pigs, on the ground that it made them fat), and all the usual replacements such as tools, nails, string, coal, wire, scrap-iron, and dog biscuits. A stump of hay and part of the potato crop were sold off, and the contract for eggs was increased to six hundred a week, so that that year the hens barely hatched enough chicks to keep their numbers at the same level. Rations, reduced in December, were reduced again in February, and lanterns in the stalls were forbidden to save oil.","This passage from a dystopian novel vividly illustrates the oppressive economic control exerted by an authoritarian regime over its subjects. It details the meticulous rationing of essential goods and resources, symbolizing the pigs' (the ruling elite) manipulation of scarcity for their own benefit. The reduction in rations and prohibition on basic necessities like lanterns serve not only to maintain power but also to suppress any potential rebellion or dissent by keeping the populace weak and preoccupied with survival rather than revolt. This narrative underscores themes of inequality, corruption, and the cyclical nature of oppression in societies where centralized authority controls every aspect of life."
animal_farm_026,animal_farm,qwen,qwen2.5:14b,"A rumour went round that Snowball had after all contrived to introduce poison into Napoleon’s food. At eleven o’clock Squealer came out to make another announcement. As his last act upon earth, Comrade Napoleon had pronounced a solemn decree: the drinking of alcohol was to be punished by death. By the evening, however, Napoleon appeared to be somewhat better, and the following morning Squealer was able to tell them that he was well on the way to recovery. By the evening of that day Napoleon was back at work, and on the next day it was learned that he had instructed Whymper to purchase in Willingdon some booklets on brewing and distilling. A week later Napoleon gave orders that the small paddock beyond the orchard, which it had previously been intended to set aside as a grazing-ground for animals who were past work, was to be ploughed up.","This passage from a dystopian novel underscores the themes of manipulation and hypocrisy within an ostensibly socialist or communal society. Squealer's announcements about Napoleon's health and subsequent orders regarding alcohol consumption serve as a critique on how leaders can control public perception through propaganda, quickly shifting their stance to benefit themselves once it suits their interests. The irony is stark when Napoleon later instructs the purchase of materials for brewing and distilling, revealing his true intentions and highlighting the betrayal of ideals in pursuit of power and personal gain. This sequence also foreshadows a descent into corruption and authoritarianism within the community, emphasizing the fragility of utopian aspirations under oppressive leadership."
animal_farm_027,animal_farm,qwen,qwen2.5:14b,"“You have heard, then, comrades,” he said, “that we pigs now sleep in the beds of the farmhouse? You did not suppose, surely, that there was ever a ruling against beds ? A bed merely means a place to sleep in. A pile of straw in a stall is a bed, properly regarded. The rule was against sheets , which are a human invention. We have removed the sheets from the farmhouse beds, and sleep between blankets. And very comfortable beds they are too! But not more comfortable than we need, I can tell you, comrades, with all the brainwork we have to do nowadays. You would not rob us of our repose, would you, comrades? You would not have us too tired to carry out our duties?","This passage reflects a subtle yet significant shift in power dynamics within the society depicted in the dystopian novel, likely an allegory for political corruption and social stratification. The pigs, representing authority figures or leaders who initially presented themselves as equals among animals, are now asserting their privilege to enjoy comforts previously denied them under the guise of necessity and hard work. By rationalizing the removal of sheets but keeping the beds, they maintain a facade of adherence to earlier rules while secretly benefiting from privileges. This maneuver highlights themes of hypocrisy, gradual erosion of egalitarian ideals, and how those in power redefine rules to suit their own comforts and control, ultimately undermining the society’s foundational principles."
animal_farm_028,animal_farm,qwen,qwen2.5:14b,"But I believe that at the Battle of the Cowshed he was a good comrade.” “Our Leader, Comrade Napoleon,” announced Squealer, speaking very slowly and firmly, “has stated categorically—categorically, comrade—that Snowball was Jones’s agent from the very beginning—yes, and from long before the Rebellion was ever thought of.” “Ah, that is different!” said Boxer. “If Comrade Napoleon says it, it must be right.” “That is the true spirit, comrade!” cried Squealer, but it was noticed he cast a very ugly look at Boxer with his little twinkling eyes. He turned to go, then paused and added impressively: “I warn every animal on this farm to keep his eyes very wide open. For we have reason to think that some of Snowball’s secret agents are lurking among us at this moment!” Four days later, in the late afternoon, Napoleon ordered all the animals to assemble in the yard.","This passage from a dystopian novel illustrates the insidious nature of propaganda and the erosion of critical thinking under authoritarian rule. The character Squealer manipulates truth by reinterpreting historical events, undermining the credibility of Snowball while bolstering the authority of Napoleon. This manipulation serves to consolidate power in the hands of the leaders and disempowers the masses like Boxer who accept this revisionist history without question. The significance lies in its portrayal of how language and control over information can be used to manipulate public perception, suppress dissent, and maintain a regime’s grip on society."
animal_farm_029,animal_farm,qwen,qwen2.5:14b,"Nevertheless, without openly admitting it, he was devoted to Boxer; the two of them usually spent their Sundays together in the small paddock beyond the orchard, grazing side by side and never speaking. The two horses had just lain down when a brood of ducklings, which had lost their mother, filed into the barn, cheeping feebly and wandering from side to side to find some place where they would not be trodden on. Clover made a sort of wall round them with her great foreleg, and the ducklings nestled down inside it and promptly fell asleep. At the last moment Mollie, the foolish, pretty white mare who drew Mr. Jones’s trap, came mincing daintily in, chewing at a lump of sugar. She took a place near the front and began flirting her white mane, hoping to draw attention to the red ribbons it was plaited with.","This passage from a dystopian novel reveals the nuanced relationships between animals in a society where they have developed a form of community life following an upheaval that displaced human authority. Clover’s protective action towards the lost ducklings symbolizes maternal care and the formation of new social bonds, highlighting themes of survival and nurturing post-rebellion. Meanwhile, Mollie's vanity and desire for attention suggest lingering ties to pre-revolutionary values, indicating a societal divide in how animals adapt to their newfound freedom and responsibilities."
animal_farm_030,animal_farm,qwen,qwen2.5:14b,"You cows that I see before me, how many thousands of gallons of milk have you given during this last year? And what has happened to that milk which should have been breeding up sturdy calves? Every drop of it has gone down the throats of our enemies. And you hens, how many eggs have you laid in this last year, and how many of those eggs ever hatched into chickens? The rest have all gone to market to bring in money for Jones and his men. And you, Clover, where are those four foals you bore, who should have been the support and pleasure of your old age? Each was sold at a year old—you will never see one of them again. In return for your four confinements and all your labour in the fields, what have you ever had except your bare rations and a stall?","This passage from the dystopian novel ""Animal Farm"" by George Orwell vividly portrays the exploitation and disillusionment of animals under the oppressive regime of Farmer Jones. The speaker, likely one of the pigs who has taken over leadership after the revolution, cynically highlights how the animals' labor and products are being misappropriated for the benefit of their human oppressors rather than the animals themselves. This critique underscores themes of exploitation, betrayal, and the perversion of revolutionary ideals, signifying a poignant commentary on the corrupting nature of power and the vulnerability of the working class in face of authoritarian control."
animal_farm_031,animal_farm,qwen,qwen2.5:14b,"Table of contents TITLE PAGE COPYRIGHT PAGE CONTENTS CHAPTER 1 CHAPTER 2 CHAPTER 3 CHAPTER 4 CHAPTER 5 CHAPTER 6 CHAPTER 7 CHAPTER 8 CHAPTER 9 CHAPTER 10 ABOUT THE AUTHOR Guide Cover Beginning Contents 1 2 3 4 5 6 7 8 9 10 11 12 13 14 15 16 17 18 19 20 21 22 23 24 25 26 27 28 29 30 31 32 33 34 35 36 37 38 39 40 41 42 43 44 45 46 47 48 49 50 51 52 53 54 55 56 57 58 59 60 61 62 63 64 65 66 67 68 69 70 71 72 73 74 75 76 77 78 79 80 81 82 83 84 85 86 87 88 89 90 91 92 93 94 95 96 97 98 99 100 101 102 103 104 105 106 107 108

This is a work of fiction.","The passage you've provided appears to be a structured list rather than an excerpt from the text of a dystopian novel. It seems to outline the table of contents for a book with multiple chapters, followed by some standard publishing information and what might be the start of a new section or another document. If this is indeed part of a larger narrative within a dystopian context, it could symbolize an oppressive system's rigid control over information and literature, suggesting themes such as censorship, uniformity, and the power dynamics in a totalitarian state. However, without actual narrative content from the text, a more precise literary analysis based on thematic elements or character development isn't possible here. The extensive list of chapter numbers might imply a monotonous and repetitive existence that is characteristic of dystopian societies where individuality and creativity are stifled."
animal_farm_032,animal_farm,qwen,qwen2.5:14b,"He had gone out alone to drag a load of stone down to the windmill. And sure enough, the rumour was true. A few minutes later two pigeons came racing in with the news: “Boxer has fallen! He is lying on his side and can’t get up!” About half the animals on the farm rushed out to the knoll where the windmill stood. There lay Boxer, between the shafts of the cart, his neck stretched out, unable even to raise his head. His eyes were glazed, his sides matted with sweat. A thin stream of blood had trickled out of his mouth. Clover dropped to her knees at his side. “Boxer!” she cried, “how are you?” “It is my lung,” said Boxer in a weak voice. I think you will be able to finish the windmill without me. There is a pretty good store of stone accumulated.","This passage from a dystopian novel highlights the dehumanizing and harsh conditions under which animals, symbolically representing workers, labor under an oppressive regime. Boxer's debilitating illness and his continued focus on completing work tasks despite his dire state underscore the themes of exploitation and blind loyalty to a system that ultimately fails its subjects. The imagery of Boxer lying incapacitated while others rush with rumors rather than aid emphasizes the lack of genuine community support and solidarity, revealing a society where individual well-being is secondary to collective objectives dictated by those in power."
animal_farm_033,animal_farm,qwen,qwen2.5:14b,"No animal in England is free. The life of an animal is misery and slavery: that is the plain truth. “But is this simply part of the order of nature? Is it because this land of ours is so poor that it cannot afford a decent life to those who dwell upon it? No, comrades, a thousand times no! The soil of England is fertile, its climate is good, it is capable of affording food in abundance to an enormously greater number of animals than now inhabit it. This single farm of ours would support a dozen horses, twenty cows, hundreds of sheep—and all of them living in a comfort and a dignity that are now almost beyond our imagining. Why then do we continue in this miserable condition? Because nearly the whole of the produce of our labour is stolen from us by human beings.","This passage from a dystopian novel critiques the oppressive conditions faced by animals under human dominion, symbolizing broader societal issues such as exploitation and inequality. It highlights the stark contrast between the potential abundance of resources and the actual reality of suffering endured by animals (or workers), suggesting that systemic injustice is not a result of scarcity but rather of power dynamics and greed. The central theme revolves around questioning authority and recognizing the intrinsic value of all beings, urging readers to consider the moral implications of societal structures that perpetuate oppression."
animal_farm_034,animal_farm,qwen,qwen2.5:14b,"They rolled in the dew, they cropped mouthfuls of the sweet summer grass, they kicked up clods of the black earth and snuffed its rich scent. Then they made a tour of inspection of the whole farm and surveyed with speechless admiration the ploughland, the hayfield, the orchard, the pool, the spinney. It was as though they had never seen these things before, and even now they could hardly believe that it was all their own. Then they filed back to the farm buildings and halted in silence outside the door of the farmhouse. That was theirs too, but they were frightened to go inside. After a moment, however, Snowball and Napoleon butted the door open with their shoulders and the animals entered in single file, walking with the utmost care for fear of disturbing anything.","This passage from a dystopian novel captures the initial euphoria and disbelief experienced by the animal characters upon realizing they have taken possession of the farm previously controlled by humans. The imagery of rolling in dew and smelling the rich earth symbolizes their newfound freedom and connection to nature, contrasting sharply with their previous exploited status as livestock. However, the animals' hesitation before entering the farmhouse reflects a lingering sense of unease about the responsibilities and challenges that come with autonomy, hinting at the complexities and potential pitfalls of revolution and self-governance."
animal_farm_035,animal_farm,qwen,qwen2.5:14b,"The dogs had suddenly caught sight of them, and it was only by a swift dash for their holes that the rats saved their lives. Major raised his trotter for silence. “Comrades,” he said, “here is a point that must be settled. The wild creatures, such as rats and rabbits—are they our friends or our enemies? Let us put it to the vote. I propose this question to the meeting: Are rats comrades?” The vote was taken at once, and it was agreed by an overwhelming majority that rats were comrades. There were only four dissentients, the three dogs and the cat, who was afterwards discovered to have voted on both sides. Major continued : “I have little more to say. I merely repeat, remember always your duty of enmity towards Man and all his ways. Whatever goes upon two legs is an enemy.","This passage from a dystopian novel delves into the complexities of social hierarchy and ideological division within an oppressed group. The rats’ near-escape from the dogs highlights the precarious nature of coexistence under a regime that pits animals against each other, creating internal strife to maintain control. Major’s speech underscores themes of manipulation and propaganda, as he proposes a seemingly innocuous vote on whether rats are comrades but subtly reinforces a broader narrative of enmity towards humans, thereby fostering division among non-human animals and ensuring their continued subjugation. This passage serves as a critical commentary on how oppressive regimes can use internal strife to maintain power over the oppressed population."
animal_farm_036,animal_farm,qwen,qwen2.5:14b,"“And even the miserable lives we lead are not allowed to reach their natural span. For myself I do not grumble, for I am one of the lucky ones. I am twelve years old and have had over four hundred children. Such is the natural life of a pig. But no animal escapes the cruel knife in the end. You young porkers who are sitting in front of me, every one of you will scream your lives out at the block within a year. To that horror we all must come—cows, pigs, hens, sheep, everyone. Even the horses and the dogs have no better fate. You, Boxer, the very day that those great muscles of yours lose their power, Jones will sell you to the knacker, who will cut your throat and boil you down for the foxhounds.","This passage from a dystopian novel is a stark commentary on the exploitation and dehumanization inherent in a totalitarian society. The narrator's bleak description of the short, miserable lives of animals and their ultimate fate at the hands of humans mirrors the oppressed condition of people under an oppressive regime. This text highlights themes of control over life and death, the arbitrary nature of power, and the loss of dignity and individuality within a system that treats individuals merely as commodities or means to an end. The inclusion of Boxer, who faces a similarly grim destiny despite his loyalty, underscores the cruel indifference of authority towards those it exploits, reinforcing the novel's critique of authoritarian structures."
animal_farm_037,animal_farm,qwen,qwen2.5:14b,"He had flogged an old horse to death, he starved his cows, he had killed a dog by throwing it into the furnace, he amused himself in the evenings by making cocks fight with splinters of razor-blade tied to their spurs. The animals’ blood boiled with rage when they heard of these things being done to their comrades, and sometimes they clamoured to be allowed to go out in a body and attack Pinchfield Farm, drive out the humans, and set the animals free. But Squealer counselled them to avoid rash actions and trust in Comrade Napoleon’s strategy. Nevertheless, feeling against Frederick continued to run high. One Sunday morning Napoleon appeared in the barn and explained that he had never at any time contemplated selling the pile of timber to Frederick; he considered it beneath his dignity, he said, to have dealings with scoundrels of that description.","This passage from a dystopian novel illustrates the brutal treatment of animals under an oppressive regime, symbolizing the dehumanization and abuse that occurs in totalitarian systems. The actions described—such as flogging horses, starving cows, and torturing dogs—are stark examples of cruelty and exploitation, reflecting broader themes of corruption and power abuse. Napoleon's manipulation through Squealer to suppress rebellion underscores the control exercised over dissenting voices, highlighting the theme of propaganda used to maintain order and loyalty among the oppressed populace."
animal_farm_038,animal_farm,qwen,qwen2.5:14b,"Three of them had their heads broken by blows from Boxer’s hoofs; another was gored in the belly by a cow’s horn; another had his trousers nearly torn off by Jessie and Bluebell. And when the nine dogs of Napoleon’s own bodyguard, whom he had instructed to make a detour under cover of the hedge, suddenly appeared on the men’s flank, baying ferociously, panic overtook them. They saw that they were in danger of being surrounded. Frederick shouted to his men to get out while the going was good, and the next moment the cowardly enemy was running for dear life. The animals chased them right down to the bottom of the field, and got in some last kicks at them as they forced their way through the thorn hedge. They had won, but they were weary and bleeding. Slowly they began to limp back towards the farm.","This passage from a dystopian novel paints a vivid picture of conflict and power struggle within an oppressive regime, where animals fight against human oppressors. The imagery of violence—animals using their natural weapons like hoofs and horns—and the cowardice displayed by humans fleeing for safety underscore themes of dominance and fear in the face of rebellion. The victory of the animals at such a cost highlights not only the brutality inherent in power struggles but also the heavy toll it takes on both sides, setting up a narrative that questions authority and the nature of resistance."
animal_farm_039,animal_farm,qwen,qwen2.5:14b,"Names, characters, organizations, places, events, and incidents are either products of the author’s imagination or are used fictitiously. Any resemblance to actual persons, living or dead, or actual events is purely coincidental. No part of this work may be reproduced, or stored in a retrieval system, or transmitted in any form or by any means, electronic, mechanical, photocopying, recording, or otherwise, without express written permission of the publisher. Published by AmazonClassics, Seattle www.apub.com Amazon, the Amazon logo, and AmazonClassics are trademarks of Amazon.com , Inc., or its affiliates. ISBN-13: 9781542026741 (hardcover) ISBN-10: 1542026741 (hardcover) ISBN-13: 9781542026734 (paperback) ISBN-10: 1542026733 (paperback) eISBN: 9781542026727 Series design by Jeff Miller, Faceout Studio

CHAPTER 1 Mr. Jones, of the Manor Farm, had locked the hen-houses for the night, but was too drunk to remember to shut the popholes.","The passage provided is actually a copyright notice and standard disclaimer followed by the opening line from George Orwell's ""Animal Farm,"" rather than an excerpt from a dystopian novel itself. However, interpreting the content of the actual literary work referenced—George Orwell’s ""Animal Farm""—the initial sentence sets up the stage for a story steeped in metaphorical critique. The drunk Mr. Jones failing to secure his farm properly hints at incompetence and neglect, which foreshadow deeper societal issues related to leadership failure and exploitation. This opening line encapsulates the theme of human malfeasance that catalyzes rebellion among the oppressed animals, symbolizing revolution against authoritarian rule."
animal_farm_040,animal_farm,qwen,qwen2.5:14b,"They did not know which was more shocking—the treachery of the animals who had leagued themselves with Snowball, or the cruel retribution they had just witnessed. In the old days there had often been scenes of bloodshed equally terrible, but it seemed to all of them that it was far worse now that it was happening among themselves. Since Jones had left the farm, until today, no animal had killed another animal. Not even a rat had been killed. They had made their way on to the little knoll where the half-finished windmill stood, and with one accord they all lay down as though huddling together for warmth—Clover, Muriel, Benjamin, the cows, the sheep, and a whole flock of geese and hens—everyone, indeed, except the cat, who had suddenly disappeared just before Napoleon ordered the animals to assemble. Only Boxer remained on his feet.","This passage from the dystopian novel ""Animal Farm"" by George Orwell highlights the deepening tragedy and moral corruption within the animal community as they witness betrayal and violence among their own ranks, leading to a profound loss of innocence and trust. The scene underscores the theme that power can corrupt even those who seek justice and equality, as the animals turn on each other following Snowball's perceived treachery. Boxer’s continued standing amidst this turmoil symbolizes resilience in the face of despair, embodying the hope for redemption or resistance against the prevailing darkness."
animal_farm_041,animal_farm,qwen,qwen2.5:14b,"Sometimes the older ones among them racked their dim memories and tried to determine whether in the early days of the Rebellion, when Jones’s expulsion was still recent, things had been better or worse than now. There was nothing with which they could compare their present lives: they had nothing to go upon except Squealer’s lists of figures, which invariably demonstrated that everything was getting better and better. The animals found the problem insoluble; in any case, they had little time for speculating on such things now. Only old Benjamin professed to remember every detail of his long life and to know that things never had been, nor ever could be much better or much worse—hunger, hardship, and disappointment being, so he said, the unalterable law of life. And yet the animals never gave up hope.","This passage from a dystopian novel delves into the psychological and societal implications of living under oppressive regimes where truth and memory are manipulated. The animals' struggle to recall their past accurately or distinguish it from propaganda highlights the theme of historical revisionism, a common tactic used by authoritarian systems to control perception and maintain power. Despite the bleak reality and constant propaganda that suggests improvement, the enduring hope of the animals reflects humanity's innate resilience in the face of despair, suggesting that even under the most oppressive conditions, there is an unyielding spirit that refuses to succumb completely to disillusionment."
animal_farm_042,animal_farm,qwen,qwen2.5:14b,"At the same time there were renewed rumours that Frederick and his men were plotting to attack Animal Farm and to destroy the windmill, the building of which had aroused furious jealousy in him. Snowball was known to be still skulking on Pinchfield Farm. In the middle of the summer the animals were alarmed to hear that three hens had come forward and confessed that, inspired by Snowball, they had entered into a plot to murder Napoleon. They were executed immediately, and fresh precautions for Napoleon’s safety were taken. Four dogs guarded his bed at night, one at each corner, and a young pig named Pinkeye was given the task of tasting all his food before he ate it, lest it should be poisoned. At about the same time it was given out that Napoleon had arranged to sell the pile of timber to Mr.","This passage from a dystopian novel underscores themes of paranoia and betrayal within a society. The animals' fear and suspicion of external threats (like Frederick's planned attack) and internal dissent (Snowball's rumored plots) reflect a broader atmosphere of distrust and control under Napoleon's rule. This heightened state of alert, coupled with the immediate execution of perceived traitors (the hens), highlights how authority figures manipulate fear to maintain power and suppress opposition. The measures taken for Napoleon’s safety symbolize the concentration of power in one leader at the expense of the community's well-being, mirroring real-world dictatorships where leaders are protected above all else while dissent is violently suppressed."
animal_farm_043,animal_farm,qwen,qwen2.5:14b,"The windmill had ceased to exist! At this sight the animals’ courage returned to them. The fear and despair they had felt a moment earlier were drowned in their rage against this vile, contemptible act. A mighty cry for vengeance went up, and without waiting for further orders they charged forth in a body and made straight for the enemy. This time they did not heed the cruel pellets that swept over them like hail. It was a savage, bitter battle. The men fired again and again, and, when the animals got to close quarters, lashed out with their sticks and their heavy boots. A cow, three sheep, and two geese were killed, and nearly everyone was wounded. Even Napoleon, who was directing operations from the rear, had the tip of his tail chipped by a pellet. But the men did not go unscathed either.","This passage depicts a pivotal moment in the dystopian narrative where the destruction of a symbolic structure, the windmill, ignites intense emotions among the animals, transforming their initial fear and despair into uncontrollable rage and a fervent desire for revenge. The scene underscores themes of manipulation through symbols and the power of collective emotion to overcome reason and caution. It highlights the dangerous cycle that arises when leaders exploit the populace's grievances to incite violence and maintain control, even at the cost of significant loss and suffering on both sides."
animal_farm_044,animal_farm,qwen,qwen2.5:14b,"Then Snowball (for it was Snowball who was best at writing) took a brush between the two knuckles of his trotter, painted out MANOR FARM from the top bar of the gate and in its place painted ANIMAL FARM. This was to be the name of the farm from now onwards. After this they went back to the farm buildings, where Snowball and Napoleon sent for a ladder which they caused to be set against the end wall of the big barn. They explained that by their studies of the past three months the pigs had succeeded in reducing the principles of Animalism to Seven Commandments. These Seven Commandments would now be inscribed on the wall; they would form an unalterable law by which all the animals on Animal Farm must live for ever after.","In this passage, Snowball’s act of renaming Manor Farm to Animal Farm symbolizes a significant shift from human oppression to self-governance among the animals. The change in name is not merely cosmetic but reflects an ideological transformation and rejection of their previous servitude under the farm's human owner. The inscription of the Seven Commandments on the wall represents the establishment of a new set of immutable laws, which are intended to govern all animals equally, embodying the ideals of equality and autonomy. However, this moment also introduces the theme of ideological control, as these commandments will serve as the foundation for a regime that may be prone to corruption, setting up future conflicts over their interpretation and enforcement."
animal_farm_045,animal_farm,qwen,qwen2.5:14b,"At first they pretended to laugh to scorn the idea of animals managing a farm for themselves. The whole thing would be over in a fortnight, they said. They put it about that the animals on the Manor Farm (they insisted on calling it the Manor Farm; they would not tolerate the name “Animal Farm”) were perpetually fighting among themselves and were also rapidly starving to death. When time passed and the animals had evidently not starved to death, Frederick and Pilkington changed their tune and began to talk of the terrible wickedness that now flourished on Animal Farm. It was given out that the animals there practised cannibalism, tortured one another with red-hot horseshoes, and had their females in common. This was what came of rebelling against the laws of Nature, Frederick and Pilkington said. However, these stories were never fully believed.","This passage from a dystopian novel reflects the theme of propaganda and misinformation employed by adversaries to undermine the achievements of others. The characters Frederick and Pilkington initially ridicule the idea that animals can manage their own affairs but, upon realizing their persistence, they shift tactics to spread rumors about internal strife, starvation, and moral degradation at the farm managed by the animals. This change in strategy underscores how those who fear being displaced or outshone seek to discredit their rivals through false narratives. The fact that these claims are never fully believed highlights a broader theme of public skepticism towards disinformation campaigns, suggesting an underlying awareness of reality amidst the chaos and deceit."
animal_farm_046,animal_farm,qwen,qwen2.5:14b,"All the men were gone except one. Back in the yard Boxer was pawing with his hoof at the stable-lad who lay face down in the mud, trying to turn him over. “He is dead,” said Boxer sorrowfully. “I had no intention of doing that. I forgot that I was wearing iron shoes. Who will believe that I did not do this on purpose?” “No sentimentality, comrade!” cried Snowball, from whose wounds the blood was still dripping. The only good human being is a dead one.” “I have no wish to take life, not even human life,” repeated Boxer, and his eyes were full of tears. For a moment there was great alarm; it was feared that the men might have harmed her in some way, or even carried her off with them.","This passage from a dystopian novel underscores the complexity and tragedy of ideological conflict and the unintended consequences of revolutionary zeal. Boxer's sorrow over accidentally causing the stable-lad's death highlights the paradoxical nature of revolution, where well-meaning intentions can lead to harm or death. The dialogue between Boxer and Snowball reveals a stark contrast: while Boxer upholds his moral principles even in heated moments, Snowball embraces a more radical and less compassionate approach towards humans. This scene signifies the erosion of innocence and the descent into a morally ambiguous world where survival often trumps ethical considerations."
animal_farm_047,animal_farm,qwen,qwen2.5:14b,"Boxer saw them coming and put out his great hoof, caught a dog in mid-air, and pinned him to the ground. The dog shrieked for mercy and the other two fled with their tails between their legs. Boxer looked at Napoleon to know whether he should crush the dog to death or let it go. Napoleon appeared to change countenance, and sharply ordered Boxer to let the dog go, whereat Boxer lifted his hoof, and the dog slunk away, bruised and howling. The four pigs waited, trembling, with guilt written on every line of their countenances. Napoleon now called upon them to confess their crimes. They were the same four pigs as had protested when Napoleon abolished the Sunday Meetings.","This passage from a dystopian novel illustrates the oppressive and authoritarian nature of the regime led by Napoleon, who wields power through fear and intimidation. Boxer's immense strength is used to enforce Napoleon’s will, demonstrating how physical might supports political control. The trembling pigs, once dissenters, now display guilt and submission, symbolizing the regime’s success in silencing opposition and fostering a climate of self-criticism and betrayal among its members, reinforcing themes of power abuse and ideological manipulation."
animal_farm_048,animal_farm,qwen,qwen2.5:14b,"The pigeons who were still sent out to spread tidings of the Rebellion were forbidden to set foot anywhere on Foxwood, and were also ordered to drop their former slogan of “Death to Humanity” in favour of “Death to Frederick.” In the late summer yet another of Snowball’s machinations was laid bare. The wheat crop was full of weeds, and it was discovered that on one of his nocturnal visits Snowball had mixed weed seeds with the seed corn. A gander who had been privy to the plot had confessed his guilt to Squealer and immediately committed suicide by swallowing deadly nightshade berries. The animals now also learned that Snowball had never—as many of them had believed hitherto—received the order of “Animal Hero, First Class.” This was merely a legend which had been spread some time after the Battle of the Cowshed by Snowball himself.","This passage highlights the oppressive and manipulative nature of power within the dystopian society depicted in the novel. The transformation from condemning ""humanity"" to targeting ""Frederick,"" a specific entity, illustrates how authoritarian regimes can shift blame and maintain control through targeted propaganda. Additionally, the revelation about Snowball's supposed heroism being a fabrication underscores themes of deception and the erosion of truth within the regime, as well as the populace's susceptibility to such manipulations. The narrative emphasizes the chilling reality that those in power use fear and misinformation to suppress dissent and consolidate their authority over the masses."
animal_farm_049,animal_farm,qwen,qwen2.5:14b,"First came the three dogs, Bluebell, Jessie, and Pincher, and then the pigs, who settled down in the straw immediately in front of the platform. The hens perched themselves on the window-sills, the pigeons fluttered up to the rafters, the sheep and cows lay down behind the pigs and began to chew the cud. The two cart-horses, Boxer and Clover, came in together, walking very slowly and setting down their vast hairy hoofs with great care lest there should be some small animal concealed in the straw. Clover was a stout motherly mare approaching middle life, who had never quite got her figure back after her fourth foal. Boxer was an enormous beast, nearly eighteen hands high, and as strong as any two ordinary horses put together.","This passage from a dystopian novel vividly depicts the arrival of farm animals at a communal assembly area, each species occupying their designated spots with varying degrees of awareness and care. The detailed descriptions of the animals, particularly Boxer and Clover, underscore themes of labor and servitude within an oppressive societal structure, suggesting that these creatures, despite their different characteristics and roles, are all subject to control and exploitation by unseen forces. This scene is significant as it sets a stage for the power dynamics and hierarchy that will play out throughout the narrative, reflecting broader criticisms about governance, class division, and the subjugation of the working class in dystopian societies."
fahrenheit_000,fahrenheit,qwen,qwen2.5:14b,"That was the year I came to class at the start of the new semester and found only one student to sign up for Drama from Aeschylus to O'Neill. How like a beautiful statue of ice it was, melting in the sun. I remember the newspapers dying like huge moths. And the Government, seeing how advantageous it was to have people reading only about passionate lips and the fist in the stomach, circled the situation with your fire-eaters. So, Montag, there's this unemployed printer. We might start a few books, and wait on the war to break the pattern and give us the push we need. A few bombs and the 'families' in the walls of all the houses, like harlequin rats, will shut up! In silence, our stage-whisper might carry.” They both stood looking at the book on the table. “I've tried to remember,” said Montag.","This passage from a dystopian novel underscores the oppressive control exerted by the government over cultural and intellectual pursuits. The dwindling number of students in the drama class symbolizes the erosion of interest in serious literature and arts, reflecting society's descent into superficiality under governmental influence that prioritizes trivial entertainment over critical thought. Moreover, the imagery of newspapers dying like moths highlights the suppression of free press and independent journalism, further illustrating how control over information is used to maintain power. The conversation between Montag and his companion reveals a clandestine plan to preserve literature in the face of an impending societal collapse due to war, emphasizing the theme that only through the preservation and dissemination of knowledge can society hope to recover from its intellectual stagnation and authoritarian rule."
fahrenheit_001,fahrenheit,qwen,qwen2.5:14b,"You and I and who else will set the fires?” “Aren't there professors like yourself, former writers, historians, linguists…?” “Dead or ancient.” “The older the better; they'll go unnoticed. You know dozens, admit it!” “Oh, there are many actors alone who haven't acted Pirandello or Shaw or Shakespeare for years because their plays are too aware of the world. And we could use the honest rage of those historians who haven't written a line for forty years. True, we might form classes in thinking and reading.” “Yes!” “But that would just nibble the edges. The skeleton needs melting and re-shaping. Good God, it isn't as simple as just picking up a book you laid down half a century ago. Remember, the firemen are rarely necessary. The public itself stopped reading of its own accord.","This passage from a dystopian novel highlights the oppressive control over intellectual freedom and culture in a society where independent thought is suppressed. It suggests that while official measures like censorship and book burning (as symbolized by firemen) are evident, they might not be entirely necessary since public interest in reading and learning has waned due to societal conditioning or fear. This theme underscores the chilling effect of an authoritarian regime on culture and education, suggesting that voluntary conformity can be as effective as direct coercion in maintaining social control. The dialogue between characters reveals a society where history, literature, and critical thinking are systematically marginalized, leaving only superficial forms of entertainment and consumption."
fahrenheit_002,fahrenheit,qwen,qwen2.5:14b,"He crouched and then he sat and the voice of the front door spoke again, more insistently. Montag picked a single small volume from the floor. “Where do we begin?” He opened the book half-way and peered at it. “We begin by beginning, I guess.” “He'll come in,” said Mildred, “and burn us and the books!” The front door voice faded at last. Montag felt the presence of someone beyond the door, waiting, listening. Then the footsteps going away down the walk and over the lawn. “Let's see what this is,” said Montag. He spoke the words haltingly and with a terrible selfconsciousness. He read a dozen pages here and there and came at last to this: “'It is computed that eleven thousand persons have at several times suffered death rather than submit to break eggs at the smaller end.”' Mildred sat across the hall from him.","The passage from the dystopian novel vividly captures a moment of rebellion and personal awakening against oppressive societal norms. Montag's act of picking up a book and reading it in defiance of the authoritarian rule that bans literature symbolizes his resistance to mindless conformity and the quest for intellectual freedom. The reference to individuals preferring death over conforming to unreasonable laws (as seen in ""Alice's Adventures in Wonderland"") underscores the absurdity of oppressive regimes and highlights Montag’s growing awareness of the value and importance of independent thought and individual rights. This scene is pivotal, marking a turning point where personal rebellion against a suppressive society begins to take shape, emphasizing themes of censorship, intellectual freedom, and the power of literature to inspire change."
fahrenheit_003,fahrenheit,qwen,qwen2.5:14b,"It makes me cold.” “It doesn't think anything we don't want it to think.” “That's sad,” said Montag, quietly, “because all we put into it is hunting and finding and killing. What a shame if that's all it can ever know.”' Beatty snorted, gently. It's a fine bit of craftsmanship, a good rifle that can fetch its own target and guarantees the bull's-eye every time.” “That's why,” said Montag. ""I wouldn't want to be its next victim. You got a guilty conscience about something?” Montag glanced up swiftly. Beatty stood there looking at him steadily with his eyes, while his mouth opened and began to laugh, very softly. One two three four five six seven days. And as many times he came out of the house and Clarisse was there somewhere in the world.","This passage from a dystopian novel explores themes of mechanization and dehumanization within society. Montag's contemplative response to Beatty reveals his growing realization that the sophisticated technology, symbolized by the ""fine bit of craftsmanship,"" is devoid of moral or ethical considerations—it merely executes commands without understanding their implications. This highlights the danger of a society overly reliant on technology at the expense of human values and conscience, suggesting that such an environment leaves individuals vulnerable to becoming mere victims of its predetermined purposes. The final sentence mentioning Clarisse hints at the presence of human warmth and resistance against this mechanized world, offering a contrast to the coldness described earlier in the passage."
fahrenheit_004,fahrenheit,qwen,qwen2.5:14b,"PART ONE: The Hearth and the Salamander. It was a pleasure to burn. It was a special pleasure to see things eaten, to see things blackened and changed. With the brass nozzle in his fists, with this great python spitting its venomous kerosene upon the world, the blood pounded in his head, and his hands were the hands of some amazing conductor playing all the symphonies of blazing and burning to bring down the tatters and charcoal ruins of history. With his symbolic helmet numbered 451 on his stolid head, and his eyes all orange flame with the thought of what came next, he flicked the igniter and the house jumped up in a gorging fire that burned the evening sky red and yellow and black. He strode in a swarm of fireflies.","This passage from Ray Bradbury's ""Fahrenheit 451"" vividly illustrates the protagonist's role as a 'fireman' whose duty is to burn books, symbolically erasing knowledge and history. The intense imagery emphasizes the destructive pleasure he finds in his task, highlighting the paradoxical nature of burning something that could bring enlightenment and change. This act reflects broader themes of censorship, suppression of ideas, and the chilling effects of a totalitarian society on free thought, suggesting the dire consequences when critical thinking is eliminated to maintain social stability."
fahrenheit_005,fahrenheit,qwen,qwen2.5:14b,"Don't think the police don't know the habits of queer ducks like that, men who walk mornings for the hell of it, or for reasons of insomnia. Anyway, the police have had him charted for months, years. Never know when that sort of information might be handy. And today, it turns out, it's very usable indeed. Oh, God, look there!” The men at the fire bent forward. On the screen, a man turned a corner. The Mechanical Hound rushed forward into the viewer, suddenly. The helicopter light shot down a dozen brilliant pillars that built a cage all about the man. The search is done!” The innocent man stood bewildered, a cigarette burning in his hand. He stared at the Hound, not knowing what it was. He glanced up at the sky and the wailing sirens.","This passage from a dystopian novel highlights the oppressive nature of surveillance and technological control exerted by authoritarian regimes over their citizens. The ""Mechanical Hound"" represents advanced technology used to monitor and track individuals, underscoring how such tools can be employed without regard for individual freedoms or innocence. This scenario also touches on themes of suspicion and persecution based on behavior deemed abnormal or threatening by the state, leading to a climate of fear where even harmless activities are scrutinized and punished."
fahrenheit_006,fahrenheit,qwen,qwen2.5:14b,"“Well?” The old man took a deep breath, held it, and let it out. He took another, eyes closed, his mouth tight, and at last exhaled. “Montag…” The old man turned at last and said, “Come along. I would actually have let you walk right out of my house. I am a cowardly old fool.” Faber opened the bedroom door and led Montag into a small chamber where stood a table upon which a number of metal tools lay among a welter of microscopic wire-hairs, tiny coils, bobbins, and crystals. I've lived alone so many years, throwing images on walls with my imagination. Fiddling with electronics, radio-transmission, has been my hobby. My cowardice is of such a passion, complementing the revolutionary spirit that lives in its shadow, I was forced to design this.” He picked up a small green-metal object no larger than a 22 bullet.","This passage from a dystopian novel highlights the complex interplay between cowardice and revolutionary action. The old man, Faber, reveals his deep-seated fear and self-deprecation while also demonstrating ingenuity and resourcefulness in creating an electronic device for resistance against oppressive forces. This juxtaposition underscores the theme that even those who might consider themselves weak or ineffective can contribute to a greater cause through their unique skills and passions. The significance lies in how it challenges stereotypes about bravery and cowardice, suggesting that true courage often comes from embracing one's limitations while still striving for change."
fahrenheit_007,fahrenheit,qwen,qwen2.5:14b,"Laughter blew across the moon-coloured lawn from the house of Clarisse and her father and mother and the uncle who smiled so quietly and so earnestly. Above all, their laughter was relaxed and hearty and not forced in any way, coming from the house that was so brightly lit this late at night while all the other houses were kept to themselves in darkness. Montag heard the voices talking, talking, talking, giving, talking, weaving, reweaving their hypnotic web. Montag moved out through the french windows and crossed the lawn, without even thinking of it. He stood outside the talking house in the shadows, thinking he might even tap on their door and whisper, “Let me come in.","This passage contrasts the oppressive silence and darkness that dominate Montag's world with a vibrant scene of laughter and conversation emanating from Clarisse’s home. The brightly lit house stands out as an anomaly against the backdrop of uniform darkness, symbolizing a sanctuary of free thought and human connection in a society where individuality and intellectual discourse are suppressed. Montag’s attraction to this environment reflects his yearning for authentic community and meaningful dialogue, highlighting themes of censorship, isolation, and the quest for personal liberation amidst societal conformity."
fahrenheit_008,fahrenheit,qwen,qwen2.5:14b,"“In again out again Finnegan, the Army called Pete yesterday. Forty-eight hours they said, and everyone home. Pete was called yesterday and they said he'd be, back next week. Quick…” The three women fidgeted and looked nervously at the empty mud-coloured walls. “I'll let Pete do all the worrying.” She giggled. “I'll let old Pete do all the worrying. I'm not worried.” “Yes,” said Millie. “Let old Pete do the worrying.” “It's always someone else's husband dies, they say.” “I've heard that, too. I've never known any dead man killed in a war. Killed jumping off buildings, yes, like Gloria's husband last week, but from wars? No.” “Not from wars,” said Mrs. “Anyway, Pete and I always said, no tears, nothing like that. It's our third marriage each and we're independent.","This passage illustrates the psychological coping mechanisms employed by individuals living in a dystopian society where war is an ever-present reality. The women's casual conversation about their husbands being called to duty reveals a numbed detachment from the harshness of war, suggesting that constant exposure to conflict has desensitized them emotionally. This desensitization underlines broader themes of disillusionment and resignation in the face of perpetual suffering, reflecting on how societal norms shift to accommodate extreme circumstances. The women's repeated assurance that they are ""not worried"" and their preference for emotional independence highlight a community's adaptive response to trauma, where affective disconnection serves as a survival mechanism amidst overwhelming adversity."
fahrenheit_009,fahrenheit,qwen,qwen2.5:14b,"The people in this book, this play, this TV serial are not meant to represent any actual painters, cartographers, mechanics anywhere. The bigger your market, Montag, the less you handle controversy, remember that! All the minor minor minorities with their navels to be kept clean. Authors, full of evil thoughts, lock up your typewriters. Magazines became a nice blend of vanilla tapioca. Books, so the damned snobbish critics said, were dishwater. No wonder books stopped selling, the critics said. But the public, knowing what it wanted, spinning happily, let the comic books survive. And the three-dimensional sex-magazines, of course. It didn't come from the Government down. There was no dictum, no declaration, no censorship, to start with, no! Technology, mass exploitation, and minority pressure carried the trick, thank God.","This passage from a dystopian novel critiques the homogenization of cultural and intellectual content in society. It suggests that as media markets grew larger, there was an increasing tendency to avoid controversial or challenging material, leading to a bland form of entertainment that catered to a lowest common denominator. The text implies that this cultural shift wasn't mandated by any authoritarian regime but rather resulted from the interplay of technological advancements and societal pressures, particularly from large consumer bases and minority groups prioritizing comfort over critical thought. This interpretation highlights themes such as the erosion of intellectual freedom, the commercialization of culture, and the loss of diverse voices in literature and media."
fahrenheit_010,fahrenheit,qwen,qwen2.5:14b,"The faces of those enamelled creatures meant nothing to him, though he talked to them and stood in that church for a long time, trying to be of that religion, trying to know what that religion was, trying to get enough of the raw incense and special dust of the place into his lungs and thus into his blood to feel touched and concerned by the meaning of the colourful men and women with the porcelain eyes and the blood-ruby lips. But there was nothing, nothing; it was a stroll through another store, and his currency strange and unusable there, and his passion cold, even when he touched the wood and plaster and clay.","This passage from a dystopian novel conveys a sense of alienation and detachment in an individual who attempts to connect with a foreign religion but fails to find any resonance or meaning within it. The protagonist's inability to feel ""touched"" by the religious symbols underscores a broader theme of spiritual disconnection and cultural estrangement in a society where traditional beliefs may have lost their relevance or been replaced by new forms of faith or ideology. This disconnection is further emphasized through metaphors like the church being another store, highlighting how materialism and commodification might overshadow spiritual experiences in dystopian settings."
fahrenheit_011,fahrenheit,qwen,qwen2.5:14b,"It was a strange quiet meeting. The old man admitted to being a retired English professor who had been thrown out upon the world forty years ago when the last liberal arts college shut for lack of students and patronage. His name was Faber, and when he finally lost his fear of Montag, he talked in a cadenced voice, looking at the sky and the trees and the green park, and when an hour had passed he said something to Montag and Montag sensed it was a rhymeless poem. Then the old man grew even more courageous and said something else and that was a poem, too. Faber held his hand over his left coat-pocket and spoke these words gently, and Montag knew if he reached out, he might pull a book of poetry from the man's coat. But he did not reach out.","This passage highlights the profound impact of censorship and societal repression on intellectual life in a dystopian world where literature is banned. Faber, a former English professor, embodies the remnants of a once-thriving literary culture that has been eradicated due to lack of interest and support from society. His act of speaking poetry silently while holding his hand over a pocket concealing a book symbolizes the continued resistance against oppressive forces despite the fear and danger it entails. The significance lies in Faber's courage and Montag’s recognition of the value of literary knowledge, underscoring themes of preservation of culture and the power of literature to inspire change."
fahrenheit_012,fahrenheit,qwen,qwen2.5:14b,"Had he ever seen a fireman that didn't have black hair, black brows, a fiery face, and a blue-steel shaved but unshaved look? These men were all mirror-images of himself! Were all firemen picked then for their looks as well as their proclivities? The colour of cinders and ash about them, and the continual smell of burning from their pipes. Captain Beatty there, rising in thunderheads of tobacco smoke. Beatty opening a fresh tobacco packet, crumpling the cellophane into a sound of fire. Montag looked at the cards in his own hands. About the man whose library we fixed. What happened to him?” “They took him screaming off to the asylum.” “He wasn't insane.” Beatty arranged his cards quietly. “Any man's insane who thinks he can fool the Government and us.” “I've tried to imagine,” said Montag, “just how it would feel.","This passage from a dystopian novel highlights the uniformity and conformity enforced by authority figures in a society that suppresses individual thought. The description of firemen as having identical appearances suggests a deliberate selection process aimed at creating an intimidating and homogenous image, symbolizing the regimented nature of this oppressive regime. Furthermore, Captain Beatty’s actions with the tobacco packet—crumpling it into ""a sound of fire""—serve as a subtle yet powerful metaphor for how the government's control manifests in small, daily acts that reinforce its power while stifling dissent and personal expression. The fate of the man whose library was destroyed underscores the theme of intellectual suppression, revealing that questioning or deviating from societal norms is met with severe punishment, reinforcing the novel’s critique on censorship and the dangers of a state-controlled narrative."
fahrenheit_013,fahrenheit,qwen,qwen2.5:14b,"“Grandfather's been dead for all these years, but if you lifted my skull, by God, in the convolutions of my brain you'd find the big ridges of his thumbprint. As I said earlier, he was a sculptor. 'I hate a Roman named Status Quo!' he said to me. 'Stuff your eyes with wonder,' he said, 'live as if you'd drop dead in ten seconds. It's more fantastic than any dream made or paid for in factories. Ask no guarantees, ask for no security, there never was such an animal. And if there were, it would be related to the great sloth which hangs upside down in a tree all day every day, sleeping its life away. To hell with that,' he said, 'shake the tree and knock the great sloth down on his ass.'” “Look!” cried Montag. And the war began and ended in that instant.","This passage is a poignant reflection of the protagonist's internalization of their grandfather's rebellious spirit against societal stagnation. Through the metaphorical embedding of his grandfather’s thumbprint in his brain, the character embodies inherited wisdom and defiance against complacency. The themes of existential urgency and the rejection of passive living are central, advocating for a life lived with passion and wonder rather than security and conformity. This moment symbolizes the awakening of revolutionary consciousness and the immediate action required to disrupt inertia and challenge oppressive norms, marking a pivotal shift in the narrative's trajectory."
fahrenheit_014,fahrenheit,qwen,qwen2.5:14b,"Then Faber moved and put out his hand and grabbed Montag and moved him in and sat him down and went back and stood in the door, listening. The sirens were wailing off in the morning distance. He came in and shut the door. Montag said, “I've been a fool all down the line. I'm on my way God knows where.” “At least you were a fool about the right things,” said Faber. The audio-capsule I gave you —” “Burnt.” “I heard the captain talking to you and suddenly there was nothing. I almost came out looking for you.” “The captain's dead. He found the audio-capsule, he heard your voice, he was going to trace it. I killed him with the flamethrower.” Faber sat down and did not speak for a time. “My God, how did this happen?” said Montag.","This passage from the dystopian novel ""Fahrenheit 451"" by Ray Bradbury underscores the consequences of rebellion against a totalitarian regime that suppresses intellectual freedom and individual thought. The dialogue reveals the moral complexity and desperation inherent in fighting such an oppressive system, as evidenced by Montag's act of killing Captain Beatty. It highlights themes of redemption and the price of defiance, with Faber’s statement suggesting that it is better to resist for the right reasons than not to resist at all. This exchange also serves as a pivotal moment where the protagonist confronts the reality of his actions and the isolation they entail, reflecting on the profound risks and sacrifices required in the pursuit of truth and personal integrity."
fahrenheit_015,fahrenheit,qwen,qwen2.5:14b,"They would have killed me, thought Montag, swaying, the air still torn and stirring about him in dust, touching his bruised cheek. For no reason at all in the world they would have killed me. He walked toward the far kerb telling each foot to go and keep going. Somehow he had picked up the spilled books; he didn't remember bending or touching them. He kept moving them from hand to hand as if they were a poker hand he could not figure. I wonder if they were the ones who killed Clarisse? He stopped and his mind said it again, very loud. I wonder if they were the ones who killed Clarisse! He wanted to run after them yelling. The thing that had saved him was falling flat.","This passage from a dystopian novel delves into themes of oppressive societal control and the personal cost of rebellion. Montag, the protagonist, reflects on his narrow escape from death at the hands of authorities who seek to suppress intellectual dissent by destroying books and those who cherish them. The mention of Clarisse, likely another rebel or sympathetic character who was killed for her beliefs, underscores the brutal effectiveness of the regime's tactics against individual thought and expression. Montag’s internal turmoil reveals his struggle with the knowledge that he could have been executed without cause, highlighting the arbitrary nature of such totalitarian regimes and their devastating impact on personal freedom and relationships."
fahrenheit_016,fahrenheit,qwen,qwen2.5:14b,"She looked up suddenly, saw him, and nodded. She was an expert at lip-reading from ten years of apprenticeship at Seashell ear-thimbles. She set the toaster clicking away at another piece of bread. His wife said, “I don't know why I should be so hungry.” “You —?” “I'm hungry.” “Last night,” he began. I can't figure it.” “Last night —” he said again. “What about last night?” “Don't you remember?” “What? Did we have a wild party or something? Who was here?” “A few people,” he said. “That's what I thought.” She chewed her toast. “Sore stomach, but I'm hungry as all-get-out. Hope I didn't do anything foolish at the party.” “No,” he said, quietly. The toaster spidered out a piece of buttered bread for him. He held it in his hand, feeling grateful. “You don't look so hot yourself,” said his wife.","This passage from a dystopian novel suggests a world where communication and memory are deeply compromised or manipulated, contributing to a sense of detachment between individuals. The characters' inability to recall events from the previous night hints at broader societal issues such as surveillance, drug-induced amnesia, or governmental control over personal recollections—a common theme in dystopian literature. Their mundane conversation about hunger masks underlying anxieties and uncertainties, highlighting the novel's exploration of themes like loss of autonomy and personal identity in a totalitarian society."
fahrenheit_017,fahrenheit,qwen,qwen2.5:14b,"You firemen provide a circus now and then at which buildings are set off and crowds gather for the pretty blaze, but it's a small sideshow indeed, and hardly necessary to keep things in line. So few want to be rebels any more. And out of those few, most, like myself, scare easily. Can you dance faster than the White Clown, shout louder than 'Mr. If you can, you'll win your way, Montag. In any event, you're a fool. People are having fun —” “Committing suicide! Murdering!” A bomber flight had been moving east all the time they talked, and only now did the two men stop and listen, feeling the great jet sound tremble inside themselves. Let the war turn off the 'families.' Our civilization is flinging itself to pieces. Stand back from the centrifuge.” “There has to be someone ready when it blows up.” “What?","This passage highlights the paradox of a society that appears to be both entertained and oppressed by firemen who burn books as a form of social control. The dialogue reveals that while public spectacle through controlled fires draws crowds, genuine rebellion is rare and easily quelled, suggesting a populace content with their complacency or too afraid to resist. This scenario underscores themes of totalitarianism, the suppression of free thought, and the manipulation of public opinion through entertainment and fear. The mention of war and bombers implies an impending societal collapse, emphasizing the fragility of such a controlled society and hinting at an underlying desire for change among those willing to endure hardship to challenge the status quo."
fahrenheit_018,fahrenheit,qwen,qwen2.5:14b,"How like trying to put out fires with water-pistols, how senseless and insane. One rage turned in for another. When would he stop being entirely mad and be quiet, be very quiet indeed? “Here we go!” Montag looked up. Beatty never drove, but he was driving tonight, slamming the Salamander around corners, leaning forward high on the driver's throne, his massive black slicker flapping out behind so that he seemed a great black bat flying above the engine, over the brass numbers, taking the full wind. “Here we go to keep the world happy, Montag!” Beatty's pink, phosphorescent cheeks glimmered in the high darkness, and he was smiling furiously. “Here we are!” The Salamander boomed to a halt, throwing men off in slips and clumsy hops. Montag stood fixing his raw eyes to the cold bright rail under his clenched fingers. I can't do it, he thought.","This passage from the dystopian novel ""Fahrenheit 451"" by Ray Bradbury illustrates the overwhelming sense of futility and madness that consumes the protagonist, Montag, as he is driven to a location where books are set to be burned. The imagery of Beatty driving aggressively in his fire truck (referred to as a Salamander), symbolizing the destructive force of ignorance and conformity enforced by authority, highlights the absurdity of their mission. This scene underscores the theme of societal oppression through control over knowledge and individual thought, where efforts to extinguish ideas with brute force are as futile as trying to put out fires with water pistols. Montag's realization that he cannot continue down this destructive path indicates a pivotal moment in his journey towards self-discovery and resistance against the oppressive regime."
fahrenheit_019,fahrenheit,qwen,qwen2.5:14b,"Do you hate me for this electronic cowardice of mine? Here I am sending you out into the night, while I stay behind the lines with my damned ears listening for you to get your head chopped off.” “We all do what we do,” said Montag. He put the Bible in the old man's hands. I'll chance turning in a substitute. Tomorrow —” “I'll see the unemployed printer, yes; that much I can do.” “Good night, Professor.” “Not good night. I'll be with you the rest of the night, a vinegar gnat tickling your ear when you need me. But good night and good luck, anyway.” The door opened and shut. Montag was in the dark street again, looking at the world. You could feel the war getting ready in the sky that night.","This passage from a dystopian novel illustrates the stark contrast between physical bravery and psychological courage, highlighting the themes of sacrifice and moral integrity within oppressive societal conditions. Montag's act of sending someone out into danger while he remains hidden underscores his internal conflict and sense of responsibility, even as he acknowledges the necessity of such actions in their dangerous world. The imagery of war preparing in the sky adds to the pervasive sense of impending doom and the urgency for resistance against a repressive regime, emphasizing the novel's exploration of individual action versus societal conformity."
fahrenheit_020,fahrenheit,qwen,qwen2.5:14b,"He smelled the heavy musk-like perfume mingled with blood and the gummed exhalation of the animal's breath, all cardamon and moss and ragweed odour in this huge night where the trees ran at him, pulled away, ran, pulled away, to the pulse of the heart behind his eyes. There must have been a billion leaves on the land; he waded in them, a dry river smelling of hot cloves and warm dust. There was a smell like a cut potato from all the land, raw and cold and white from having the moon on it most of the night. There was a smell like pickles from a bottle and a smell like parsley on the table at home. There was a faint yellow odour like mustard from a jar. There was a smell like carnations from the yard next door.","This passage employs vivid sensory imagery, particularly focusing on scent, to convey a sense of disorientation and confusion in a dystopian setting. The mingling of natural scents with those that suggest violence or discomfort (like blood) emphasizes the protagonist's struggle to navigate an overwhelming and chaotic environment where nature seems both indifferent and threatening. This reflects broader themes of sensory overload and psychological distress typical in dystopian literature, highlighting the character’s alienation from a world altered by unknown forces, which mirrors larger societal upheaval and loss of familiar norms."
fahrenheit_021,fahrenheit,qwen,qwen2.5:14b,"The poor girl's better off dead.” “Yes, dead.” “Luckily, queer ones like her don't happen, often. We know how to nip most of them in the bud, early. You can't build a house without nails and wood. If you don't want a house built, hide the nails and wood. If you don't want a man unhappy politically, don't give him two sides to a question to worry him; give him one. Let him forget there is such a thing as war. If the Government is inefficient, top-heavy, and tax-mad, better it be all those than that people worry over it. Give the people contests they win by remembering the words to more popular songs or the names of state capitals or how much corn Iowa grew last year. Cram them full of non-combustible data, chock them so damned full of 'facts' they feel stuffed, but absolutely 'brilliant' with information.","This passage from a dystopian novel critiques the suppression and control exerted by an authoritarian government over its citizens. The dialogue suggests that individuals who deviate from societal norms are eliminated early to maintain social order, reflecting themes of conformity and oppression. By controlling access to information and focusing on trivial knowledge rather than critical thinking or political awareness, the regime ensures that people remain content and complacent, preventing them from questioning the status quo or organizing against it. This passage highlights the dangers of propaganda and state-controlled education in maintaining an oppressive society where individuality is suppressed for the sake of stability and control."
fahrenheit_022,fahrenheit,qwen,qwen2.5:14b,"“That made you for a little while a drunkard. Read a few lines and off you go over the cliff. Bang, you're ready to blow up the world, chop off heads, knock down women and children, destroy authority. I know, I've been through it all.” “I'm all right,” said Montag, nervously. I'm not needling, really I'm not. Do you know, I had a dream an hour ago. I lay down for a cat-nap and in this dream you and I, Montag, got into a furious debate on books. You towered with rage, yelled quotes at me. Power, I said, And you, quoting Dr. Johnson, said 'Knowledge is more than equivalent to force!' And I said, 'Well, Dr. Johnson also said, dear boy, that ”He is no wise man that will quit a certainty for an uncertainty.'“ Stick with the fireman, Montag. All else is dreary chaos!” “Don't listen,” whispered Faber.","This passage from a dystopian novel explores the tension between knowledge and authority, as well as the dangerous allure of ideological fervor. The speaker warns Montag about the intoxicating effect that reading has on one's mind, suggesting that it can quickly plunge an individual into revolutionary zeal or chaos. This dialogue highlights the theme of censorship and its role in maintaining social stability at the cost of intellectual freedom; by restricting access to books and information, authorities prevent citizens from questioning established norms and power structures. Faber’s cautioning Montag underscores the risk involved in challenging this oppressive system, as it can lead to personal danger and societal upheaval."
fahrenheit_023,fahrenheit,qwen,qwen2.5:14b,"Perhaps he had expected their faces to burn and glitter with the knowledge they carried, to glow as lanterns glow, with the light in them. But all the light had come from the camp fire, and these men had seemed no different from any others who had run a long race, searched a long search, seen good things destroyed, and now, very late, were gathering to wait for the end of the party and the blowing out of the lamps. They weren't at all certain that the things they carried in their heads might make every future dawn glow with a purer light, they were sure of nothing save that the books were on file behind their quiet eyes, the books were waiting, with their pages uncut, for the customers who might come by in later years, some with clean and some with dirty fingers.","This passage from a dystopian novel reflects a poignant moment where an unnamed narrator encounters individuals whose knowledge is presumed to carry transformative power but finds them weary and uncertain. The theme of disillusionment is evident as these characters, despite their possession of valuable information symbolized by books, appear worn out and doubt the impact of what they know on future generations. This suggests a broader critique of idealism in the face of societal inertia or despair, indicating that knowledge alone may not be sufficient to bring about meaningful change or enlightenment when people are fatigued or dispirited. The uncut pages of books symbolize potential for future action and understanding, but also underscore the current lack of engagement and hope among those who possess this knowledge."
fahrenheit_024,fahrenheit,qwen,qwen2.5:14b,"“The Mechanical Hound is now landing by helicopter at the site of the Burning!” And there on the small screen was the burnt house, and the crowd, and something with a sheet over it and out of the sky, fluttering, came the helicopter like a grotesque flower. So they must have their game out, thought Montag. The circus must go on, even with war beginning within the hour… He watched the scene, fascinated, not wanting to move. It seemed so remote and no part of him; it was a play apart and separate, wondrous to watch, not without its strange pleasure. That's all for me, you thought, that's all taking place just for me, by God.","This passage from the dystopian novel ""Fahrenheit 451"" by Ray Bradbury encapsulates the detachment and apathy of society towards tragic events. The Mechanical Hound, a symbol of robotic justice and surveillance, descending like a mechanical flower on a scene of human devastation (the burning house) underscores the dehumanization and mechanization of law enforcement in a totalitarian state. Montag's dispassionate observation and sense of alienation suggest his growing awareness and eventual disillusionment with the societal norms that glorify conformity over individual thought and feeling, highlighting themes of surveillance, loss of autonomy, and the consequences of a society devoid of critical thinking and empathy."
fahrenheit_025,fahrenheit,qwen,qwen2.5:14b,"He said, if I get killed off, you just go right ahead and don't cry, but get married again, and don't think of me.” “That reminds me,” said Mildred. “Did you see that Clara Dove five-minute romance last night in your wall? Well, it was all about this woman who —” Montag said nothing but stood looking at the women's faces as he had once looked at the faces of saints in a strange church he had entered when he was a child.","In this passage from a dystopian novel, Montag is having a conversation with Mildred that reveals the superficiality and emotional detachment prevalent in their society. The mention of Clara Dove's five-minute romance on a wall TV underscores the culture's reliance on quick, disposable entertainment rather than meaningful human connections or deep emotional bonds. This scene highlights themes of societal alienation and the erosion of genuine relationships as people are conditioned to seek fleeting pleasures instead of enduring personal ties, reflecting on how such conditions can dehumanize individuals and strip away their capacity for profound intimacy and mourning."
fahrenheit_026,fahrenheit,qwen,qwen2.5:14b,"A minute later, Three White Cartoon Clowns chopped off each other's limbs to the accompaniment of immense incoming tides of laughter. Two minutes more and the room whipped out of town to the jet cars wildly circling an arena, bashing and backing up and bashing each other again. Montag saw a number of bodies fly in the air. “Millie, did you see that?” “I saw it, I saw it!” Montag reached inside the parlour wall and pulled the main switch. The images drained away, as if the water had been let out from a gigantic crystal bowl of hysterical fish. The three women turned slowly and looked with unconcealed irritation and then dislike at Montag. “When do you suppose the war will start?” he said. “I notice your husbands aren't here tonight?” “Oh, they come and go, come and go,” said Mrs.","This passage from a dystopian novel vividly portrays the desensitization and superficiality of society, where violence is entertained as mere spectacle and laughter covers up underlying anxieties and fear. The surreal scene of ""Three White Cartoon Clowns"" engaging in violent acts highlights the absurdity of entertainment that numbs the populace to real-world horrors. Montag’s action of switching off the wall screen symbolizes a momentary rebellion against this oppressive, mind-numbing culture, revealing his growing awareness and disapproval of societal norms."
fahrenheit_027,fahrenheit,qwen,qwen2.5:14b,"Would you like to go and check their file? Maybe you'd look under Guy Montag or maybe under Fear or War. Would you like to go to that house that burnt last night? And rake ashes for the bones of the woman who set fire to her own house! What about Clarisse McClellan, where do we look for her? Listen!” The bombers crossed the sky and crossed the sky over the house, gasping, murmuring, whistling like an immense, invisible fan, circling in emptiness. “Every hour so many damn things in the sky! How in hell did those bombers get up there every single second of our lives! Why doesn't someone want to talk about it? We've started and won two atomic wars since 1960. Is it because we're having so much fun at home we've forgotten the world?","This passage from a dystopian novel highlights themes of censorship, societal ignorance, and the consequences of war. The speaker's provocative questions, such as inviting someone to examine file records under ""Guy Montag"" or ""Fear,"" suggest a society where information is controlled and truth is suppressed. The reference to bombers in the sky underscores a constant state of war that the populace seems detached from, emphasizing the theme of societal indifference toward large-scale violence and suffering. This detachment implies that citizens are so distracted by their daily lives and entertainment that they fail to question or engage with the broader implications of ongoing warfare, leading to a profound disconnect between personal existence and larger global realities."
fahrenheit_028,fahrenheit,qwen,qwen2.5:14b,"He's a regular peppermint stick now, all sugar-crystal and saccharine when he isn't making veiled references to certain commercial products that every worshipper absolutely needs.” Faber sniffed the book. “Do you know that books smell like nutmeg or some spice from a foreign land? I loved to smell them when I was a boy. Lord, there were a lot of lovely books once, before we let them go.” Faber turned the pages. Montag, you are looking at a coward. I saw the way things were going, a long time back. I'm one of the innocents who could have spoken up and out when no one would listen to the 'guilty,' but I did not speak and thus became guilty myself.","This passage from a dystopian novel highlights the themes of censorship and loss of intellectual freedom, as embodied by the character Faber. He laments the disappearance of books filled with diverse knowledge and experiences, now replaced by superficial media that manipulates people into consumerism and conformity. By positioning himself as both observer and participant in this cultural decline, Faber expresses guilt for his own complicity in allowing censorship to prevail—a poignant reflection on the ethical responsibility of individuals to stand against societal decay."
fahrenheit_029,fahrenheit,qwen,qwen2.5:14b,"If he wished, he could linger here, in comfort, and follow the entire hunt on through its swift phases, down alleys across streets, over empty running avenues, crossing lots and playgrounds, with pauses here or there for the necessary commercials, up other alleys to the burning house of Mr. Black, and so on finally to this house with Faber and himself seated, drinking, while the Electric Hound snuffed down the last trail, silent as a drift of death itself, skidded to a halt outside that window there.","This passage from a dystopian novel depicts a surveillance system so invasive it feels like an omnipresent observer in people's lives. The ""hunt"" described suggests a chase orchestrated by the authorities, likely for someone who is considered a threat or a dissident. The mention of ""necessary commercials"" implies that even during moments of high tension and urgency, advertising intrudes, highlighting the extent to which commercialism has permeated daily life and thought control in this society. The arrival of the Electric Hound—a mechanical creature used for tracking and apprehending individuals—signifies the technological prowess employed by those in power to maintain their dominance and suppress dissent. This scene underscores themes of surveillance, oppression, and the loss of privacy, illustrating a bleak future where freedom and individuality are systematically eradicated."
fahrenheit_030,fahrenheit,qwen,qwen2.5:14b,"The Hound leapt up into the air with a rhythm and a sense of timing that was incredibly beautiful. It was suspended for a moment in their gaze, as if to give the vast audience time to appreciate everything, the raw look of the victim's face, the empty street, the steel animal a bullet nosing the target. “Montag, don't move!” said a voice from the sky. The camera fell upon the victim, even as did the Hound. The victim was seized by Hound and camera in a great spidering, clenching grip. Montag cried out in the silence and turned away. And then, after a time of the men sitting around the fire, their faces expressionless, an announcer on the dark screen said, “The search is over, Montag is dead; a crime against society has been avenged.” Darkness.","This passage from a dystopian novel encapsulates the cold efficiency and brutal surveillance of a totalitarian regime. The vivid imagery of the Hound (likely a mechanical or genetically modified creature) leaping to attack its victim with perfect timing symbolizes the precision and inevitability of state control. The juxtaposition between the beauty of the Hound's leap and the horror it represents underscores the theme of dehumanization, where acts of violence are presented as aesthetically pleasing events for public consumption. Additionally, the intrusion of a camera signifies how surveillance is intertwined with punishment in this society, reinforcing themes of loss of privacy and individuality. The announcement at the end serves to normalize the act of killing, reflecting broader societal acceptance of state-sanctioned violence as justice, which further deepens the dystopian critique on censorship, control, and the suppression of dissent."
fahrenheit_031,fahrenheit,qwen,qwen2.5:14b,"And here was the gas station, its attendants busy now with customers. Approaching from the rear, Montag entered the men's washroom. Through the aluminium wall he heard a radio voice saying, “War has been declared.” The gas was being pumped outside. The men in the beetles were talking and the attendants were talking about the engines, the gas, the money owed. Montag stood trying to make himself feel the shock of the quiet statement from the radio, but nothing would happen. The war would have to wait for him to come to it in his personal file, an hour, two hours from now. He washed his hands and face and towelled himself dry, making little sound. He came out of the washroom and shut the door carefully and walked into the darkness and at last stood again on the edge of the empty boulevard.","In this passage, Montag's detachment from the announcement of war underscores a profound theme of societal desensitization in a dystopian setting. The mundane activities occurring outside the gas station—such as pumping gas and exchanging money—highlight how critical news is overshadowed by routine tasks, illustrating a world where significant events are met with indifference or delayed acknowledgment. Montag's inability to immediately feel shocked by the declaration of war reflects his psychological state and societal conditioning, suggesting that personal crises or existential realizations take precedence over public calamities in such a dehumanized environment."
fahrenheit_032,fahrenheit,qwen,qwen2.5:14b,"“You reading up on fireman theory?” “Theory, hell,” said Montag. ” Montag felt himself turning in a great circling roar and buzz and hum. “Montag, hold on, don't…” “Did you hear them, did you hear these monsters talking about monsters? Oh God, the way they jabber about people and their own children and themselves and the way they talk about their husbands and the way they talk about war, dammit, I stand here and I can't believe it!” “I didn't say a single word about any war, I'll have you know,” said Mrs, Phelps. “As for poetry, I hate it,” said Mrs. “Have you ever read any?” “Montag,” Faber's voice scraped away at him. Shut up, you fool!” All three women were on their feet. “Montag, Montag, please, in the name of God, what are you up to?” pleaded Faber.","This passage from a dystopian novel captures a tense and emotionally charged moment as the protagonist, Montag, becomes overwhelmed by his surroundings and erupts with frustration over the superficiality and lack of depth in conversations around him. The use of terms like ""monsters"" to describe others reflects Montag's disillusionment and growing awareness of the dehumanizing effects of censorship and cultural decay. This moment highlights key themes of the novel, including the importance of literature for preserving human empathy and critical thinking, as well as the dangers of a society that values conformity over individuality and intellectual freedom."
fahrenheit_033,fahrenheit,qwen,qwen2.5:14b,"He was a thing of brush and liquid eye, of fur and muzzle and hoof, he was a thing of horn and blood that would smell like autumn if you bled it out on the ground. He stood a long long time, listening to the warm crackle of the flames. There was a silence gathered all about that fire and the silence was in the men's faces, and time was there, time enough to sit by this rusting track under the trees, and look at the world and turn it over with the eyes, as if it were held to the centre of the bonfire, a piece of steel these men were all shaping. It was not only the fire that was different. Montag moved toward this special silence that was concerned with all of the world.","This passage from a dystopian novel vividly depicts a moment of profound reflection and transformation for the character Montag, who is observing a bonfire while surrounded by an oppressive silence. The imagery of nature—brush, liquid eye, fur, muzzle, hoof, horn, blood, and autumn—contrasts sharply with the man-made destruction symbolized by the fire and rusting track, highlighting the clash between natural beauty and societal decay. The silence that envelops the scene represents both a void in communication and thought, as well as an introspective space for Montag to question his world and its values, suggesting a pivotal moment of awakening and potential rebellion against oppressive norms."
fahrenheit_034,fahrenheit,qwen,qwen2.5:14b,"I mean to have firemen burn our houses and our books.” “We haven't any books.” “But if we did have some.” “You got some?” Beatty blinked slowly. “No.” Montag gazed beyond them to the wall with the typed lists of a million forbidden books. Their names leapt in fire, burning down the years under his axe and his hose which sprayed not water but kerosene. “No.” But in his mind, a cool wind started up and blew out of the ventilator grille at home, softly, softly, chilling his face. And, again, he saw himself in a green park talking to an old man, a very old man, and the wind from the park was cold, too. Montag hesitated, “Was — was it always like this? I mean, well, once upon a time…” “Once upon a time!” Beatty said.","This passage from the dystopian novel ""Fahrenheit 451"" by Ray Bradbury underscores the theme of societal censorship and the suppression of knowledge. The dialogue reveals that books are not only banned but actively destroyed, symbolizing the eradication of intellectual freedom and historical memory. Beatty's dismissive tone and Montag's internal conflict highlight a profound sense of loss and awakening; Montag feels a ""cool wind"" suggesting he begins to yearn for the world where books were valued and ideas could flourish freely, contrasting sharply with his current reality. The passage is significant as it marks a pivotal moment in Montag’s realization of the oppressive nature of his society, setting the stage for his rebellion against it."
fahrenheit_035,fahrenheit,qwen,qwen2.5:14b,"Later, the men around Montag could not say if they had really seen anything. Perhaps the merest flourish of light and motion in the sky. Perhaps the bombs were there, and the jets, ten miles, five miles, one mile up, for the merest instant, like grain thrown over the heavens by a great sowing hand, and the bombs drifting with dreadful swiftness, yet sudden slowness, down upon the morning city they had left behind. The bombardment was to all intents and purposes finished, once the jets had sighted their target, alerted their bombardiers at five thousand miles an hour; as quick as the whisper of a scythe the war was finished. Once the bomb-release was yanked it was over.","This passage from a dystopian novel vividly captures the eerie and unsettling nature of modern warfare, where destruction can occur with breathtaking speed and minimal human perception. The author uses imagery such as ""grain thrown over the heavens"" to convey how war, particularly aerial bombing, is almost imperceptible yet devastatingly effective. This depiction underscores themes of technological dehumanization and the futility of resistance in a society governed by rapid, uncontrollable forces, highlighting the novel's critique of unchecked military power and its impact on civilian life."
fahrenheit_036,fahrenheit,qwen,qwen2.5:14b,"We're not out to incite or anger anyone yet. For if we are destroyed, the knowledge is dead, perhaps for good. We are model citizens, in our own special way; we walk the old tracks, we lie in the hills at night, and the city people let us be. We're stopped and searched occasionally, but there's nothing on our persons to incriminate us. The organization is flexible, very loose, and fragmentary. Some of us have had plastic surgery on our faces and fingerprints. Right now we have a horrible job; we're waiting for the war to begin and, as quickly, end. It's not pleasant, but then we're not in control, we're the odd minority crying in the wilderness. When the war's over, perhaps we can be of some use in the world.” “Do you really think they'll listen then?” “If not, we'll just have to wait.","This passage from a dystopian novel captures the precarious existence and resigned frustration of a group of individuals who possess critical knowledge but are powerless to change their oppressive environment. They walk a fine line between resistance and compliance, maintaining a low profile as they avoid confrontation with authorities while secretly harboring subversive intentions. The mention of waiting for a war suggests that these characters hope for an upheaval in the status quo, which might provide them with an opportunity to act upon their knowledge and influence change, even though they recognize the futility and danger inherent in such hopes. Their sense of isolation (""crying in the wilderness"") underscores the theme of individual versus societal control, emphasizing how marginalized voices struggle to be heard amidst overwhelming social and political forces."
fahrenheit_037,fahrenheit,qwen,qwen2.5:14b,"They see only the blaze, the pretty fire, as you saw it.” “Montag, old men who stay at home, afraid, tending their peanut-brittle bones, have no right to criticize. Yet you almost killed things at the start. I must admit that your blind raging invigorated me. But now — I want you to feel old, I want a little of my cowardice to be distilled in you tonight. The next few hours, when you see Captain Beatty, tiptoe round him, let me hear him for you, let me feel the situation out. Forget the poor, silly women…” “I made them unhappier than they have been in years, I think,” said Montag. “It shocked me to see Mrs. Maybe they're right, maybe it's best not to face things, to run, have fun. I feel guilty —” “No, you mustn't!","This passage delves into the psychological complexity of Guy Montag as he grapples with his actions and their implications in a dystopian society that suppresses thought and literature. The speaker, likely Faber or another character who has advised Montag throughout his journey, acknowledges the initial impact of Montag's rebellious acts but cautions him against complacency or remorse. By highlighting the dichotomy between youthful zeal and cautionary wisdom, the passage underscores themes of resistance versus survival, the moral implications of one’s actions, and the societal pressure to conform even when faced with injustice. This internal dialogue is crucial as it pushes Montag toward a deeper understanding of his role in challenging oppressive systems, reinforcing the novel's critique of censorship and intellectual suppression."
fahrenheit_038,fahrenheit,qwen,qwen2.5:14b,"The way the clouds moved aside and came back, and the way the stars looked, a million of them swimming between the clouds, like the enemy discs, and the feeling that the sky might fall upon the city and turn it to chalk dust, and the moon go up in red fire; that was how the night felt. Montag walked from the subway with the money in his pocket (he had visited the bank which was open all night and every night with robot tellers in attendance) and as he walked he was listening to the Seashell radio in one car…? We have mobilized a million men. Quick victory is ours if the war comes…"" Music flooded over the voice quickly and it was gone. “Ten million men mobilized,” Faber's voice whispered in his other ear. It's happier.” “Faber?” “Yes?” “I'm not thinking.","The passage from the dystopian novel employs vivid imagery to convey a sense of impending doom and disconnection. The author uses the unsettling movement of clouds and stars as metaphors for the pervasive threat looming over the city, suggesting an atmosphere of constant surveillance and control by some unseen enemy. This is further emphasized by Montag's mechanical actions—visiting an unmanned bank and listening to programmed messages on his Seashell radio—which reflect a society where human interaction and critical thought have been supplanted by robotic efficiency and propaganda. The contrast between the voice in one ear advocating for war and the whispered response of Faber in the other, questioning its happiness, underscores the theme of dehumanization and the loss of individuality in a totalitarian state."
fahrenheit_039,fahrenheit,qwen,qwen2.5:14b,"The light from the overhead lamps seemed as bright and revealing as the midday sun and just as hot. He listened to the sound of the car picking up speed two blocks away on his right. Its movable headlights jerked back and forth suddenly, and caught at Montag. Montag faltered, got a grip on the books, and forced himself not to freeze. Instinctively he took a few quick, running steps then talked out loud to himself and pulled up to stroll again. He was now half across the street, but the roar from the beetle's engines whined higher as it put on speed. But slow now; slow, quiet, don't turn, don't look, don't seem concerned. The beetle was in high thunder. The beetle came in a single whistling trajectory, fired from an invisible rifle. It was up to 120 m.p.h. It was up to 130 at least.","This passage evokes a tense and oppressive atmosphere that underscores the novel's dystopian setting. The intense lighting of the overhead lamps symbolizes the constant surveillance and exposure in this society, where there is little room for privacy or dissent. Montag’s instinctive reaction to blend into his surroundings reveals both his fear and his attempt at defiance against a system that treats individuals like fugitives. The speeding car, referred to as ""the beetle,"" embodies the relentless pursuit of those who break societal norms, highlighting themes of control, surveillance, and the suppression of individual thought or action."
fahrenheit_040,fahrenheit,qwen,qwen2.5:14b,"Her face, turned to him now, was fragile milk crystal with a soft and constant light in it. It was not the hysterical light of electricity but — what? But the strangely comfortable and rare and gently flattering light of the candle. One time, when he was a child, in a power-failure, his mother had found and lit a last candle and there had been a brief hour of rediscovery, of such illumination that space lost its vast dimensions and drew comfortably around them, and they, mother and son, alone, transformed, hoping that the power might not come on again too soon… And then Clarisse McClellan said: “Do you mind if I ask? How long have you worked at being a fireman?” “Since I was twenty, ten years ago.” “Do you ever read any of the books you burn?” He laughed.","The passage from this dystopian novel uses powerful imagery to contrast technological and natural forms of light, symbolizing different ways of experiencing reality. The fragile yet radiant ""milk crystal"" face illuminated by candlelight evokes a sense of warmth and intimacy that is sharply at odds with the cold sterility implied by electric lighting. This contrast highlights themes of nostalgia for simpler times and personal connection in an age of technological dependency and loss of community. Furthermore, the narrative hints at rebellion and the possibility of resistance against the oppressive system when the character Clarisse questions Montag about his job as a fireman who burns books—suggesting that her curiosity signals a longing to reconnect with forbidden knowledge and experiences that challenge the status quo."
fahrenheit_041,fahrenheit,qwen,qwen2.5:14b,"Captain Beatty, his poker cards in one pink hand, walked with exaggerated slowness to the phone and ripped out the address when the report was finished. He glanced perfunctorily at it, and shoved it in his pocket. He came back and sat down. “It can wait exactly forty seconds while I take all the money away from you,” said Beatty, happily. Going out of this game?” “Yes.” “Hold on. Well, come to think of it, we can finish this hand later. Just leave your cards face down and hustle the equipment. On the double now.” And Beatty rose up again. I'd hate to think you were coming down with another fever…” “I'll be all right.” “You'll be fine.","This passage from a dystopian novel highlights the oppressive nature of authority and the erosion of personal freedoms in an authoritarian society. Captain Beatty, who wields significant power, demonstrates his control through trivial actions like confiscating poker money, which metaphorically represents personal freedom and autonomy. The casual manner in which he asserts this power underscores the pervasive fear and resignation that citizens experience under such a regime, suggesting a deeper theme of compliance versus resistance."
fahrenheit_042,fahrenheit,qwen,qwen2.5:14b,"He glanced back at the wall. How like a mirror, too, her face. Impossible: for how many people did you know that refracted your own light to you? People were more often — he searched for a simile, found one in his work — torches, blazing away until they whiffed out. How rarely did other people's faces take of you and throw back to you your own expression, your own innermost trembling thought? What incredible power of identification the girl had; she was like the eager watcher of a marionette show, anticipating each flicker of an eyelid, each gesture of his hand, each flick of a finger, the moment before it began. How long had they walked together? Yet how large that time seemed now. How immense a figure she was on the stage before him; what a shadow she threw on the wall with her slender body!","This passage from a dystopian novel delves into the rare and profound connection between two characters, emphasizing themes of isolation and human empathy in a seemingly cold or uncaring society. The protagonist's reflection on how seldom others truly reflect back their inner thoughts suggests a world where genuine emotional connections are scarce, highlighting the extraordinary nature of the girl's ability to mirror his feelings accurately. This powerful yet unsettling moment underscores the novel’s exploration of what it means to be seen and understood in an often indifferent or hostile environment."
fahrenheit_043,fahrenheit,qwen,qwen2.5:14b,"“Got to clean 'em out both ways,” said the operator, standing over the silent woman. “No use getting the stomach if you don't clean the blood. Leave that stuff in the blood and the blood hits the brain like a mallet, bang, a couple of thousand times and the brain just gives up, just quits.” “Stop it!” said Montag. “I was just sayin',” said the operator. They shut the machines up tight. “We're done.” His anger did not even touch them. They stood with the cigarette smoke curling around their noses and into their eyes without making them blink or squint. “That's fifty bucks.” “First, why don't you tell me if she'll be all right?” “Sure, she'll be O.K. We got all the mean stuff right in our suitcase here, it can't get at her now.","This passage from a dystopian novel delves into the stark and dehumanizing nature of a society that treats human lives as mere objects to be mechanically adjusted and sanitized. The operator's cold, clinical tone and casual disregard for the patient’s well-being illustrate a world where technology and efficiency have supplanted compassion and medical ethics. This scenario highlights themes of dehumanization and the loss of individual value in a technologically advanced yet morally bankrupt society, underscoring the novel's critique on how mechanized systems can erode human empathy and dignity."
fahrenheit_044,fahrenheit,qwen,qwen2.5:14b,"For it would be the dying of an unknown, a street face, a newspaper image, and it was suddenly so very wrong that he had begun to cry, not at death but at the thought of not crying at death, a silly empty man near a silly empty woman, while the hungry snake made her still more empty. How do you get so empty? Who takes it out of you? And that awful flower the other day, the dandelion! It had summed up everything, hadn't it? You're not in love with anyone!” And why not? Well, wasn't there a wall between him and Mildred, when you came down to it? Literally not just one, wall but, so far, three!","This passage from the dystopian novel highlights themes of emotional desolation and societal estrangement. The protagonist's distress over crying at death reveals a profound disconnection from genuine human emotion in a society that seems to have stripped individuals of their capacity for authentic feeling. This sense of emptiness is further underscored by the imagery of walls between people, symbolizing both physical separation and deeper emotional barriers within relationships like that with Mildred, emphasizing how societal structures prevent meaningful human connections. The reference to a dandelion as an ""awful flower"" and its summation of the protagonist's loneliness encapsulates the sense of despair and isolation pervasive in this dystopian world, where even nature cannot offer solace or hope for connection."
fahrenheit_045,fahrenheit,qwen,qwen2.5:14b,"Her fingers were tracing the book's outline and as the shape became familiar her face looked surprised and then stunned. Her mouth opened to ask a question… “Empty the theatres save for clowns and furnish the rooms with glass walls and pretty colours running up and down the walls like confetti or blood or sherry or sauterne. You like baseball, don't you, Montag?” “Baseball's a fine game.” Now Beatty was almost invisible, a voice somewhere behind a screen of smoke “What's this?” asked Mildred, almost with delight. Montag heaved back against her arms. “What's this here?” “Sit down!” Montag shouted. She jumped away, her hands empty. “We're talking!” Beatty went on as if nothing had happened. “You like bowling, don't you, Montag?” “Bowling, yes.” “And golf?” “Golf is a fine game.” “Basketball?” “A fine game.” “Billiards, pool?","This passage from the dystopian novel ""Fahrenheit 451"" by Ray Bradbury underscores the oppressive and manipulative nature of the society depicted. Montag's wife Mildred is shown to be passive and easily distracted as she stumbles upon a hidden book, which is illegal in their society where literature is banned. The moment of revelation for Mildred, followed quickly by her retreat into ignorance when confronted with reality, highlights the novel’s critique on mindless entertainment and superficial living. Beatty's monologue about sports serves to further distract Montag from the discovery, illustrating how societal figures exploit trivial diversions to maintain control over citizens, preventing them from questioning or challenging the status quo."
fahrenheit_046,fahrenheit,qwen,qwen2.5:14b,"And you must admit our culture provides plenty of these.” “Yes.” Montag could lip-read what Mildred was saying in the doorway. He tried not to look at her mouth, because then Beatty might turn and read what was there, too. “Coloured people don't like Little Black Sambo. White people don't feel good about Uncle Tom's Cabin. Someone's written a book on tobacco and cancer of the lungs? Five minutes after a person is dead he's on his way to the Big Flue, the Incinerators serviced by helicopters all over the country. Ten minutes after death a man's a speck of black dust. Let's not quibble over individuals with memoriams. Fire is bright and fire is clean.” The fireworks died in the parlour behind Mildred. She had stopped talking at the same time; a miraculous coincidence. “There was a girl next door,” he said, slowly. “She's gone now, I think, dead.","This passage from the dystopian novel ""Fahrenheit 451"" by Ray Bradbury highlights the oppressive nature of the society depicted, where books are banned and intellectuals persecuted. The dialogue between Montag and Mildred underscores the societal acceptance of censorship and mass destruction in the name of cleanliness and efficiency. Mildred's words reflect a pervasive cultural numbness, where individuals reject literature that challenges their comfort or identity, leading to a populace devoid of critical thought or emotional depth. The incineration of books symbolizes the erasure of dissenting voices and complex ideas, reinforcing the theme of societal control through ignorance."
fahrenheit_047,fahrenheit,qwen,qwen2.5:14b,"“Come on, let's be cheery, you turn the 'family' on, now. Let's laugh and be happy, now, stop crying, we'll have a party!” “No,” said Mrs. You want to visit my house and 'family,' well and good. But I won't come in this fireman's crazy house again in my lifetime!” “Go home.” Montag fixed his eyes upon her, quietly. “Go home and think of your first husband divorced and your second husband killed in a jet and your third husband blowing his brains out, go home and think of the dozen abortions you've had, go home and think of that and your damn Caesarian sections, too, and your children who hate your guts! Go home and think how it all happened and what did you ever do to stop it? Go home, go home!” he yelled.","This passage from a dystopian novel underscores the stark contrast between superficial societal norms and the harsh realities of individual lives. The cheerful facade pushed by the fireman contrasts sharply with Mrs. You's personal tragedies and societal ills she has endured or contributed to, revealing the oppressive nature of societal expectations that mask profound personal suffering and moral decay. The fireman's tirade exposes the deep-seated disillusionment and anger felt towards a system that forces individuals into an emotionally sterile existence, highlighting themes of conformity, despair, and the erosion of genuine human connection in a controlled society."
fahrenheit_048,fahrenheit,qwen,qwen2.5:14b,"The impersonal operator of the machine could, by wearing a special optical helmet, gaze into the soul of the person whom he was pumping out. He saw but did not see what the Eye saw. The entire operation was not unlike the digging of a trench in one's yard. The woman on the bed was no more than a hard stratum of marble they had reached. Go on, anyway, shove the bore down, slush up the emptiness, if such a thing could be brought out in the throb of the suction snake. The operator stood smoking a cigarette. The other machine was working too. The other machine was operated by an equally impersonal fellow in non-stainable reddish-brown overalls. This machine pumped all of the blood from the body and replaced it with fresh blood and serum.","This passage vividly portrays a dystopian society where human individuality is devalued and reduced to mere biological processes, symbolized by machines that intrusively manipulate the physical essence of individuals. The impersonal operator's ability to ""gaze into the soul"" through a special helmet contrasts starkly with his detachment, highlighting a profound disconnection between the mechanization of life and its deeper human meaning. This scene underscores themes of dehumanization, the loss of personal identity in a technologically dominated world, and the erosion of empathy within societal institutions. The imagery of digging a trench and treating the person as an inert ""hard stratum of marble"" emphasizes how individuals are reduced to mere physical substances rather than complex beings with emotions and souls."
fahrenheit_049,fahrenheit,qwen,qwen2.5:14b,"They both looked quickly about the house and Montag felt his nostrils dilate and he knew that he was trying to track himself and his nose was suddenly good enough to sense the path he had made in the air of the room and the sweat of his hand hung from the doorknob, invisible, but as numerous as the jewels of a small chandelier, he was everywhere, in and on and about everything, he was a luminous cloud, a ghost that made breathing once more impossible. He saw Faber stop up his own breath for fear of drawing that ghost into his own body, perhaps, being contaminated with the phantom exhalations and odours of a running man.","This passage from a dystopian novel employs vivid imagery to convey the pervasive nature of Montag's presence, even after he has left the room. The description of him as ""a luminous cloud"" or ""a ghost"" suggests that his impact lingers in the air and on objects he has touched, symbolizing how fear and anxiety can leave an indelible mark on those around them. This is significant because it illustrates the themes of surveillance and paranoia that are central to dystopian narratives, highlighting how the mere act of resistance or deviation from societal norms can create a palpable tension that affects everyone involved. The mention of Faber holding his breath underscores the fear and suspicion permeating the society, suggesting that even casual interactions carry potential risks."
iron_heel_000,iron_heel,qwen,qwen2.5:14b,"A little

 less than a hundred years ago, and a little more than six hundred

 years after her death, the confession of Pervaise was discovered in

 the secret archives of the Vatican. It is perhaps well to tell a

 little something about this obscure document, which, in the main, is

 of interest to the historian only. Pervaise was an American, of French descent, who in 1913 A.D., was

    lying in the Tombs Prison, New York City, awaiting trial for

    murder. From his confession we learn that he was not a criminal. In an insane fit of

    jealousy he killed his wife—a very common act in those times. Pervaise was mastered by the fear of death, all of which is

    recounted at length in his confession.","This passage introduces the concept of historical documentation and its potential to reveal darker aspects of human history. By mentioning a ""confession"" found centuries later, it underscores themes of secrecy, guilt, and the enduring impact of past actions on society's collective conscience. The confession details an act of murder driven by jealousy, highlighting how common violence against women was in earlier times—a stark commentary on societal norms and legal systems that condone or overlook such acts. The emphasis on Pervaise’s fear of death adds a psychological layer, exploring the human condition's struggle with mortality and moral accountability."
iron_heel_001,iron_heel,qwen,qwen2.5:14b,"Twenty-eight hundred of them had been

annihilated in a tremendous series of dynamite explosions in Oregon,

and in a similar manner, a number of train loads, at different times

and places, had been destroyed. So it was that the regular troops

fought for their lives as well as did the farmers. As for the militia, the militia law of 1903 was put into effect, and

the workers of one state were compelled, under pain of death, to shoot

down their comrade-workers in other states. Of course, the militia law

did not work smoothly at first. Many militia officers were murdered,

and many militiamen were executed by drumhead court martial. Ernest’s

prophecy was strikingly fulfilled in the cases of Mr. Both were eligible for the militia, and both were drafted to

serve in the punitive expedition that was despatched from California

against the farmers of Missouri.","This passage from a dystopian novel vividly depicts the violent breakdown of society as law enforcement and military forces are pitted against civilians in an extreme conflict. The themes of civil unrest, class warfare, and governmental brutality are central, with the government resorting to draconian measures like conscripting workers to fight fellow citizens, reflecting a collapse of social cohesion and ethical governance. This scenario underscores the novel's critique of societal structures that can turn ordinary people against one another under authoritarian rule, highlighting the destructive potential when governments enforce division rather than unity."
iron_heel_002,iron_heel,qwen,qwen2.5:14b,"The Iron Heel will not be able to prevent it, and in the end

caste will destroy the Iron Heel. The oligarchs have already developed

caste among themselves; but wait until the favored unions develop

caste. The Iron Heel will use all its power to prevent it, but it will

fail. “In the favored unions are the flower of the American workingmen. They have become members of those unions

through competition for place. Every fit workman in the United States

will be possessed by the ambition to become a member of the favored

unions. The Oligarchy will encourage such ambition and the consequent

competition. Thus will the strong men, who might else be

revolutionists, be won away and their strength used to bolster the

Oligarchy. “On the other hand, the labor castes, the members of the favored

unions, will strive to make their organizations into close

corporations.","This passage from a dystopian novel suggests a complex class struggle where an oppressive oligarchic regime, referred to as ""The Iron Heel,"" attempts to maintain control by fostering internal divisions within the working classes. The novel predicts that despite the Oligarchy's efforts to create and exploit hierarchical labor unions (""favored unions"") to keep workers divided and prevent revolutionary solidarity, these very unions will eventually develop rigid class structures of their own, leading to their downfall. This theme underscores the inherent instability of authoritarian systems and highlights how mechanisms intended to strengthen such regimes can paradoxically sow seeds of their destruction through internal corruption and societal stratification."
iron_heel_003,iron_heel,qwen,qwen2.5:14b,"Therefore, against your strength the government will turn

the regular army, the navy, the militia, the police—in short, the whole

organized war machinery of the United States. Where will your strength

be then?”



Dismay sat on their faces, and before they could recover, Ernest struck

again. “Do you remember, not so long ago, when our regular army was only fifty

thousand? Year by year it has been increased until to-day it is three

hundred thousand.”



Again he struck. While you diligently pursued that favorite phantom of

yours, called profits, and moralized about that favorite fetich of

yours, called competition, even greater and more direful things have

been accomplished by combination. There is the militia.”



“It is our strength!” cried Mr.","This passage from a dystopian novel illustrates the oppressive power of an authoritarian government over its citizens. Ernest highlights how the government has systematically increased its military and police forces, transforming them into formidable instruments to suppress dissent. The dismay expressed by his interlocutors underscores their realization that individual or collective resistance is no match for such consolidated state power. This excerpt critiques the complacency and shortsightedness of individuals who prioritize economic ideals like profit and competition over vigilance against authoritarian expansion, emphasizing themes of government control, public apathy, and the erosion of civil liberties."
iron_heel_004,iron_heel,qwen,qwen2.5:14b,"Yet during those first days of our love, fear of the future

came often to me when I thought of the violence and impetuosity of his

love-making. No woman was ever blessed

with a gentler, tenderer husband. This gentleness and violence on his

part was a curious blend similar to the one in his carriage of

awkwardness and ease. He never got over it,

and it was delicious. His behavior in our drawing-room reminded me of a

careful bull in a china shop.[1]



 [1] In those days it was still the custom to fill the living rooms

 with bric-a-brac. They had not discovered simplicity of living. Such

 rooms were museums, entailing endless labor to keep clean. The

 dust-demon was the lord of the household. There were a myriad devices

 for catching dust, and only a few devices for getting rid of it.","The passage from the dystopian novel illustrates the complexity and paradoxes inherent in human relationships within an oppressive society. It describes a husband whose behavior oscillates between gentleness and unexpected violence, symbolizing the unpredictable nature of power dynamics in such environments. The metaphor of the ""careful bull in a china shop"" underscores the tension between the desire to avoid causing harm and the inevitable disruption brought about by the very presence of authority or force within fragile settings. Additionally, the description of living rooms filled with bric-a-brac highlights the societal norm of maintaining an appearance of wealth and propriety despite underlying chaos and effort required to uphold appearances, reflecting a broader critique on the superficiality and absurdities of rigid social structures in a dystopian context."
iron_heel_005,iron_heel,qwen,qwen2.5:14b,"In 1835 A.D., the

 General Assembly of the Presbyterian Church resolved that: “_slavery

 is recognized in both the Old and the New Testaments, and is not

 condemned by the authority of God._” The Charleston Baptist

 Association issued the following, in an address, in 1835 A.D.: “_The

 right of masters to dispose of the time of their slaves has been

 distinctly recognized by the Creator of all things, who is surely at

 liberty to vest the right of property over any object whomsoever He

 pleases._” The Rev. Simon, Doctor of Divinity and professor in

 the Randolph-Macon Methodist College of Virginia, wrote: “_Extracts

 from Holy Writ unequivocally assert the right of property in slaves,

 together with the usual incidents to that right. The right to buy and

 sell is clearly stated.","This passage highlights the moral and ethical justifications for slavery offered by religious institutions during a specific historical period, using scripture to support the institution of human bondage. It underscores the themes of power, institutional complicity, and the manipulation of religious doctrine to serve oppressive social structures. The significance lies in its demonstration of how societal norms can distort religious teachings to justify egregious human rights violations, thereby illustrating the complex interplay between religion, morality, and political power in shaping a society's ethical landscape."
iron_heel_006,iron_heel,qwen,qwen2.5:14b,"To escape death he would

    have done anything, and the police agents prepared him by assuring

    him that he could not possibly escape conviction of murder in the

    first degree when his trial came off. In those days, murder in the

    first degree was a capital offense. The guilty man or woman was

    placed in a specially constructed death-chair, and, under the

    supervision of competent physicians, was destroyed by a current of

    electricity. This was called electrocution, and it was very popular

    during that period. Anaesthesia, as a mode of compulsory death, was

    not introduced until later. This man, good at heart but with a ferocious animalism close at the

    surface of his being, lying in jail and expectant of nothing less

    than death, was prevailed upon by the agents of the Iron Heel to

    throw the bomb in the House of Representatives.","This passage from a dystopian novel portrays a society where justice is perverted into a tool for political suppression. The protagonist, facing certain execution for murder, is coerced by agents representing an authoritarian regime known as the Iron Heel to commit a terrorist act in exchange for his life. This scenario underscores themes of state control, manipulation of individuals through fear and desperation, and the dehumanizing nature of capital punishment. The narrative highlights how authority figures exploit human vulnerability for political gains, reflecting broader societal critiques on government power and individual autonomy."
iron_heel_007,iron_heel,qwen,qwen2.5:14b,"The sun of the small capitalists is

setting. Nor is it in your power even to make

it stand still. You are perishing, and you are doomed to perish utterly

from the face of society. “This is the fiat of evolution. It is the word of God. Primitive man was a puny creature hiding in

the crevices of the rocks. He combined and made war upon his

carnivorous enemies. Primitive man was a

combinative beast, and because of it he rose to primacy over all the

animals. And man has been achieving greater and greater combinations

ever since. It is combination _versus_ competition, a thousand

centuries long struggle, in which competition has always been worsted. Whoso enlists on the side of competition perishes.”



“But the trusts themselves arose out of competition,” Mr. “And the trusts themselves destroyed

competition.","This passage from a dystopian novel critiques the inevitability and ruthlessness of societal evolution through economic systems, emphasizing the triumph of combination over competition as a historical and evolutionary trend. The author uses the metaphorical rise of primitive man to illustrate how those who embrace competitive individualism will ultimately be outcompeted by those who form alliances or 'trusts,' symbolizing larger corporate entities. This theme underscores the novel's exploration of power dynamics, economic determinism, and the moral implications of systemic change that marginalizes small capitalists in favor of monopolistic conglomerates."
iron_heel_008,iron_heel,qwen,qwen2.5:14b,"We had each other for

eighteen precious months, and we were not lonely, for there was always

a coming and going of leaders and comrades—strange voices from the

under-world of intrigue and revolution, bringing stranger tales of

strife and war from all our battle-line. And there was much fun and

delight. We were not mere gloomy conspirators. We toiled hard and

suffered greatly, filled the gaps in our ranks and went on, and through

all the labour and the play and interplay of life and death we found

time to laugh and love. There were artists, scientists, scholars,

musicians, and poets among us; and in that hole in the ground culture

was higher and finer than in the palaces of wonder-cities of the

oligarchs. In truth, many of our comrades toiled at making beautiful

those same palaces and wonder-cities.[2]



 [2] This is not braggadocio on the part of Avis Everhard.","This passage from a dystopian novel contrasts the rich cultural life and human connection among revolutionaries with the oppressive, sterile environment imposed by oligarchs. Despite living in perilous conditions and enduring significant hardship, the rebels maintain a vibrant community that values art, science, and intellectual pursuits. The irony lies in the fact that these rebels, who are working against an authoritarian regime, often exhibit more genuine cultural richness than those they oppose, highlighting themes of resilience, the dehumanizing effects of power, and the intrinsic value of collective human expression in the face of tyranny."
iron_heel_009,iron_heel,qwen,qwen2.5:14b,"Descendants of these original colonists

 were for a while inordinately proud of their genealogy; but in time

 the blood became so widely diffused that it ran in the veins

 practically of all Americans. “Ernest was right,” he told me, as soon as he had returned home. “Ernest is a very remarkable young man, and I’d rather see you his wife

than the wife of Rockefeller himself or the King of England.”



“What’s the matter?” I asked in alarm. “The Oligarchy is about to tread upon our faces—yours and mine. Wickson

as much as told me so. He was very kind—for an oligarch. He offered to

reinstate me in the university. What do you think of that? He, Wickson,

a sordid money-grabber, has the power to determine whether I shall or

shall not teach in the university of the state.","The passage highlights the shifting dynamics within a dystopian society where class distinctions are collapsing yet being redefined by new forms of oligarchic control. Initially, pride in lineage diminishes as bloodlines become diluted among all members of society, symbolizing a loss of historical identity and individualism. This context is juxtaposed with the narrative's focus on the power of contemporary oligarchs like Wickson, who manipulate academia and personal lives to enforce their dominance. The author uses this scene to critique how modern-day elites can overshadow traditional nobility and undermine democratic values, emphasizing themes of social stratification and control in a corrupted governance system."
iron_heel_010,iron_heel,qwen,qwen2.5:14b,"Thus would the leaders of the

enemy be removed from the field of the local battles that would

inevitably be fought all over the land. Many things were to occur simultaneously when the signal went forth. The Canadian and Mexican patriots, who were far stronger than the Iron

Heel dreamed, were to duplicate our tactics. Then there were comrades

(these were the women, for the men would be busy elsewhere) who were to

post the proclamations from our secret presses. Those of us in the

higher employ of the Iron Heel were to proceed immediately to make

confusion and anarchy in all our departments. Inside the Mercenaries

were thousands of our comrades. Their work was to blow up the magazines

and to destroy the delicate mechanism of all the war machinery.","This passage from a dystopian novel illustrates a meticulously planned uprising against a tyrannical regime known as the ""Iron Heel."" The narrative suggests that the resistance is widespread and well-coordinated, involving strategic acts of sabotage and subversion by both men and women in various roles. The theme of collective rebellion underscores the idea that even within oppressive systems, there exists an organized network ready to dismantle authority through simultaneous actions across different fronts—military, administrative, and civilian. This excerpt highlights the resilience and ingenuity of those oppressed, emphasizing their determination to undermine a seemingly unassailable regime from within and without, thereby challenging the iron grip on power held by authoritarian leaders."
iron_heel_011,iron_heel,qwen,qwen2.5:14b,"The increase in the younger generation of children who

could not read nor write was perilous. The capture of the world-market by the United States had disrupted the

rest of the world. Institutions and governments were everywhere

crashing or transforming. Germany, Italy, France, Australia, and New

Zealand were busy forming cooperative commonwealths. The British Empire

was falling apart. In India revolt was in

full swing. The cry in all Asia was, “Asia for the Asiatics!” And

behind this cry was Japan, ever urging and aiding the yellow and brown

races against the white. And while Japan dreamed of continental empire

and strove to realize the dream, she suppressed her own proletarian

revolution. It was a simple war of the castes, Coolie versus Samurai,

and the coolie socialists were executed by tens of thousands.","The passage from this dystopian novel highlights the collapse of traditional educational systems and its dire consequences for societal stability in a future world where literacy rates among young people are alarmingly low. The narrative also underscores a period of global political upheaval, with established empires crumbling and new cooperative states emerging. This context emphasizes the theme of power shifts across nations due to economic pressures exerted by the United States, intertwined with rising nationalist and racial movements that suppress internal dissent. Japan's role in this scenario is particularly significant as it seeks to expand its influence while simultaneously crushing opposition from within, illustrating a complex interplay between external ambitions and internal control."
iron_heel_012,iron_heel,qwen,qwen2.5:14b,"“With it we would repel the

invasion of the regular army.”



“You would go into the militia yourself,” was Ernest’s retort, “and be

sent to Maine, or Florida, or the Philippines, or anywhere else, to

drown in blood your own comrades civil-warring for their liberties. While from Kansas, or Wisconsin, or any other state, your own comrades

would go into the militia and come here to California to drown in blood

your own civil-warring.”



Now they were really shocked, and they sat wordless, until Mr. Owen

murmured:



“We would not go into the militia. We would not

be so foolish.”



Ernest laughed outright. “You do not understand the combination that has been effected. You would be drafted into the militia.”



“There is such a thing as civil law,” Mr. “Not when the government suspends civil law.","This passage from a dystopian novel illustrates the theme of governmental oppression and the erosion of individual rights, set against a backdrop of societal division and forced militarization. The characters discuss the inevitability of being drafted into an army that suppresses internal dissent rather than protecting civil liberties, highlighting the government's control over its citizens through militaristic means. This dialogue underscores the novel’s critique of authoritarian regimes and their ability to manipulate legal systems to quell opposition and maintain power, reflecting broader concerns about the fragility of democracy and personal freedom in face of such regimes."
iron_heel_013,iron_heel,qwen,qwen2.5:14b,"“Do you mean to tell me that there

is no justice in Judge Caldwell’s court?”



The little lawyer glared at me a moment, and then the belligerence

faded out of his face. “I hadn’t a fair chance,” he began whining again. “They made a fool out

of Jackson and out of me, too. Colonel Ingram is a

great lawyer. If he wasn’t great, would he have charge of the law

business of the Sierra Mills, of the Erston Land Syndicate, of the

Berkeley Consolidated, of the Oakland, San Leandro, and Pleasanton

Electric? He’s a corporation lawyer, and corporation lawyers are not

paid for being fools.[4] What do you think the Sierra Mills alone give

him twenty thousand dollars a year for? Because he’s worth twenty

thousand dollars a year to them, that’s what for. If I was, I wouldn’t be on the outside, starving and taking cases

like Jackson’s.","The passage highlights the profound corruption within the legal system of this dystopian society, where justice is subverted by power and wealth. The lawyer's admission that he had no fair chance due to Colonel Ingram's influence reveals a systemic imbalance in which corporate interests overshadow individual rights and fairness. This scenario underscores themes of economic disparity, the dominance of corporations over public welfare, and the erosion of judicial independence, suggesting that true justice is inaccessible to those without significant power or resources."
iron_heel_014,iron_heel,qwen,qwen2.5:14b,"You are as much mercenaries (sincere mercenaries, I

grant) as were the men of the Swiss Guard.[14] Be true to your salt and

your hire; guard, with your preaching, the interests of your employers;

but do not come down to the working class and serve as false leaders. You cannot honestly be in the two camps at once. The working class has

done without you. Believe me, the working class will continue to do

without you. And, furthermore, the working class can do better without

you than with you.”



 [14] The hired foreign palace guards of Louis XVI, a king of France

 that was beheaded by his people. CHALLENGES





After the guests had gone, father threw himself into a chair and gave

vent to roars of Gargantuan laughter. Not since the death of my mother

had I known him to laugh so heartily.","The passage critiques religious or political leaders who serve as mercenaries for those in power at the expense of their true followers, likening them to the Swiss Guard who protected Louis XVI before his downfall. This excerpt highlights a theme of betrayal and hypocrisy, where such leaders are seen as opportunistic rather than genuine advocates for their base's interests. The laughter following this speech suggests a sense of schadenfreude or relief at the perceived futility and irony of these leaders' actions, reinforcing the idea that those in power often fail to genuinely support or understand the working class, leading to their eventual disregard and rejection by them."
iron_heel_015,iron_heel,qwen,qwen2.5:14b,"I can never forget the flaying he gave them at the end:



 [12] This figure arises from the customs of the times. When, among men

 fighting to the death in their wild-animal way, a beaten man threw

 down his weapons, it was at the option of the victor to slay him or

 spare him. “You have repeatedly confessed to-night, by direct avowal or ignorant

statement, that you do not know the working class. But you are not to

be blamed for this. How can you know anything about the working class? You do not live in the same locality with the working class. You herd

with the capitalist class in another locality. It is the

capitalist class that pays you, that feeds you, that puts the very

clothes on your backs that you are wearing to-night.","The passage suggests a confrontation between an authoritative figure and individuals who have confessed their ignorance about the working class. The metaphor of ""flaying"" implies a harsh critique or punishment for those who lack understanding of social realities beyond their privileged sphere. This excerpt highlights themes of class division, the consequences of ignorance regarding social conditions, and the power dynamics inherent in capitalist societies where the elite control resources and influence knowledge distribution. The significance lies in its critique of societal structures that prevent broader awareness and empathy towards less privileged groups, emphasizing the barriers to genuine solidarity across different economic classes."
iron_heel_016,iron_heel,qwen,qwen2.5:14b,"“Tell me,” Ernest demanded, “what will you do when such a time comes?”



“We will rise in our strength!” Mr. Asmunsen cried, and many voices

backed his decision. “That will be civil war,” Ernest warned them. “So be it, civil war,” was Mr. Asmunsen’s answer, with the cries of all

the men at the table behind him. “We have not forgotten the deeds of

our forefathers. For our liberties we are ready to fight and die.”



Ernest smiled. “Do not forget,” he said, “that we had tacitly agreed that liberty in

your case, gentlemen, means liberty to squeeze profits out of others.”



The table was angry, now, fighting angry; but Ernest controlled the

tumult and made himself heard. When you rise in your strength, remember, the

reason for your rising will be that the government is in the hands of

the trusts.","This passage from a dystopian novel captures a tense confrontation between Ernest and Mr. Asmunsen, reflecting broader societal conflicts within the story's setting. The dialogue highlights themes of civil unrest, economic oppression, and the abuse of power by corporate entities (referred to as ""trusts""). Mr. Asmunsen’s passionate declaration of readiness to fight for liberty is ironic given Ernest’s pointed critique that their notion of liberty serves primarily to exploit others economically. This exchange underscores the novel's critique of systems where freedom becomes a guise for furthering economic disparity and corporate dominance, thereby challenging readers to consider the true nature of liberty and resistance in societies dominated by powerful corporations."
iron_heel_017,iron_heel,qwen,qwen2.5:14b,"Stern justice was meted out by these organized avengers, but most

    remarkable was their passionless and judicial procedure. When a man was captured he was given fair trial

    and opportunity for defence. Of necessity, many men were tried and

    condemned by proxy, as in the case of General Lampton. Possibly the most bloodthirsty and malignant

    of all the mercenaries that ever served the Iron Heel, he was

    informed by the Fighting Groups that they had tried him, found him

    guilty, and condemned him to death—and this, after three warnings

    for him to cease from his ferocious treatment of the proletariat. After his condemnation he surrounded himself with a myriad

    protective devices. Years passed, and in vain the Fighting Groups

    strove to execute their decree. Comrade after comrade, men and

    women, failed in their attempts, and were cruelly executed by the

    Oligarchy.","This passage from a dystopian novel illustrates a complex interplay between justice and oppression under an authoritarian regime known as the Iron Heel. The Fighting Groups, acting as vigilantes for the oppressed proletariat, claim to uphold a form of stern yet fair judicial process, which paradoxically legitimizes their violent actions against those perceived as enemies of the people, such as General Lampton. Despite this proclaimed justice, the passage highlights the inefficacy and moral ambiguity of such actions when they result in prolonged suffering and futile attempts at retribution, ultimately revealing the cyclical nature of violence and oppression within a dystopian society."
iron_heel_018,iron_heel,qwen,qwen2.5:14b,"His smashing, sledge-hammer manner of attack invariably made them

forget themselves. And they were forgetting themselves now. Bishop

Morehouse was leaning forward and listening intently. Exasperation and

anger were flushing the face of Dr. And others were

exasperated, too, and some were smiling in an amused and superior way. As for myself, I found it most enjoyable. I glanced at father, and I

was afraid he was going to giggle at the effect of this human bombshell

he had been guilty of launching amongst us. “Your terms are rather vague,” Dr. “Just

precisely what do you mean when you call us metaphysicians?”



“I call you metaphysicians because you reason metaphysically,” Ernest

went on. “Your method of reasoning is the opposite to that of science. There is no validity to your conclusions. You can prove everything and

nothing, and no two of you can agree upon anything.","In this passage from a dystopian novel, the author employs vivid imagery and dialogue to critique the intellectual pretensions of society's elite, particularly those involved in metaphysical or philosophical discourse. The scene depicts a contentious interaction where Ernest confronts prominent figures like Bishop Morehouse and Dr., highlighting the absurdity and self-deception inherent in their reasoning methods. Through the use of terms such as ""human bombshell,"" the passage underscores how these debates serve more to provoke emotional reactions than to foster genuine understanding or progress, reflecting on themes of intellectual dishonesty and societal disillusionment."
iron_heel_019,iron_heel,qwen,qwen2.5:14b,"Eleven thousand men, women, and children were shot down

on the streets of Sacramento or murdered in their houses. The national

government took possession of the state government, and all was over

for California. And as with California, so elsewhere. Every Granger state was ravaged

with violence and washed in blood. First, disorder was precipitated by

the secret agents and the Black Hundreds, then the troops were called

out. Rioting and mob-rule reigned throughout the rural districts. Day

and night the smoke of burning farms, warehouses, villages, and cities

filled the sky. Railroad bridges and tunnels were

blown up and trains were wrecked. The poor farmers were shot and hanged

in great numbers. Reprisals were bitter, and many plutocrats and army

officers were murdered. Blood and vengeance were in men’s hearts. The

regular troops fought the farmers as savagely as had they been Indians. And the regular troops had cause.","This passage depicts a harrowing scene of widespread violence and civil unrest during what appears to be an intense conflict between government forces and the Granger movement, which likely represents a grassroots resistance against oppressive rule. The imagery of destruction—burning farms, villages, and cities, along with the brutal executions and retaliatory killings—highlights themes of systemic oppression, violent suppression of dissent, and societal collapse. This segment is significant as it illustrates the devastating consequences of unchecked power and the cyclical nature of violence in a dystopian society where civil liberties are nonexistent and human compassion seems to have eroded completely."
iron_heel_020,iron_heel,qwen,qwen2.5:14b,"Sometimes the laborers refused to work. Sometimes the

 capitalists refused to let the laborers work. In the violence and

 turbulence of such disagreements much property was destroyed and many

 lives lost. All this is inconceivable to us—as inconceivable as

 another custom of that time, namely, the habit the men of the lower

 classes had of breaking the furniture when they quarrelled with their

 wives. “Yes, they’re quarrelling over the division of the earnings of the

street railways.”



Bishop Morehouse became excited. “It is so short-sighted on the part of the

workingmen. How can they hope to keep our sympathy—”



“When we are compelled to walk,” Ernest said slyly. But Bishop Morehouse ignored him and went on:



“Their outlook is too narrow. Men should be men, not brutes. There will

be violence and murder now, and sorrowing widows and orphans. Capital

and labor should be friends.","This passage from a dystopian novel vividly contrasts the stark realities of class conflict with the obliviousness of those in power, highlighting themes of exploitation, social upheaval, and moral hypocrisy. The author portrays a society rife with tension between workers and capitalists, where disputes lead to destruction and loss of life, yet these struggles are dismissed by privileged figures like Bishop Morehouse as brutish behavior unworthy of sympathy or understanding. This critique underscores the disconnect between the suffering masses and the complacent elite, emphasizing how systemic issues are often misunderstood or ignored by those who benefit from the status quo."
iron_heel_021,iron_heel,qwen,qwen2.5:14b,"It simply prolongs the fight, this treachery of the

big unions. Heaven only knows now where and when the Revolution will

triumph.”



 [3] James Farley—a notorious strike-breaker of the period. A man more

 courageous than ethical, and of undeniable ability. He rose high under

 the rule of the Iron Heel and finally was translated into the oligarch

 class. He was assassinated in 1932 by Sarah Jenkins, whose husband,

 thirty years before, had been killed by Farley’s strike-breakers. “But with such a powerful combination as the Oligarchy and the big

unions, is there any reason to believe that the Revolution will ever

triumph?” I queried. “May not the combination endure forever?”



He shook his head. “One of our generalizations is that every system

founded upon class and caste contains within itself the germs of its

own decay. When a system is founded upon class, how can caste be

prevented?","The passage from this dystopian novel underscores the complex dynamics between revolutionary movements and established power structures in a future society. The text highlights the paradoxical role of unions, initially perceived as agents for workers' rights, who are now seen as traitors to the cause by prolonging a repressive regime rather than overthrowing it. This scenario questions the reliability and integrity of institutionalized labor organizations when they become intertwined with oppressive governance. Moreover, the historical context provided through characters like James Farley reveals the cyclical nature of power—where individuals who start their careers as strike-breakers may eventually join the ranks of those in power, only to face retribution from subsequent generations seeking justice for past wrongs. The dialogue then delves into a broader theme that every hierarchical system is inherently unstable and contains seeds of its own downfall due to inherent contradictions within class structures, suggesting an inevitable shift towards a new order despite current setbacks."
iron_heel_022,iron_heel,qwen,qwen2.5:14b,"And to gain?—nothing, save one final, awful glut of

vengeance. And as I looked the thought came to me that in that rushing

stream of human lava were men, comrades and heroes, whose mission had

been to rouse the abysmal beast and to keep the enemy occupied in

coping with it. And now a strange thing happened to me. The fear of death, for myself and for others, left me. I was strangely

exalted, another being in another life. The Cause for

this one time was lost, but the Cause would be here to-morrow, the same

Cause, ever fresh and ever burning. And thereafter, in the orgy of

horror that raged through the succeeding hours, I was able to take a

calm interest. Death meant nothing, life meant nothing. I was an

interested spectator of events, and, sometimes swept on by the rush,

was myself a curious participant.","This passage from a dystopian novel portrays a protagonist who has reached a state of profound detachment and disillusionment in the face of overwhelming violence and death. The imagery of ""human lava"" emphasizes the destructive force of war, suggesting that those involved are consumed by it rather than having control over their actions. This narrative reflects themes of existential despair, the futility of revolution or resistance, and the psychological impact of extreme conditions on individuals. As the protagonist loses all sense of personal stake in survival, they become an ""interested spectator,"" highlighting how catastrophic events can numb one's humanity and perception of reality."
iron_heel_023,iron_heel,qwen,qwen2.5:14b,"I worked seventeen years in

them mills, an’ I’ve took notice that most of the accidents happens

just before whistle-blow.[3] I’m willin’ to bet that more accidents

happens in the hour before whistle-blow than in all the rest of the

day. A man ain’t so quick after workin’ steady for hours. I’ve seen too

many of ’em cut up an’ gouged an’ chawed not to know.”



 [3] The laborers were called to work and dismissed by savage,

 screaming, nerve-racking steam-whistles. “Hundreds an’ hundreds, an’ children, too.”



With the exception of the terrible details, Jackson’s story of his

accident was the same as that I had already heard. When I asked him if

he had broken some rule of working the machinery, he shook his head. “I chucked off the belt with my right hand,” he said, “an’ made a reach

for the flint with my left.","This passage from a dystopian novel highlights the harsh and dehumanizing conditions of industrial labor in a society where workers' lives are treated with little regard. The narrator's observations suggest that employers deliberately exploit the moment just before the end of the workday, when workers are fatigued and less attentive, to increase productivity at the cost of safety. This practice underscores themes of exploitation, systemic oppression, and the commodification of human life in a capitalist system. The mention of steam-whistles as a call to work and dismissal indicates the regimented and oppressive nature of the workplace environment, further emphasizing the loss of individual autonomy and dignity among workers."
iron_heel_024,iron_heel,qwen,qwen2.5:14b,"“Class hatred is neither in the text nor in

the spirit of anything I have ever written.”



“Oh!” I cried reproachfully, and reached for his book and opened it. He sipped his tea and smiled at me while I ran over the pages. “Page one hundred and thirty-two,” I read aloud: “‘The class struggle,

therefore, presents itself in the present stage of social development

between the wage-paying and the wage-paid classes.’”



I looked at him triumphantly. “No mention there of class hatred,” he smiled back. “But,” I answered, “you say ‘class struggle.’”



“A different thing from class hatred,” he replied. “And, believe me, we

foment no hatred. We say that the class struggle is a law of social

development. We are not responsible for it. We do not make the class

struggle. We merely explain it, as Newton explained gravitation.","The passage illustrates a debate between two characters about the nature and implications of class conflict within society, highlighting the distinction between class struggle as an inevitable social phenomenon and class hatred as a more destructive emotional response fostered by certain ideologies. The speaker emphasizes that while acknowledging the existence of class struggle is essential for understanding societal dynamics (paralleling Newton’s explanation of gravitation), they do not encourage or propagate feelings of hatred towards other classes, which implies a nuanced approach to addressing inequality and conflict. This excerpt underscores themes of social critique, ideological manipulation, and the responsibility of intellectuals in explaining rather than inflaming social issues, making it significant for understanding how political ideologies can shape public perception and societal division in dystopian contexts."
iron_heel_025,iron_heel,qwen,qwen2.5:14b,"They assimilated the aristocratic idea from the moment

they began, as children, to receive impressions of the world. The

aristocratic idea was woven into the making of them until it became

bone of them and flesh of them. They looked upon themselves as

wild-animal trainers, rulers of beasts. From beneath their feet rose

always the subterranean rumbles of revolt. Violent death ever stalked

in their midst; bomb and knife and bullet were looked upon as so many

fangs of the roaring abysmal beast they must dominate if humanity were

to persist. They were the saviours of humanity, and they regarded

themselves as heroic and sacrificing laborers for the highest good. They, as a class, believed that they alone maintained civilization.","This passage from a dystopian novel portrays the oppressive and self-aggrandizing nature of an aristocratic elite who view themselves as indispensable guardians of society. The ruling class sees itself as superior to others, equating its role with that of animal trainers or conquerors over beasts, symbolizing their control over potentially rebellious masses. Despite constant threats of revolt from below and the looming danger of violence, these rulers justify their authority by claiming they are heroic defenders of civilization, highlighting themes of power, self-interest, and the manipulation of social order to maintain control."
iron_heel_026,iron_heel,qwen,qwen2.5:14b,"His

important part was played in drafting the new code after the Chicago

Commune. But before that, as trial judge, he had earned sentence of

death by his fiendish malignancy. I was one of those that tried him and

passed sentence upon him. Anna Roylston carried out the execution. Still another figure arises out of the old life—Jackson’s lawyer. Least

of all would I have expected again to meet this man, Joseph Hurd. Late at night, two years after the Chicago

Commune, Ernest and I arrived together at the Benton Harbor refuge. This was in Michigan, across the lake from Chicago. We arrived just at

the conclusion of the trial of a spy. Sentence of death had been

passed, and he was being led away. Such was the scene as we came upon

it.","This passage is set within a dystopian framework where the aftermath of the Chicago Commune has reshaped societal norms and legal systems, leading to harsh punishments including capital sentences for perceived subversion or espionage. The reference to Joseph Hurd, Jackson’s lawyer, suggests that even those who once defended others against such draconian laws are now part of a changed world where they might face their own trials. This excerpt underscores themes of justice transformed into oppression and the far-reaching consequences of societal upheaval on individuals' lives and roles within society. It highlights how legal systems can be manipulated to serve authoritarian regimes, affecting not only those accused but also lawyers, judges, and others involved in law enforcement and judicial processes."
iron_heel_027,iron_heel,qwen,qwen2.5:14b,"Their persecutors were sentenced to long terms in prison,

where they were harshly treated; while no man, not a member of the

favored unions, was permitted to carry weapons. Violation of this law

was made a high misdemeanor and punished accordingly. Outraged labor continued to wreak vengeance on the traitors. The children of the traitors were

persecuted by the children of the workers who had been betrayed, until

it was impossible for the former to play on the streets or to attend

the public schools. Also, the wives and families of the traitors were

ostracized, while the corner groceryman who sold provisions to them was

boycotted. As a result, driven back upon themselves from every side, the traitors

and their families became clannish. Finding it impossible to dwell in

safety in the midst of the betrayed proletariat, they moved into new

localities inhabited by themselves alone.","This passage illustrates the severe social and legal repercussions faced by individuals labeled as ""traitors"" within a dystopian society. The themes of societal division, vigilantism, and intergenerational conflict are prominently featured. By depicting how traitors are not only punished legally but also ostracized socially, the author highlights the systemic nature of oppression and the cyclical perpetuation of hate across generations. This narrative underscores the destructive power of vengeance and the creation of a rigid class divide where social mobility is impossible for those deemed undesirable by the majority, reflecting broader critiques on justice, morality, and human rights in extreme societal conditions."
iron_heel_028,iron_heel,qwen,qwen2.5:14b,"Forty

thousand were killed in the street-fighting of Tokio and in the futile

assault on the Mikado’s palace. Kobe was a shambles; the slaughter of

the cotton operatives by machine-guns became classic as the most

terrific execution ever achieved by modern war machines. Most savage of

all was the Japanese Oligarchy that arose. Japan dominated the East,

and took to herself the whole Asiatic portion of the world-market, with

the exception of India. England managed to crush her own proletarian revolution and to hold on

to India, though she was brought to the verge of exhaustion. Also, she

was compelled to let her great colonies slip away from her. So it was

that the socialists succeeded in making Australia and New Zealand into

cooperative commonwealths. And it was for the same reason that Canada

was lost to the mother country.","This passage highlights the violent upheaval and power shifts following a global conflict, with particular emphasis on Japan's rise as a dominant force in Asia and England’s struggle to maintain its colonial empire. The themes of revolution, social unrest, and geopolitical realignment are evident, illustrating how technological advancements (e.g., machine-guns) exacerbate the brutal suppression of workers' movements. The text underscores the fragility of imperial dominance and the transformative impact of internal strife on international power dynamics, reflecting broader dystopian concerns about the consequences of unchecked oligarchic rule and capitalist exploitation."
iron_heel_029,iron_heel,qwen,qwen2.5:14b,"“True, and you will grant that capital would perish if there were no

labor to earn the dividends.”



The Bishop was silent. “Then our statements cancel each other,” Ernest said in a

matter-of-fact tone, “and we are where we were. The

workingmen on the street railway furnish the labor. By the joint effort of the workingmen and the

capital, money is earned.[3] They divide between them this money that

is earned. Capital’s share is called ‘dividends.’ Labor’s share is

called ‘wages.’”



 [3] In those days, groups of predatory individuals controlled all the

 means of transportation, and for the use of same levied toll upon the

 public. “And there is no reason that the

division should not be amicable.”



“You have already forgotten what we had agreed upon,” Ernest replied. “We agreed that the average man is selfish. He is the man that is.","This passage from a dystopian novel highlights the inherent conflict between labor and capital in a society controlled by predatory individuals who exploit workers for profit. Ernest's statement underscores the interdependence of both laborers and capitalists, as each relies on the other to generate wealth. However, he also reveals that this relationship is inherently imbalanced and contentious due to human selfishness, implying that an amicable division of earnings is unlikely when one party holds all the power. The Bishop’s silence suggests a tacit acknowledgment of this grim reality, highlighting themes of exploitation, class struggle, and the inevitable tension between those who control resources and those who provide labor."
iron_heel_030,iron_heel,qwen,qwen2.5:14b,"“I understand you have money, or your father has, which is the same

thing—money invested in the Sierra Mills.”



“What has that to do with it?” I cried. “Nothing much,” he began slowly, “except that the gown you wear is

stained with blood. The food you eat is a bloody stew. The blood of

little children and of strong men is dripping from your very

roof-beams. I can close my eyes, now, and hear it drip, drop, drip,

drop, all about me.”



And suiting the action to the words, he closed his eyes and leaned back

in his chair. I burst into tears of mortification and hurt vanity. I

had never been so brutally treated in my life. Both the Bishop and my

father were embarrassed and perturbed. They tried to lead the

conversation away into easier channels; but Ernest opened his eyes,

looked at me, and waved them aside.","This passage from a dystopian novel illustrates a profound critique of capitalist exploitation and social hypocrisy. The speaker confronts the protagonist with a stark reality that their wealth, derived from investments in Sierra Mills, is inextricably linked to human suffering and death, symbolized by the omnipresent metaphor of blood. This powerful imagery underscores themes of moral corruption, societal complacency, and the devastating impact of unchecked industrial capitalism on both workers and the environment. The protagonist's emotional reaction reveals a profound sense of shame and discomfort upon confronting these harsh truths, highlighting the novel’s exploration of guilt and complicity in systemic injustice."
iron_heel_031,iron_heel,qwen,qwen2.5:14b,"Ballingford glanced around the table and was rewarded by nods and

smiles of approval. “Your illustration is most unfortunate,” Ernest replied. “You refer to

a very dark period in human history. In fact, we call that period the

Dark Ages. A period wherein science was raped by the metaphysicians,

wherein physics became a search for the Philosopher’s Stone, wherein

chemistry became alchemy, and astronomy became astrology. Sorry the

domination of Aristotle’s thought!”



Dr. Ballingford looked pained, then he brightened up and said:



“Granted this horrible picture you have drawn, yet you must confess

that metaphysics was inherently potent in so far as it drew humanity

out of this dark period and on into the illumination of the succeeding

centuries.”



“Metaphysics had nothing to do with it,” Ernest retorted.","This passage from a dystopian novel serves as a dialogue between characters who are interpreting historical periods through the lens of their contemporary ideologies. Dr. Ballingford nostalgically views the role of metaphysics and its intellectual influence during what he terms the ""Dark Ages,"" suggesting it played a crucial part in transitioning humanity towards enlightenment and scientific advancement. Conversely, Ernest dismisses this view, arguing that metaphysical thought actually hindered progress by corrupting genuine scientific inquiry. This exchange highlights the theme of ideological conflict between traditional philosophical approaches and modern empirical science, underscoring the novel's exploration of how differing views of history can shape present societal structures and beliefs. The significance lies in its critique of how past narratives are constructed to serve current political or intellectual agendas within a dystopian context."
iron_heel_032,iron_heel,qwen,qwen2.5:14b,"We had not changed much

from primitive man, despite the war automobiles that were sliding by. Turning a corner, we came upon a woman. She was lying on the pavement,

in a pool of blood. Hartman bent over and examined her. As for myself,

I turned deathly sick. I was to see many dead that day, but the total

carnage was not to affect me as did this first forlorn body lying there

at my feet abandoned on the pavement. “Shot in the breast,” was

Hartman’s report. Clasped in the hollow of her arm, as a child might be

clasped, was a bundle of printed matter. Even in death she seemed loath

to part with that which had caused her death; for when Hartman had

succeeded in withdrawing the bundle, we found that it consisted of

large printed sheets, the proclamations of the revolutionists.","This passage from a dystopian novel paints a vivid and poignant picture of societal collapse and the dehumanizing effects of revolutionary violence. The stark contrast between modern technological advancements (""war automobiles"") and the primitive act of murder (""shot in the breast"") underscores the failure of society to progress morally alongside its technical achievements. The woman's grip on propaganda even in death serves as a haunting symbol of how deeply ideology can consume individuals, leading them to tragic ends. This scene emphasizes themes of loss, the futility of revolutionary zeal, and the enduring human capacity for both cruelty and clinging to hope amidst despair."
iron_heel_033,iron_heel,qwen,qwen2.5:14b,"The working people were driven from their

villages and herded in factory towns. The mothers and children were put

to work at the new machines. It is a tale of blood.”



“I know, I know,” Bishop Morehouse interrupted with an agonized

expression on his face. But it occurred a century and

a half ago.”



“And there, a century and a half ago, originated the modern

proletariat,” Ernest continued. While a

slaughter-house was made of the nation by the capitalist, the Church

was dumb. It did not protest, as to-day it does not protest. As Austin

Lewis[6] says, speaking of that time, those to whom the command ‘Feed

my lambs’ had been given, saw those lambs sold into slavery and worked

to death without a protest.[7] The Church was dumb, then, and before I

go on I want you either flatly to agree with me or flatly to disagree

with me.","This passage from the dystopian novel critiques the historical complicity of religious institutions in capitalist exploitation. Ernest's narrative describes how industrialization led to severe labor conditions, forcing families into harsh factory work and effectively turning the nation into a ""slaughter-house."" The clergy's silence during this period is highlighted as a moral failure, echoing contemporary critiques of the Church's lack of action against modern social injustices. By invoking this historical context, Ernest challenges Bishop Morehouse—and by extension, readers—to acknowledge the enduring relevance of past ethical lapses in addressing current societal issues."
iron_heel_034,iron_heel,qwen,qwen2.5:14b,"“And as for my

dreaming—” he put his hand in his pocket and drew out a small

pamphlet—“tell me if this looks like dream-stuff.”



He opened it and began to read:



“‘Section One, be it enacted, and so forth and so forth, that the

militia shall consist of every able-bodied male citizen of the

respective states, territories, and District of Columbia, who is more

than eighteen and less than forty-five years of age.’



“‘Section Seven, that any officer or enlisted man’—remember Section

One, gentlemen, you are all enlisted men—‘that any enlisted man of the

militia who shall refuse or neglect to present himself to such

mustering officer upon being called forth as herein prescribed, shall

be subject to trial by court martial, and shall be punished as such

court martial shall direct.’



“‘Section Eight, that courts martial, for the trial of officers or men

of the militia, shall be composed of militia officers only.’



“‘Section Nine, that the militia, when called into the actual service

of the United States, shall be subject to the same rules and articles

of war as the regular troops of the United States.’



“There you are gentlemen, American citizens, and fellow-militiamen.","The passage from the dystopian novel depicts a scene where an individual reveals a government pamphlet that outlines stringent regulations for the militia service. This excerpt highlights the oppressive nature of the state by detailing punitive measures against those who refuse to comply with mandatory military service, illustrating themes of coercion and loss of personal freedom. The requirement that all able-bodied men between eighteen and forty-five must serve in the militia, combined with severe penalties for non-compliance, underscores a regime that prioritizes military power over individual rights and autonomy. This excerpt is significant as it foreshadows a society where personal freedoms are subjugated to governmental control, reflecting broader dystopian themes of authoritarianism and the suppression of individual dreams and liberties."
iron_heel_035,iron_heel,qwen,qwen2.5:14b,"They knew which side their bread was

buttered on. He had been brow-beaten and confused

by Colonel Ingram. Colonel Ingram was brilliant at cross-examination. He had made Jackson answer damaging questions. “How could his answers be damaging if he had the right on his side?” I

demanded. “What’s right got to do with it?” he demanded back. “You see all those

books.” He moved his hand over the array of volumes on the walls of his

tiny office. “All my reading and studying of them has taught me that

law is one thing and right is another thing. You go to

Sunday-school to learn what is right. But you go to those books to

learn . law.”



“Do you mean to tell me that Jackson had the right on his side and yet

was beaten?” I queried tentatively.","This passage from a dystopian novel highlights the theme of legal manipulation versus moral righteousness, emphasizing how the system can override ethical considerations. Colonel Ingram's expertise in cross-examination demonstrates the power dynamics within the society where legal knowledge, rather than morality or justice, dictates outcomes. The dialogue underscores the idea that while Jackson may believe he is on the side of right, the law can be used against him to devastating effect, illustrating a world where ethics and legality are distinctly separate and often at odds with each other. This separation suggests a corrupt judicial system that prioritizes legal maneuvering over moral integrity, reinforcing the novel's critique of oppressive governance and the dehumanizing nature of such regimes."
iron_heel_036,iron_heel,qwen,qwen2.5:14b,"It was a most wasteful expenditure of energy. Distribution was

 as confused and irrational as the whole general system of society. “Notice the sleeve of his left arm,” Ernest said gently. I looked, and saw that the sleeve was empty. “It was some of the blood from that arm that I heard dripping from your

roof-beams,” Ernest said with continued gentleness. “He lost his arm in

the Sierra Mills, and like a broken-down horse you turned him out on

the highway to die. When I say ‘you,’ I mean the superintendent and the

officials that you and the other stockholders pay to manage the mills

for you. It was caused by his trying to save the

company a few dollars. The toothed drum of the picker caught his arm. He might have let the small flint that he saw in the teeth go through.","This passage from a dystopian novel highlights the harsh and dehumanizing conditions imposed by a society driven purely by profit and efficiency, where human life is expendable. The character Ernest’s narration exposes the callousness of industrial management, which prioritizes corporate interests over worker safety and well-being. By focusing on the maimed arm and its metaphorical dripping blood, the author underscores the systemic exploitation and disregard for human suffering inherent in a capitalist system gone awry, where workers are treated as mere cogs in a machine rather than individuals with dignity and rights."
iron_heel_037,iron_heel,qwen,qwen2.5:14b,"The end is in sight.”



This little conference in our home was unofficial; but Ernest, like the

rest of his comrades, was working for assurances from the labor leaders

that they would call out their men in the next general strike. O’Connor, the president of the Association of Machinists, had been

foremost of the six leaders present in refusing to give such assurance. “You have seen that you were beaten soundly at your old tactics of

strike and boycott,” Ernest urged. O’Connor and the others nodded their heads. “And you saw what a general strike would do,” Ernest went on. “We

stopped the war with Germany. Never was there so fine a display of the

solidarity and the power of labor. Labor can and will rule the world. If you continue to stand with us, we’ll put an end to the reign of

capitalism.","The passage from the dystopian novel encapsulates a pivotal moment where labor leaders are being convinced by Ernest about the potential power and necessity of collective action against capitalism. This scene underscores themes of revolution and class struggle, highlighting how workers can leverage their solidarity to achieve significant political and economic changes. The reference to ending ""the reign of capitalism"" suggests that the narrative is setting up a scenario where radical change through labor mobilization could lead to a new societal order, reflecting the novel's dystopian critique of current power structures and the potential for transformative resistance."
iron_heel_038,iron_heel,qwen,qwen2.5:14b,"The

    governors of Colorado and Idaho are but executing the mandates of

    their masters, the Plutocracy. The issue is the Workers versus the

    Plutocracy. If they strike the first violent blow, we will strike

    the last._”









CHAPTER XVIII. IN THE SHADOW OF SONOMA





Of myself, during this period, there is not much to say. For six months

I was kept in prison, though charged with no crime. I was a _suspect_—a

word of fear that all revolutionists were soon to come to know. But our

own nascent secret service was beginning to work. By the end of my

second month in prison, one of the jailers made himself known as a

revolutionist in touch with the organization. Several weeks later,

Joseph Parkhurst, the prison doctor who had just been appointed, proved

himself to be a member of one of the Fighting Groups.","This passage from a dystopian novel highlights the oppressive control exerted by an elite ruling class, referred to as the ""Plutocracy,"" over working-class individuals and their right to dissent. The text underscores the stark power dynamics between those in authority and the populace, suggesting that any form of resistance against the Plutocracy is met with severe repression, such as imprisonment without formal charges, under the label of being a mere ""suspect."" Moreover, the emergence of an underground revolutionary network within the prison system indicates a growing counter-movement aimed at challenging this authoritarian regime, signifying themes of resistance and the struggle for freedom."
iron_heel_039,iron_heel,qwen,qwen2.5:14b,"I suppose, Doctor, you live in the mind?”



“My mind to me a kingdom is,” was the answer. “That’s another way of saying that you live up in the air. But you come

back to earth at meal-time, I am sure, or when an earthquake happens

along. Or, tell me, Doctor, do you have no apprehension in an

earthquake that that incorporeal body of yours will be hit by an

immaterial brick?”



Instantly, and quite unconsciously, Dr. Hammerfield’s hand shot up to

his head, where a scar disappeared under the hair. It happened that

Ernest had blundered on an apposite illustration. Hammerfield had

been nearly killed in the Great Earthquake[11] by a falling chimney. Everybody broke out into roars of laughter. [11] The Great Earthquake of 1906 A.D. “Well?” Ernest asked, when the merriment had subsided.",This passage from a dystopian novel highlights the stark contrast between idealistic philosophy and harsh reality through the interaction between the narrator and Dr. Hammerfield. The dialogue讽刺地揭示了Dr. Hammerfield的观念——认为精神世界比物质世界更为重要，却被现实中的物理事件（如地震）无情地驳斥。Ernest巧妙地利用Hammerfield在1906年大地震中险些被烟囱砸死的真实经历，戳破了他的理论漏洞，使得众人哄堂大笑。这一情节不仅嘲讽了逃避现实的理想主义态度，还强调了个人经验和社会记忆在构建个体认知和集体认同中的重要作用。
iron_heel_040,iron_heel,qwen,qwen2.5:14b,"By the power of our ballots on election day will we

take your government away from you—”



“What if you do get a majority, a sweeping majority, on election day?”

Mr. “Suppose we refuse to turn the

government over to you after you have captured it at the ballot-box?”



“That, also, have we considered,” Ernest replied. “And we shall give

you an answer in terms of lead. Power you have proclaimed the king of

words. And in the day that we sweep to

victory at the ballot-box, and you refuse to turn over to us the

government we have constitutionally and peacefully captured, and you

demand what we are going to do about it—in that day, I say, we shall

answer you; and in roar of shell and shrapnel and in whine of

machine-guns shall our answer be couched. It is true that you have read history aright.","This passage from a dystopian novel reflects the underlying tension between democratic processes and violent coercion for political power. Ernest's statement reveals a dark twist on democracy, where winning an election leads not to peaceful transition but to armed confrontation if the incumbent government resists turnover. This highlights themes of corruption within democratic systems, the potential for violence in politics, and the erosion of constitutional norms when faced with totalitarian impulses. The significance lies in its cautionary portrayal of how the principles of democracy can be perverted, leading to a society where elections become preludes to civil war rather than peaceful governance transitions."
iron_heel_041,iron_heel,qwen,qwen2.5:14b,"It

is quite clear that she intended the Manuscript for immediate

publication, as soon as the Iron Heel was overthrown, so that her

husband, so recently dead, should receive full credit for all that he

had ventured and accomplished. Then came the frightful crushing of the

Second Revolt, and it is probable that in the moment of danger, ere she

fled or was captured by the Mercenaries, she hid the Manuscript in the

hollow oak at Wake Robin Lodge. Of Avis Everhard there is no further record. Undoubtedly she was

executed by the Mercenaries; and, as is well known, no record of such

executions was kept by the Iron Heel. But little did she realize, even

then, as she hid the Manuscript and prepared to flee, how terrible had

been the breakdown of the Second Revolt.","This passage from a dystopian novel underscores the themes of oppression and the fragility of freedom in a totalitarian regime. The manuscript, intended by Avis Everhard as a testament to her late husband's revolutionary efforts against the oppressive ""Iron Heel,"" symbolizes the struggle for historical truth and recognition in a world where official records are controlled by the ruling class. Avis's probable execution highlights the brutal suppression of dissent and the erasure of history that allows such regimes to maintain their power, emphasizing the novel's critique on the manipulation of memory and the enduring impact of resistance even when it seems doomed to fail."
iron_heel_042,iron_heel,qwen,qwen2.5:14b,"Calhoun said: “_A power has risen up in the government

 greater than the people themselves, consisting of many and various and

 powerful interests, combined into one mass, and held together by the

 cohesive power of the vast surplus in the banks_.” And that great

 humanist, Abraham Lincoln, said, just before his assassination: “_I

 see in the near future a crisis approaching that unnerves me and

 causes me to tremble for the safety of my country. Corporations

 have been enthroned, an era of corruption in high places will follow,

 and the money-power of the country will endeavor to prolong its reign

 by working upon the prejudices of the people until the wealth is

 aggregated in a few hands and the Republic is destroyed._”



“But it would be cowardly,” was the protest. You have done your work in the world,

and a great work. Leave the present battle to youth and strength.","The passage from the dystopian novel captures a sense of ominous warning about the concentration of power within governmental institutions, particularly highlighting the dangers posed by financial and corporate interests. It quotes historical figures like Calhoun and Lincoln to emphasize how these warnings have been echoed over time, suggesting that history repeats itself in terms of economic and political corruption undermining democracy. The significance lies in its critique of unchecked capitalism and the erosion of democratic values, resonating with contemporary fears about the influence of large corporations on government decisions. This excerpt underscores a recurring theme in dystopian literature: the threat to individual freedoms when power is centralized and corrupted by economic interests."
iron_heel_043,iron_heel,qwen,qwen2.5:14b,"“Why shouldn’t it, with the splendid organization and new machinery its

large capital makes possible?”



“There is no discussion,” Ernest answered. “It certainly should, and,

furthermore, it does.”



Mr. Calvin here launched out into a political speech in exposition of

his views. He was warmly followed by a number of the others, and the

cry of all was to destroy the trusts. “Poor simple folk,” Ernest said to me in an undertone. “They see

clearly as far as they see, but they see only to the ends of their

noses.”



A little later he got the floor again, and in his characteristic way

controlled it for the rest of the evening. “I have listened carefully to all of you,” he began, “and I see plainly

that you play the business game in the orthodox fashion. Life sums

itself up to you in profits.","This passage from a dystopian novel highlights the stark contrast between the superficial understanding and simplistic outrage of the masses against corporate power and Ernest's nuanced critique of their naivety. Mr. Calvin and others advocate for destroying trusts, which are large corporations with significant control over industries—a call that resonates emotionally but lacks deeper insight into the systemic issues at play. Ernest’s comment about them being “poor simple folk” who see only as far as ""the ends of their noses"" suggests he views these individuals' perspectives as limited and unaware of the broader, more complex mechanisms driving societal control. His later statement that life is summed up in profits for those playing the business game orthodoxly reveals a critique of a capitalist system where human value and societal progress are reduced to financial metrics, underlining themes of economic exploitation and the dehumanizing effects of unchecked corporate power."
iron_heel_044,iron_heel,qwen,qwen2.5:14b,"[9] A decade before this speech of Everhard’s, the New York Board of

 Trade issued a report from which the following is quoted: “_The

 railroads control absolutely the legislatures of a majority of the

 states of the Union; they make and unmake United States Senators,

 congressmen, and governors, and are practically dictators of the

 governmental policy of the United States._”



“Gentlemen, I have merely sketched the power of one of the seven groups

that constitute the brain of the Plutocracy.[10] Your twenty-four

billions of wealth does not give you twenty-five cents’ worth of

governmental power. It is an empty shell, and soon even the empty shell

will be taken away from you. The Plutocracy has all power in its hands

to-day. It to-day makes the laws, for it owns the Senate, Congress, the

courts, and the state legislatures. Behind law must

be force to execute the law.","The passage reveals a profound critique of corporate influence over government, illustrating a dystopian society where economic power dictates political outcomes. The quote from the New York Board of Trade underscores how railroad companies wield absolute control over legislative bodies and elected officials, effectively ruling the nation through corruption and manipulation. Everhard's speech elaborates on this by emphasizing that despite their immense wealth, plutocrats have little to no real political influence or governmental power due to the overwhelming dominance of corporate interests in law-making processes. This highlights themes of economic tyranny, political disenfranchisement, and the corruptive nature of unregulated capitalism, underscoring the story's warning about the dangers of allowing corporations to control governance."
iron_heel_045,iron_heel,qwen,qwen2.5:14b,"They were forced, swept on

    by this inrolling tide of wealth which their monopoly magnet

    irresistibly attracted. They developed a staff of investment

    seekers and investigators. It is said that the chief of this staff

    has a salary of $125,000 a year. “The first conspicuous excursion and incursion of the Rockefellers

    was into the railway field. By 1895 they controlled one-fifth of

    the railway mileage of the country. What do they own or, through

    dominant ownership, control to-day? They are powerful in all the

    great railways of New York, north, east, and west, except one,

    where their share is only a few millions. They are in most of the

    great railways radiating from Chicago. They dominate in several of

    the systems that extend to the Pacific. It is their votes that make

    Mr.","This passage illustrates the overwhelming power and influence wielded by the Rockefellers, a prominent family featured often in discussions about economic monopolies and corporate control. The text underscores how these entities accumulate wealth through strategic investments and expand into various sectors, such as railways, thus establishing an extensive network of influence across the country. This narrative reflects themes of economic dominance, the concentration of power, and the resultant inequality in society, highlighting significant concerns about corporate influence over public infrastructure and governance."
iron_heel_046,iron_heel,qwen,qwen2.5:14b,"They had no economic nor political

souls of their own. When the fiat of the Plutocracy went forth, they

withdrew their advertisements from the Hearst papers. He brought his papers out at a loss of a

million and a half each month. He continued to publish the

advertisements for which he no longer received pay. Again the fiat of

the Plutocracy went forth, and the small business men and manufacturers

swamped him with a flood of notices that he must discontinue running

their old advertisements. He received six months’ imprisonment for

contempt of court in disobeying the injunctions, while he was

bankrupted by countless damage suits. The Plutocracy

had passed sentence on him. The courts were in the hands of the

Plutocracy to carry the sentence out. And with Hearst crashed also to

destruction the Democratic Party that he had so recently captured.","This passage illustrates a powerful narrative of economic and political suppression, where a dominant class known as ""the Plutocracy"" wields absolute control over both commerce and governance. By dictating corporate behavior through its authority, the Plutocracy forces media mogul William Randolph Hearst to succumb to their demands, leading to his financial ruin and legal consequences. The passage underscores themes of corruption, powerlessness in the face of economic coercion, and the erosion of democratic institutions as they become complicit or controlled by elite interests."
iron_heel_047,iron_heel,qwen,qwen2.5:14b,"I have been in the thick of life so long that I am

oppressed by the peace and quiet, and I cannot forbear from dwelling

upon that mad maelstrom of death and destruction so soon to burst

forth. In my ears are the cries of the stricken; and I can see, as I

have seen in the past,[2] all the marring and mangling of the sweet,

beautiful flesh, and the souls torn with violence from proud bodies and

hurled to God. Thus do we poor humans attain our ends, striving through

carnage and destruction to bring lasting peace and happiness upon the

earth. [2] Without doubt she here refers to the Chicago Commune.","This passage from a dystopian novel captures the stark contrast between the oppressive silence of the present and the impending chaos of future conflict. The narrator, burdened by the current tranquility, is haunted by visions and sounds of death and destruction that are about to unfold. This foreshadowing reflects the theme that humanity often pursues peace through violence, a paradoxical notion suggesting that lasting happiness cannot be achieved through carnage. Additionally, the reference to the ""Chicago Commune"" hints at historical or contemporary events where such destructive cycles have played out, emphasizing the cyclical nature of human conflict and its futility in achieving true peace."
iron_heel_048,iron_heel,qwen,qwen2.5:14b,"They advocated government ownership of such trusts as the

railroads and telegraphs, and excessive income taxes, graduated with

ferocity, to destroy large accumulations. Likewise they advocated, as a

cure for local ills, municipal ownership of such public utilities as

water, gas, telephones, and street railways. Asmunsen’s narrative of his tribulations

as a quarry owner. He confessed that he never made any profits out of

his quarry, and this, in spite of the enormous volume of business that

had been caused by the destruction of San Francisco by the big

earthquake. For six years the rebuilding of San Francisco had been

going on, and his business had quadrupled and octupled, and yet he was

no better off. “The railroad knows my business just a little bit better than I do,” he

said. “It knows my operating expenses to a cent, and it knows the terms

of my contracts.","This passage from a dystopian novel critiques the oppressive power of monopolistic corporations, particularly railroads, over economic life in a future society. The narrator's tale underscores the theme that no matter how much business one generates, profits are siphoned off by these powerful entities through their control over infrastructure and transportation costs. This scenario highlights broader themes of income inequality and corporate dominance over individual enterprise, suggesting that despite technological and industrial progress, ordinary people cannot escape the grip of monopolistic capitalism, leading to a sense of helplessness and systemic injustice."
iron_heel_049,iron_heel,qwen,qwen2.5:14b,"Hammerfield was never up against anything like it in

his life,” he laughed. “‘The courtesies of ecclesiastical controversy!’

Did you notice how he began like a lamb—Everhard, I mean, and how

quickly he became a roaring lion? He has a splendidly disciplined mind. He would have made a good scientist if his energies had been directed

that way.”



I need scarcely say that I was deeply interested in Ernest Everhard. It

was not alone what he had said and how he had said it, but it was the

man himself. I had never met a man like him. I suppose that was why, in

spite of my twenty-four years, I had not married. I liked him; I had to

confess it to myself. And my like for him was founded on things beyond

intellect and argument.","This passage from a dystopian novel portrays the character Ernest Everhard as both intellectually formidable and emotionally captivating. The narrator, reflecting on a debate with Hammerfield, highlights Everhard's transition from a mild-mannered to a forceful presence, emphasizing his ability to engage in rigorous argumentation while maintaining disciplined thought processes. This description underscores themes of intellectual rebellion against oppressive societal norms, where Everhard challenges the status quo with conviction and eloquence. The narrator’s personal admiration for Everhard extends beyond mere respect for his intellect, suggesting deeper emotional and spiritual connections that challenge conventional social expectations and personal relationships in a dystopian setting."
time_machine_000,time_machine,qwen,qwen2.5:14b,"Until he set to work--the workers

cut each other's throats, and murdered a Chinaman or a Labour policeman

at times, and left the rest of us in peace. Such a thing hasn't been this gross of years. Eh!--but 'tis ill

on small folks when the great fall out! It's ill.""



""Did you say--there had not been--what?--for a gross of years?""



""Eh?"" said the old man. The old man said something about clipping his words, and made him repeat

this a third time. ""Fighting and slaying, and weapons in hand, and fools

bawling freedom and the like,"" said the old man. ""Not in all my life has

there been that. These are like the old days--for sure--when the Paris

people broke out--three gross of years ago. That's what I mean hasn't

been.","The passage depicts a dystopian society where peace is maintained not through law or order, but by periodic outbreaks of violence among workers, creating a paradoxical state of temporary stability in the aftermath of chaos. The old man reflects on these events as cyclical and reminiscent of historical rebellions, such as the Paris uprising mentioned, suggesting that periods of unrest are necessary to keep the peace. This narrative critiques societal control mechanisms where oppression is maintained through fear and periodic violence, highlighting themes of systemic instability and the cyclical nature of revolution and repression."
time_machine_001,time_machine,qwen,qwen2.5:14b,"He saw a multitude of shadows had sprung into

aggressive existence, seemed rushing up, broadening, widening, growing

with steady swiftness--to leap suddenly back and return reinforced. The

song and the tramping had ceased. The unanimous march, he discovered, was

arrested, there were eddies, a flow sideways, shouts of ""The lights!""

Voices were crying together one thing. In this dancing death of the lights the

area of the street had suddenly become a monstrous struggle. The huge

white globes became purple-white, purple with a reddish glow, flickered,

flickered faster and faster, fluttered between light and extinction,

ceased to flicker and became mere fading specks of glowing red in a vast

obscurity. In ten seconds the extinction was accomplished, and there was

only this roaring darkness, a black monstrosity that had suddenly

swallowed up those glittering myriads of men. He felt invisible forms about him; his arms were gripped.","The passage vividly captures a scene from a dystopian setting where the sudden and chaotic loss of light symbolizes a collapse in order or governance, plunging the city into literal darkness. This darkness is not merely environmental but also metaphorical, reflecting a broader societal breakdown. The imagery of shadows and struggling lights highlights themes of control versus chaos and the vulnerability of individuals under oppressive systems. The mention of ""invisible forms"" gripping him underscores the loss of freedom and individuality in such an environment, emphasizing the theme of suppression and surveillance prevalent in dystopian literature."
time_machine_002,time_machine,qwen,qwen2.5:14b,"""We want you to come, Sire,"" panted the newcomer, and Graham glancing at

his face again, saw a new cut had changed from white to red on his

forehead, and a couple of little trickles of blood starting therefrom. ""Your people call for you.""



""Come where? My people?""



""To the hall about the markets. Your life is in danger here. We learned but just in time. The Council has decided--this very

day--either to drug or kill you. The people are

drilled, the Wind-Vane police, the engineers, and half the way-gearers

are with us. The whole city shouts

against the Council. We have arms."" He wiped the blood with his hand. ""Your life here is not worth--""



""But why arms?""



""The people have risen to protect you, Sire. What?""



He turned quickly as the man who had first come down made a hissing with

his teeth.","This passage from a dystopian novel illustrates a tense moment where Graham, likely a figure of some importance or dissent within an oppressive regime, is informed about a conspiracy against him by a group that sees him as a leader. The themes of rebellion and the struggle for survival are central here, with the newcomer’s urgency highlighting the danger Graham faces from the Council's potential actions to either drug or kill him. The mention of armed resistance by the people indicates a broader societal upheaval against authoritarian control, suggesting that Graham is a symbol of hope and change for those who oppose the current oppressive regime. This scene underscores the novel's exploration of power dynamics, civil unrest, and the moral complexities involved in revolutionary actions."
time_machine_003,time_machine,qwen,qwen2.5:14b,"Then he noticed there were no books, no newspapers, no

writing materials. ""The world has changed indeed,"" he said. He observed one entire side of the outer room was set with rows of

peculiar double cylinders inscribed with green lettering on white that

harmonized with the decorative scheme of the room, and in the centre of

this side projected a little apparatus about a yard square and having a

white smooth face to the room. He had a transitory

idea that these cylinders might be books, or a modern substitute for

books, but at first it did not seem so. The lettering on the cylinders puzzled him. At first sight it seemed like

Russian. Then he noticed a suggestion of mutilated English about certain

of the words. ""Thi Man huwdbi Kin"" forced itself on him as ""The Man who would be King.""



""Phonetic spelling,"" he said.","This passage from a dystopian novel suggests a profound transformation in society where traditional forms of literature and written communication have been replaced by an unfamiliar, technologically advanced medium. The elimination of books and newspapers implies the suppression or severe control over information and culture, indicating a totalitarian regime that restricts access to historical knowledge and personal expression. The peculiar double cylinders with phonetic inscriptions signify a new form of controlled communication, potentially designed to limit language complexity and intellectual depth, thus facilitating easier manipulation of society by those in power. This scene highlights themes of technological oppression, loss of cultural heritage, and the dehumanizing effects of strict authoritarian control over information dissemination."
time_machine_004,time_machine,qwen,qwen2.5:14b,"Every

city now is a prison. Mammon grips the key in his hand. Myriads,

countless myriads, toil from the cradle to the grave. Yes, far worse than in your time. All about us,

beneath us, sorrow and pain. All the shallow delight of such life as you

find about you, is separated by just a little from a life of wretchedness

beyond any telling. Yes, the poor know it--they know they suffer. These

countless multitudes who faced death for you two nights since--! You owe

your life to them.""



""Yes,"" said Graham, slowly. I owe my life to them.""



""You come,"" she said, ""from the days when this new tyranny of the cities

was scarcely beginning. In your days the

feudal war lords had gone, and the new lordship of wealth had still to

come. Half the men in the world still lived out upon the free

countryside.","This passage from a dystopian novel paints a grim picture of society where cities have become oppressive prisons ruled by economic power rather than political authority. The imagery underscores the theme of exploitation and suffering, highlighting how the vast majority toil endlessly for those who hold wealth and control, symbolized by Mammon holding the key. It emphasizes the stark contrast between superficial pleasures and underlying misery, suggesting that the wealthy class's comfort is built upon the backs of the impoverished masses who are forced into labor from birth until death. The dialogue reveals a shift in societal structure where economic tyranny has replaced feudalism, illustrating how modern capitalist oppression can be as brutal as ancient forms of governance."
time_machine_005,time_machine,qwen,qwen2.5:14b,"But you--you who come from a happier age--it is to

you the people look. To you.""



He looked at her face. Her eyes were bright with unshed tears. He felt

a rush of emotion. For a moment he forgot this city, he forgot the

race, and all those vague remote voices, in the immediate humanity of

her beauty. ""But what am I to do?"" he said with his eyes upon her. ""Rule,"" she answered, bending towards him and speaking in a low tone. ""Rule the world as it has never been ruled, for the good and happiness of

men. For you might rule it--you could rule it. All over the world the people are stirring. It

wants but a word--but a word from you--to bring them all together. Even

the middle sort of people are restless--unhappy. ""They are not telling you the things that are happening.","This passage encapsulates a pivotal moment in a dystopian narrative, where an individual from a more hopeful era is being urged to take up leadership and effect change across the world. The speaker's appeal highlights themes of hope and despair, as well as the weight of responsibility for one person's ability to transform society. The emphasis on ""a word"" needed to unite people underscores the power of rhetoric and leadership in times of widespread disillusionment and unrest. This scene is significant because it sets up a moral dilemma: whether the protagonist should assume the mantle of leader despite the immense burden that comes with it, or retreat into personal happiness amidst societal chaos."
time_machine_006,time_machine,qwen,qwen2.5:14b,"There was a heavy thud, a

concussion that made their seat shiver. The passers-by stopped, shouted

to one another. The old man was full of questions; he shouted to a man

who passed near. Graham, emboldened by his example, got up and accosted

others. He returned to the seat and found the old man muttering vague

interrogations in an undertone. For a while they said nothing to

one another. The sense of this gigantic struggle, so near and yet so remote, oppressed

Graham's imagination. Was this old man right, was the report of the

people right, and were the revolutionaries winning? Or were they all in

error, and were the red guards driving all before them? At any time the

flood of warfare might pour into this silent quarter of the city and

seize upon him again. It behoved him to learn all he could while there

was time.","The passage captures a moment of tension and uncertainty in a dystopian setting, where the protagonist Graham is observing and questioning the ongoing conflict around him. The old man's inquiries and Graham’s own investigation reflect a pervasive sense of confusion and fear about who holds power in this chaotic society. This scene underscores themes of instability, political unrest, and the struggle for information and control. It also highlights how ordinary citizens are caught between competing forces, unable to discern truth from rumor, which amplifies their vulnerability and anxiety in an oppressive environment."
time_machine_007,time_machine,qwen,qwen2.5:14b,"His face was white as he turned blinking towards

her. ""I must fetch a doctor,"" he said. ""It is either death or a fit. Is

there a doctor in the village? Where is a doctor to be found?""









CHAPTER II



THE TRANCE





The state of cataleptic rigour into which this man had fallen, lasted for

an unprecedented length of time, and then he passed slowly to the flaccid

state, to a lax attitude suggestive of profound repose. Then it was his

eyes could be closed. He was removed from the hotel to the Boscastle surgery, and from the

surgery, after some weeks, to London. But he still resisted every attempt

at reanimation. After a time, for reasons that will appear later, these

attempts were discontinued.","This passage from a dystopian novel describes a character's deteriorating mental and physical state through the lens of medical intervention, which is both futile and coercive in this setting. The character's lapse into a prolonged cataleptic state signifies a form of psychological shutdown as a response to overwhelming stress or trauma in an oppressive environment. This theme underscores the novel’s exploration of human resilience versus the crushing force of societal control, suggesting that even medical attempts at revival are ultimately futile against deeper existential despair and systemic suppression. The cessation of these efforts later hints at a broader acceptance or resignation within this dystopian society towards such mental collapses, reflecting a pervasive hopelessness and institutionalized neglect for individual well-being."
time_machine_008,time_machine,qwen,qwen2.5:14b,"CHAPTER XII



OSTROG





Graham could now take a clearer view of his position. For a long time yet

he wandered, but after the talk of the old man his discovery of this

Ostrog was clear in his mind as the final inevitable decision. One thing

was evident, those who were at the headquarters of the revolt had

succeeded very admirably in suppressing the fact of his disappearance. But every moment he expected to hear the report of his death or of his

recapture by the Council. Presently a man stopped before him. ""Near a dozand,"" said the man, ""a dozand men!"" and hurried on. A number of men and a girl passed in the darkness, gesticulating and

shouting: ""Capitulated! Given up!"" ""A dozand of men."" ""Two dozand of

men."" ""Ostrog, Hurrah! Ostrog, Hurrah!"" These cries receded, became

indistinct.","The passage from the dystopian novel sets a tense and mysterious scene where Graham, after receiving information from an old man about a place called Ostrog, begins to see this location as his inevitable destination. The secrecy surrounding his disappearance indicates that those in power are trying to conceal any truth about his whereabouts or fate. The cries heard by Graham suggest an uprising or rebellion within the dystopian society, with shouts of ""Ostrog"" likely referring to a symbol of resistance or refuge. This scene underscores themes of oppression and resistance, highlighting how individuals must navigate dangerous waters while seeking freedom or change in a controlled environment where information is tightly managed."
time_machine_009,time_machine,qwen,qwen2.5:14b,"Graham looked down, and there were spots of blood at his feet. He looked

up again in a strange excitement. He remained motionless--his every sense intent upon the flickering patch

of darkness. He became aware of some faint, remote, dark specks floating

lightly through the outer air. They came down towards him, fitfully,

eddyingly, and passed aside out of the uprush from the fan. A gleam of

light flickered, the specks flashed white, and then the darkness came

again. Warmed and lit as he was, he perceived that it was snowing within

a few feet of him. Graham walked across the room and came back to the ventilator again. He

saw the head of a man pass near. There was a sound of whispering. Then a

smart blow on some metallic substance, effort, voices, and the vanes

stopped.","The passage describes Graham's encounter with a chilling scene of snowfall in an otherwise warm and enclosed environment, highlighting a stark contrast between life and death. The imagery of blood and snow symbolizes violence and purity, respectively, suggesting a world torn by conflict yet retaining elements of innocence or hopelessness. This setting underscores themes of isolation, surveillance, and the intrusion of external chaos into protected spaces, which are common in dystopian narratives to critique societal collapse and human vulnerability in oppressive regimes."
time_machine_010,time_machine,qwen,qwen2.5:14b,"And you are not dead!""



Graham made a brief explanation. ""My brother is waiting,"" explained Lincoln. ""He is alone in the wind-vane

offices. We feared you had been killed in the theatre. He doubted--and

things are very urgent still in spite of what we are telling them

_there_--or he would have come to you.""



They ascended a lift, passed along a narrow passage, crossed a great

hall, empty save for two hurrying messengers, and entered a comparatively

little room, whose only furniture was a long settee and a large oval disc

of cloudy, shifting grey, hung by cables from the wall. There Lincoln

left Graham for a space, and he remained alone without understanding the

smoky shapes that drove slowly across this disc. His attention was arrested by a sound that began abruptly. It was

cheering, the frantic cheering of a vast but very remote crowd, a roaring

exultation.","The passage depicts a moment of tension and uncertainty in a dystopian setting where communication is fraught with fear and doubt. Lincoln's statement about his brother waiting reveals the anxious state of individuals who are isolated and worried for each other’s safety, highlighting themes of isolation and the fragility of human connections under oppressive conditions. The description of Graham entering an empty hall to a mysterious disc-shaped object suggests advanced surveillance or communication technology, reinforcing the novel's critique of totalitarian control and its impact on personal freedom. The distant cheering, though initially inexplicable, hints at underlying social unrest or a significant event that has broader implications for the characters' world."
time_machine_011,time_machine,qwen,qwen2.5:14b,"They rule it in your name.""



The sounds from the hall had died into a silence threaded by one

monotonous voice. Now suddenly, trampling on these last words, came a

deafening tumult, a roaring and thundering, cheer crowded on cheer,

voices hoarse and shrill, beating, overlapping, and while it lasted the

people in the little room could not hear each other shout. Graham stood, his intelligence clinging helplessly to the thing he had

just heard. ""The Council,"" he repeated blankly, and then snatched at a

name that had struck him. ""But who is Ostrog?"" he said. ""He is the organiser--the organiser of the revolt. Our Leader--in

your name.""



""In my name?--And you? Why is he not here?""



""He--has deputed us. I am his brother--his half-brother, Lincoln. He

wants you to show yourself to these people and then come on to him. That

is why he has sent.","This passage from a dystopian novel illustrates the complex dynamics of political power and control in an oppressive society. The tumultuous scene outside contrasts sharply with the quiet, confined room where dialogue occurs, highlighting the disconnect between those who govern and the masses they claim to represent. The central figure mentioned, Ostrog, operates through proxies like Lincoln, using the perceived authority of another (presumably a historical or mythical leader) to rally support for their own agenda. This reveals themes of manipulation, false leadership, and the precarious nature of public trust in political figures, suggesting that power is often wielded indirectly and dishonestly in dystopian settings."
time_machine_012,time_machine,qwen,qwen2.5:14b,"And the end had been a tragedy that

oppressed him. He sat staring at the blankness. He started and rubbed his eyes. He had been so absorbed in the latter-day

substitute for a novel, that he awoke to the little green and white room

with more than a touch of the surprise of his first awakening. He stood up, and abruptly he was back in his own wonderland. The

clearness of the kinetoscope drama passed, and the struggle in the vast

place of streets, the ambiguous Council, the swift phases of his waking

hour, came back. These people had spoken of the Council with suggestions

of a vague universality of power. And they had spoken of the Sleeper; it

had not really struck him vividly at the time that he was the Sleeper. He

had to recall precisely what they had said....","This passage delves into the themes of disconnection and awakening in a dystopian society, where individuals are disconnected from reality through technological means such as a ""latter-day substitute for a novel,"" which appears to be an immersive form of entertainment. The protagonist's surprise upon regaining consciousness suggests he was deeply entrenched in this virtual world, reflecting a broader societal issue of escapism and detachment from the harsh realities of their dystopian existence. Furthermore, the mention of the Council and ""the Sleeper"" hints at themes of control and manipulation within the society, where individuals might be kept passive or unaware as they are led to believe they play no significant role except in their own private illusions. The protagonist's struggle to recall specific details indicates a broader theme of memory suppression and the blurring of reality and illusion, suggesting that truth is obscured by carefully constructed narratives designed to maintain social order and prevent resistance."
time_machine_013,time_machine,qwen,qwen2.5:14b,"This White Council, the

Council of Trustees as it is called--""



""I have heard the vague outline of these things.""



""I wondered.""



""I came upon a garrulous old man.""



""I see.... Our masses--the word comes from your days--you know, of

course, that we still have masses--regard you as our actual ruler. Just

as a great number of people in your days regarded the Crown as the

ruler. They are discontented--the masses all over the earth--with the

rule of your Trustees. For the most part it is the old discontent, the

old quarrel of the common man with his commonness--the misery of work and

discipline and unfitness. But your Trustees have ruled ill. In certain

matters, in the administration of the Labour Companies, for example, they

have been unwise. Already we of

the popular party were agitating for reforms--when your waking came.","This passage from a dystopian novel hints at the existence of a governing body called the ""White Council"" or ""Council of Trustees,"" which operates in an oppressive regime where public dissatisfaction runs high. The dialogue suggests that while the masses believe this council holds power, they actually view another figure as their true ruler due to historical and psychological conditioning. This reveals themes of propaganda, disillusionment among the populace regarding governance, and the exploitation of labor under a strict system. The significance lies in its critique of authoritative control and the manipulation of public perception, highlighting how ruling bodies exacerbate the suffering of workers through poor management and lack of reform."
time_machine_014,time_machine,qwen,qwen2.5:14b,"The engine was humming loudly, the propeller spinning, and for a second

the stage and the buildings beyond were gliding swiftly and horizontally

past Graham's eye; then these things seemed to tilt up abruptly. He

gripped the little rods on either side of him instinctively. He felt

himself moving upward, heard the air whistle over the top of the wind

screen. The propeller screw moved round with powerful rhythmic

impulses--one, two, three, pause; one, two, three--which the engineer

controlled very delicately. The machine began a quivering vibration that

continued throughout the flight, and the roof areas seemed running away

to starboard very quickly and growing rapidly smaller. He looked from

the face of the engineer through the ribs of the machine. Looking

sideways, there was nothing very startling in what he saw--a rapid

funicular railway might have given the same sensations. He recognised

the Council House and the Highgate Ridge.","This passage from a dystopian novel vividly captures the disorienting experience of Graham's first flight, highlighting both his initial exhilaration and anxiety in this futuristic setting. The detailed description of the mechanical aspects of the aircraft underscores the technological advancements that have reshaped daily life, symbolizing how society has adapted to new modes of transportation and control. By mentioning recognizable landmarks like the Council House and Highgate Ridge, the author emphasizes the contrast between familiar elements of society and the transformative impact of technology, suggesting a theme of societal upheaval and adaptation in a world where progress comes at the cost of traditional norms and stability."
time_machine_015,time_machine,qwen,qwen2.5:14b,"In a little while his multitudinous impressions began to organise

themselves into a general effect. At first the glitter of the gathering

had raised all the democrat in Graham; he had felt hostile and satirical. But it is not in human nature to resist an atmosphere of courteous

regard. Soon the music, the light, the play of colours, the shining arms

and shoulders about him, the touch of hands, the transient interest of

smiling faces, the frothing sound of skilfully modulated voices, the

atmosphere of compliment, interest and respect, had woven together into a

fabric of indisputable pleasure. Graham for a time forgot his spacious

resolutions. He gave way insensibly to the intoxication of the position

that was conceded him, his manner became more convincingly regal, his

feet walked assuredly, the black robe fell with a bolder fold and pride

ennobled his voice.","The passage illustrates the seductive power of social influence and the ease with which one can be drawn into embracing authority and privilege. Graham initially resists the opulent setting, embodying democratic principles, but is gradually overcome by the charm and deference surrounding him. The sensory details—the music, light, colors, and physical touch—create an intoxicating environment that erodes his initial resolve, transforming him from a reluctant participant into someone who embraces the grandeur of his position with pride and authority. This transformation underscores the novel's theme of how easily individuals can be corrupted by power and the superficial allure of status, highlighting the fragility of democratic values in the face of authoritarian appeal."
time_machine_016,time_machine,qwen,qwen2.5:14b,"It sounded like ""Ostrog."" The slower platforms were soon thick

with active people, running against the movement so as to keep themselves

opposite to him. Agile figures ran up from the centre to the

swift road nearest to him, were borne rapidly past him, shouting strange,

unintelligible things, and ran back obliquely to the central way. One

thing he distinguished: ""It is indeed the Sleeper. It is indeed the

Sleeper,"" they testified. For a space Graham stood motionless. Then he became vividly aware that

all this concerned him. He was pleased at his wonderful popularity, he

bowed, and, seeking a gesture of longer range, waved his arm. He was

astonished at the violence of uproar that this provoked. The tumult about

the descending stairway rose to furious violence. He became aware of

crowded balconies, of men sliding along ropes, of men in trapeze-like

seats hurling athwart the space.","The passage depicts a scene from a dystopian world where an individual referred to as ""the Sleeper"" is gaining significant attention and reaction from crowds. This moment captures a society in which people are either fleeing or eagerly approaching, reflecting deep-seated divisions among its members. The protagonist's initial unawareness of the significance of this event and his subsequent realization highlight the disconnect between the individual and the collective societal narrative. The tumultuous reactions and extreme actions displayed by others underscore themes of mass hysteria and a society driven by an urgent, possibly dangerous, call to action or belief. This scene is significant as it serves as a mirror for societal behavior under authoritarian rule or in times of perceived crisis, questioning the nature of popular movements and individual responses within them."
time_machine_017,time_machine,qwen,qwen2.5:14b,"Lincoln had gripped Graham by the arm, was lugging him along the gallery. ""Before the next light!"" he cried. Graham's

instinct of self-preservation overcame the paralysis of his incredulous

astonishment. He became for a time the blind creature of the fear of

death. He ran, stumbling because of the uncertainty of the darkness,

blundered into his guards as they turned to run with him. Haste was his

one desire, to escape this perilous gallery upon which he was exposed. A

third glare came close on its predecessors. With it came a great shouting

across the ways, an answering tumult from the ways. The red-coats below,

he saw, had now almost gained the central passage. Their countless faces

turned towards him, and they shouted. The white façade opposite was

densely stippled with red. All these wonderful things concerned him,

turned upon him as a pivot.","This passage from a dystopian novel vividly captures the intense fear and desperate struggle for survival in a highly charged environment. Graham, gripped by Lincoln, is propelled into a frantic race against time to escape an unspecified danger. The dark gallery, illuminated intermittently by threatening glares, symbolizes the oppressive and unpredictable nature of the totalitarian regime described. As Graham runs blindly from his pursuers, the external chaos—the shouts, the red-coated soldiers, and the stippled façade—reflects the inner turmoil he faces, emphasizing themes of fear, control, and personal survival in a dystopian society where individual autonomy is threatened at every turn."
time_machine_018,time_machine,qwen,qwen2.5:14b,"For a moment Graham stood with the deferential attendant listening to

Ostrog's retreating steps. There was a sound of quick question and answer

and of men running. The curtain was snatched back and Ostrog reappeared,

his massive face glowing with excitement. He crossed the room in a

stride, clicked the room into darkness, gripped Graham's arm and pointed

to the mirror. ""Even as we turned away,"" he said. Graham saw his index finger, black and colossal, above the mirrored

Council House. For a moment he did not understand. And then he perceived

that the flagstaff that had carried the white banner was bare. Its rule is at an end for evermore.""



""Look!"" and Ostrog pointed to a coil of black that crept in little jerks

up the vacant flagstaff, unfolding as it rose. The oval picture paled as Lincoln pulled the curtain aside and entered.","The passage describes a pivotal moment in a dystopian society where an authoritarian regime is being overthrown or challenged. Ostrog’s actions of darkening the room and pointing to a mirror symbolize a dramatic shift in power dynamics, revealing that the white banner—the emblem of the ruling authority—has been removed from its flagstaff. The subsequent appearance of a black coil ascending the staff signifies the rise of a new force, likely representing rebellion or change. This scene underscores themes of resistance against oppressive governance and the inevitability of societal transformation when the status quo is no longer sustainable."
time_machine_019,time_machine,qwen,qwen2.5:14b,"""Everything you say,

everything you do, convinces me--of some great issue in which I am

concerned. I do not want to pass the time, as you call it. Desire and indulgence are life in a sense--and Death! In my

life before I slept I had worked out that pitiful question. There is a city, a multitude--. And meanwhile I am here like

a rabbit in a bag.""



His rage surged high. He choked for a moment and began to wave his

clenched fists. He gave way to an anger fit, he swore archaic curses. His

gestures had the quality of physical threats. ""I do not know who your party may be. I am in the dark, and you keep me

in the dark. But I know this, that I am secluded here for no good

purpose. I warn you, I warn you of the consequences.","The passage depicts a character's frustration and anger towards an oppressive system that restricts their freedom and autonomy. The protagonist expresses a sense of helplessness, comparing themselves to ""a rabbit in a bag,"" indicating a feeling of being trapped and isolated from society. This sentiment underscores themes of confinement, resistance against authority, and the struggle for individuality within a totalitarian regime. The character's outburst through rage and curses reflects their deep-seated frustration and a desperate attempt to assert their existence amidst suppression and ignorance about their fate."
time_machine_020,time_machine,qwen,qwen2.5:14b,"The song of the social revolt came to him no more; he never learned that

it had been forbidden in the municipal limits; and all the great emotions

of the crow's nest slumbered in his mind. But on the second and third of the three days he found himself, in spite

of his interest in the daughter of the Pig Manager, or it may be by

reason of the thoughts her conversation suggested, remembering the girl

Helen Wotton, who had spoken to him so oddly at the Wind-Vane Keeper's

gathering. The impression, she had made was a deep one, albeit the

incessant surprise of novel circumstances had kept him from brooding upon

it for a space. But now her memory was coming to its own.","The passage suggests a moment of awakening and reflection within a character who appears to be living in an oppressive or conformist society, where the spirit of rebellion has been suppressed and forgotten by the masses. The character's growing interest in Helen Wotton, likely due to her distinctive presence at a gathering, stirs dormant memories and emotions that have been overshadowed by daily life’s monotony and surprise. This rekindling of past feelings signifies a personal rebirth or rediscovery of individual thought and emotion, challenging the societal norms that have kept these aspects suppressed. The significance lies in how it portrays the power of human connection and memory in reigniting resistance against oppressive systems."
time_machine_021,time_machine,qwen,qwen2.5:14b,"His knees came into view over the edge of the funnel. ""Stand

away from me,"" he said, and he dropped rather heavily on his hands and

one shoulder at Graham's feet. The stranger rolled over, sprang up nimbly and stood panting, hand to a

bruised shoulder, and with his bright eyes on Graham. ""You are indeed the Sleeper,"" he said. When it was the

law that anyone might see you.""



""I am the man who was in the trance,"" said Graham. I have been here since I awoke--at least three days.""



The intruder seemed about to speak, heard something, glanced swiftly at

the door, and suddenly left Graham and ran towards it, shouting quick

incoherent words. A bright wedge of steel flashed in his hand, and he

began tap, tap, a quick succession of blows upon the hinges. ""Oh!"" The voice came from above.","This passage encapsulates a moment of tension and conflict within a dystopian society where surveillance and control are pervasive. The interaction between Graham, described as ""the Sleeper,"" and an intruder reveals the oppressive nature of the regime—symbolized by the intruder's attempt to break into Graham’s space with a weapon—and highlights themes of isolation and awakening. The phrase ""When it was the law that anyone might see you"" underscores how the state has normalized intrusion, reflecting broader dystopian concerns about privacy and freedom. The physical action of breaking the door hinges symbolizes the resistance against such invasive laws, suggesting an incipient rebellion or a desperate attempt to uncover truth."
time_machine_022,time_machine,qwen,qwen2.5:14b,"He looked again at the

Council House, and it was already half hidden, and on the right a

hillside with a cluster of domes and pinnacles, hazy, dim and distant,

was gliding into view. ""And the Council is really overthrown?"" he said. Is it indeed true that I--?""



""You are Master of the World.""



""But that white flag--""



""That is the flag of the Council--the flag of the Rule of the World. Their attack on the theatre was their last

frantic struggle. They have only a thousand men or so, and some of these

men will be disloyal. And we are reviving

the ancient arts. Is this city the world?""



""Practically this is all they have left to them of their empire. Abroad

the cities have either revolted with us or wait the issue. Your awakening

has perplexed them, paralysed them.""



""But haven't the Council flying machines?","This passage from a dystopian novel encapsulates a pivotal moment in which the protagonist experiences a dramatic shift in societal power dynamics. The narrator's confusion and disbelief reflect the sudden collapse of an oppressive regime and the establishment of new authority, symbolized by the ""white flag"" and the declaration that he is now ""Master of the World."" This scene highlights themes of revolution, the awakening of collective resistance against tyranny, and the reclamation of cultural heritage through the revival of ""ancient arts,"" suggesting a return to foundational values in the face of authoritarianism."
time_machine_023,time_machine,qwen,qwen2.5:14b,"What if

it does not die out? Even if it does not die, it can still be tamed and

driven. I have no sympathy with servile men. You heard those people

shouting and singing two nights ago. If

you had taken any man there in cold blood and asked why he shouted, he

could not have told you. They think they are shouting for you, that

they are loyal and devoted to you. Just then they were ready to

slaughter the Council. To-day--they are already murmuring against those

who have overthrown the Council.""



""No, no,"" said Graham. ""They shouted because their lives were dreary,

without joy or pride, and because in me--in me--they hoped.""



""And what was their hope? What right have they to

hope? They work ill and they want the reward of those who work well. The

hope of mankind--what is it?","The passage reflects a profound skepticism about human nature and societal change within a dystopian setting, where the narrator questions the true motivations behind public support for revolutionary figures like Graham. The theme of manipulation versus genuine loyalty is central; the people are depicted as being easily swayed by emotional appeals rather than having a steadfast commitment to any cause or leader. This highlights the broader critique in the novel about the futility and danger of basing societal progress on fleeting emotions or manipulated desires, suggesting that true hope for humanity lies in more substantive actions and values, not just in revolutionary fervor or personal charisma."
time_machine_024,time_machine,qwen,qwen2.5:14b,"""And as for affairs,"" he asked abruptly. ""How are things

going on?""



Lincoln waved affairs aside. ""Ostrog will tell you that to-morrow,""

he said. The Revolution accomplishes

itself all over the world. Friction is inevitable here and there, of

course; but your rule is assured. You may rest secure with things in

Ostrog's hands.""



""Would it be possible for me to be made a sworn aeronaut, as you call it,

forthwith--before I sleep?"" said Graham, pacing. ""Then I could be at it

the very first thing to-morrow again....""



""It would be possible,"" said Lincoln thoughtfully. Indeed, it shall be done."" He laughed. ""I came prepared to suggest

amusements, but you have found one for yourself. I will telephone to the

aeronautical offices from here and we will return to your apartments in

the Wind-Vane Control. By the time you have dined the aeronauts will be

able to come.","The passage encapsulates several dystopian themes, particularly the notion of a highly structured and regulated society where personal freedom is subordinated to revolutionary ideals. The dialogue between Lincoln and Graham highlights the transition from one form of control (the old regime) to another under ""Revolution,"" suggesting that change often leads to new forms of authority rather than true liberation. The eagerness with which Graham embraces his role as an ""aeronaut"" underscores the protagonist's quest for purpose in a world where personal autonomy is limited by overarching political and social structures, reflecting a broader critique on how individuals navigate oppressive systems."
time_machine_025,time_machine,qwen,qwen2.5:14b,"For a time his attention was absorbed in the

fragments of speech he heard. He had a doubt whether all were speaking

English. Scraps floated to him, scraps like Pigeon English, like ""nigger""

dialect, blurred and mangled distortions. He dared accost no one with

questions. The impression the people gave him jarred altogether with his

preconceptions of the struggle and confirmed the old man's faith in

Ostrog. It was only slowly he could bring himself to believe that all

these people were rejoicing at the defeat of the Council, that the

Council which had pursued him with such power and vigour was after all

the weaker of the two sides in conflict. And if that was so, how did it

affect him? Several times he hesitated on the verge of fundamental

questions.","This passage from a dystopian novel reflects a moment of disorientation and disillusionment for its protagonist as he navigates an unfamiliar social landscape. The fragmented language and dialects suggest societal division and conflict, mirroring the breakdown of communication in times of turmoil. The character's struggle to reconcile his preconceived notions about the Council's strength with the reality presented by those around him underscores themes of uncertainty and the shifting nature of power dynamics within oppressive regimes. This ambiguity forces the protagonist to question his understanding of the world, highlighting the novel’s exploration of political manipulation and the fluidity of truth in a dystopian society."
time_machine_026,time_machine,qwen,qwen2.5:14b,"You're not so--""



""And now this Ostrog--has suddenly revolutionised the world by waking the

Sleeper--whom no one but the superstitious, common people had ever dreamt

would wake again--raising the Sleeper to claim his property from the

Council, after all these years.""



The old man endorsed this statement with a cough. ""It's strange,"" he

said, ""to meet a man who learns these things for the first time

to-night.""



""Aye,"" said Graham, ""it's strange.""



""Have you been in a Pleasure City?"" said the old man. ""All my life I've

longed--"" He laughed. ""Even now,"" he said, ""I could enjoy a little fun. Enjoy seeing things, anyhow."" He mumbled a sentence Graham did not

understand. ""The Sleeper--when did he awake?"" said Graham suddenly. ""Three days ago.""



""Where is he?""



""Ostrog has him. He escaped from the Council not four hours ago. My

dear sir, where were you at the time?","This passage from a dystopian novel encapsulates themes of awakening and revolution in a society that has been asleep or suppressed for generations. The ""Sleeper"" symbolizes latent power or knowledge held by an individual who had long been marginalized or forgotten. His sudden rise challenges the authority of the Council, representing bureaucratic control and stagnation. This moment signifies a critical shift toward potential societal change, yet it is met with both curiosity and nostalgia from an older generation that has longed for such disruptions but now questions their absence in being part of these events. The dialogue hints at a broader narrative where individual awakening leads to collective transformation, highlighting the tension between tradition and progress in a dystopian setting."
time_machine_027,time_machine,qwen,qwen2.5:14b,"Grip

tightly, grip!""



Graham did as he was told. ""In heaven's name, jump!""



For one momentous second Graham could not speak. He was glad afterwards

that darkness hid his face. He looked sideways at the swift shadow that swallowed up the

sky as it rushed upon him. Or they will have us,"" cried Graham's guide,

and in the violence of his passion thrust him forward. Graham tottered convulsively, gave a sobbing cry, a cry in spite of

himself, and then, as the flying machine swept over them, fell forward

into the pit of that darkness, seated on the cross wood and holding the

ropes with the clutch of death. Something cracked, something rapped

smartly against a wall. He heard the pulley of the cradle hum on its

rope. He felt a pair of knees digging into

his back.... He was sweeping headlong through the air, falling through

the air.","This passage from a dystopian novel vividly captures a moment of extreme peril and psychological turmoil as Graham is forced to leap from one precarious situation to another. The scene evokes a sense of claustrophobia and helplessness, symbolizing the oppressive nature of the dystopian society that drives individuals into making desperate choices for survival or escape. Thematically, it underscores the loss of individual autonomy and the brutal reality of life in a totalitarian regime where one must trust others even as they face inevitable danger."
time_machine_028,time_machine,qwen,qwen2.5:14b,"The

guards before him marched on; those about him stopped as he did. He saw

anxiety and fear in their faces. The throbbing had something to do with

the lights. At first it seemed to him a thing that affected the lights simply, an

isolated phenomenon, having no bearing on the things below. Each huge

globe of blinding whiteness was as it were clutched, compressed in a

systole that was followed by a transitory diastole, and again a systole

like a tightening grip, darkness, light, darkness, in rapid alternation. Graham became aware that this strange behaviour of the lights had to do

with the people below. The appearance of the houses and ways, the

appearance of the packed masses changed, became a confusion of vivid

lights and leaping shadows.","The passage from the dystopian novel portrays a scene where Graham observes the malfunctioning of street lights that pulsate rapidly between darkness and intense light, creating a disorienting effect on both him and those around him. This phenomenon symbolizes a broader sense of societal chaos and control under oppressive conditions, as the fluctuating lights mirror the anxiety and fear etched on people's faces. The rapid alternation of light and dark also serves to highlight the precariousness and unpredictability of life in this dystopian society, underscoring themes of surveillance, control, and the erosion of normalcy."
time_machine_029,time_machine,qwen,qwen2.5:14b,"You don't think that after you have dined you might

prefer--?"" He paused. ""We had prepared a show of dancers--they have been brought from the

Capri theatre.""



""I hate ballets,"" said Graham, shortly. That's

not what I want to see. We had dancers in the old days. For the matter of

that, they had them in ancient Egypt. ""Though our dancers--""



""They can afford to wait,"" said Graham; ""they can afford to wait. There's questions I want to ask some expert--about your

machinery. I want no distractions.""



""You have the world to choose from,"" said Lincoln; ""whatever you want

is yours.""



Asano appeared, and under the escort of a strong guard they returned

through the city streets to Graham's apartments.","This passage illustrates the stark contrast between power and desire in a dystopian society. It highlights the control exerted by authority figures like Lincoln over individuals such as Graham, who is offered the illusion of choice—anything can be his, except what he truly desires, which is freedom and autonomy from this oppressive system. The mention of dancers and ballets serves to underscore the artificiality and superficiality of the options presented; they are remnants or recreations of a past culture, devoid of genuine human connection or spontaneity. Graham's insistence on questioning an expert about machinery hints at his quest for knowledge as a means of resistance against his constrained existence."
time_machine_030,time_machine,qwen,qwen2.5:14b,"The people will

not go back to their drudgery--they refuse to be disarmed. Ostrog has

awakened something greater than he dreamt of--he has awakened hopes.""



His heart was beating fast. He tried to seem judicial, to weigh

considerations. ""They only want their leader,"" she said. ""And then?""



""You could do what you would;--the world is yours.""



He sat, no longer regarding her. ""The old dreams, and

the thing I have dreamt, liberty, happiness. Could one

man--_one man_--?"" His voice sank and ceased. ""Not one man, but all men--give them only a leader to speak the desire of

their hearts.""



He shook his head, and for a time there was silence. He looked up suddenly, and their eyes met. ""I have not your faith,"" he

said, ""I have not your youth. I am here with power that mocks me.","The passage encapsulates the awakening of collective hope and resistance against oppression in a dystopian society. The characters discuss the potential for change, highlighting the tension between an individual's ability to inspire mass action and the systemic challenges such as disempowerment and lack of agency faced by the populace. Ostrog, despite his authority, grapples with the realization that true transformation requires more than one person’s vision; it necessitates a collective desire for freedom and happiness, suggesting themes of leadership, mass awakening, and the limitations of individual power in achieving societal change."
time_machine_031,time_machine,qwen,qwen2.5:14b,"In the Council House they had been in darkness. He

watched them approaching, drawing nearer past first this blazing

electric star and then that; the minatory roar of the crowd over whom

their power had lasted for a hundred and fifty years marched along beside

them. As they drew still nearer their faces came out weary, white, and

anxious. He saw them blinking up through the glare about him and Ostrog. He contrasted their strange cold looks in the Hall of Atlas.... Presently

he could recognise several of them; the man who had rapped the table at

Howard, a burly man with a red beard, and one delicate-featured, short,

dark man with a peculiarly long skull. He noted that two were whispering

together and looking behind him at Ostrog. Next there came a tall, dark

and handsome man, walking downcast.","This passage from the dystopian novel portrays a tense and dramatic scene where individuals who have previously held significant power are now approaching an uncertain situation with evident anxiety and trepidation. The contrast between their cold demeanor in a council setting and their weary, anxious faces under harsh lighting underscores the loss of control they are experiencing. This shift highlights themes of power dynamics, the fallibility of authority figures, and the consequences of prolonged dominance over others, suggesting that those who once ruled with unquestioned authority now face an uncertain fate as their reign draws to a close."
time_machine_032,time_machine,qwen,qwen2.5:14b,"Black gaps marked the passages the disaster had torn apart;

big halls had been slashed open and the decoration of their interiors

showed dismally in the wintry dawn, and down the jagged walls hung

festoons of divided cables and twisted ends of lines and metallic rods. And amidst all the vast details moved little red specks, the red-clothed

defenders of the Council. Every now and then faint flashes illuminated

the bleak shadows. At the first sight it seemed to Graham that an attack

upon this isolated white building was in progress, but then he perceived

that the party of the revolt was not advancing, but sheltered amidst the

colossal wreckage that encircled this last ragged stronghold of the

red-garbed men, was keeping up a fitful firing.","The passage describes a scene from a dystopian setting where remnants of a society are in disarray after a catastrophic event. The imagery of ""black gaps"" and ""jagged walls,"" along with ""divided cables and twisted ends of lines,"" paints a picture of devastation and chaos, symbolizing the collapse of social order and technological infrastructure. Amidst this wreckage, the presence of ""red-clothed defenders"" suggests ongoing conflict between different factions; their resistance against an implied oppressive regime underscores themes of revolution, resilience in adversity, and the struggle for power in a broken society. The description of sporadic gunfire highlights not just physical destruction but also psychological tension and fear pervasive within this dystopian world."
time_machine_033,time_machine,qwen,qwen2.5:14b,"""What?""



""The people--""



""Do you mean--?""



""You forget the people.""



He looked interrogative. For you do not understand what you are. You do not know the things that are happening.""



""Well?""



""You do not understand.""



""Not clearly, perhaps. But--tell me.""



She turned to him with sudden resolution. ""It is so hard to explain. I

have meant to, I have wanted to. I am not ready with

words. To me at least--and to all the

common people. You who lived and suffered and died, you who were a

common citizen, wake again, live again, to find yourself Master almost

of the earth.""



""Master of the earth,"" he said. But try and imagine how

little I know of it.""



""Cities--Trusts--the Labour Department--""



""Principalities, powers, dominions--the power and the glory. Yes, I have

heard them shout. With Ostrog,

the Boss--""



He paused.","The passage from the dystopian novel suggests a stark disparity between the understanding of those in power or awareness about societal conditions and the common people who are largely uninformed or misinformed. The dialogue implies that there is significant political and social upheaval, with phrases like ""Labour Department"" and ""Trusts"" hinting at corporate control and centralized governance. The speaker's struggle to articulate these changes underscores a theme of alienation from reality for those uninvolved in the governing elite. This excerpt highlights themes of power dynamics, societal transformation, and the gap between knowledge and ignorance, emphasizing the novel’s critique on how those who once were ordinary citizens might now wield unprecedented authority amidst a transformed social order, yet remain ignorant about their new role and its implications."
time_machine_034,time_machine,qwen,qwen2.5:14b,"He had a revulsion of feeling. These were no pictures, no idealisations,

but photographed realities. He wanted no more of the twenty-second

century Venusberg. He forgot the part played by the model in nineteenth

century art, and gave way to an archaic indignation. He rose, angry and

half ashamed at himself for witnessing this thing even in solitude. He

pulled forward the apparatus, and with some violence sought for a means

of stopping its action. A violet spark stung and

convulsed his arm and the thing was still. When he attempted next day to

replace these Tannhauser cylinders by another pair, he found the

apparatus broken.... He struck out a path oblique to the room and paced to and fro, struggling

with intolerable vast impressions. The things he had derived from the

cylinders and the things he had seen, conflicted, confused him.","The passage describes a character's intense reaction to witnessing realistic, disturbing images from the future through an apparatus that seems to function as some form of time-vision device. The character experiences revulsion upon confronting unidealized truths about the future, suggesting a conflict between nostalgia for past ideals and the harsh realities of advanced technology or societal decay. This scene underscores themes of technological determinism and the human struggle with confronting uncomfortable truths, highlighting how advancements in technology can reveal aspects of society that are unsettling or morally challenging. The character's visceral response indicates a profound psychological impact, reflecting on humanity's ability to handle the truths revealed by new technologies."
time_machine_035,time_machine,qwen,qwen2.5:14b,"Even in the streets now, they clamour to destroy the Pleasure

Cities. But the Pleasure Cities are the excretory organs of the State,

attractive places that year after year draw together all that is weak and

vicious, all that is lascivious and lazy, all the easy roguery of the

world, to a graceful destruction. They go there, they have their time,

they die childless, all the pretty silly lascivious women die childless,

and mankind is the better. If the people were sane they would not envy

the rich their way of death. And you would emancipate the silly brainless

workers that we have enslaved, and try to make their lives easy and

pleasant again. Just as they have sunk to what they are fit for."" He

smiled a smile that irritated Graham oddly. I

know those ideas; in my boyhood I read your Shelley and dreamt of

Liberty.","This passage from a dystopian novel critiques societal decay and control by portraying the Pleasure Cities as metaphorical excretory organs, suggesting they function to eliminate the weak and vicious elements of society. The narrator's assertion that these cities draw in those who are ""lascivious and lazy"" implies a structured system designed to ensure only the fittest survive, aligning with eugenic ideologies. By stating that mankind is better off without these individuals, the text highlights themes of societal control and engineered population management, while also alluding to the suppression of revolutionary or progressive ideas such as liberty, symbolized by the mention of Shelley's work. The narrator’s condescending smile underscores the authoritarian perspective on social reform, revealing a significant tension between personal freedom and state-imposed order."
time_machine_036,time_machine,qwen,qwen2.5:14b,"""I suppose they are."" He mused. ""This

world of yours has been full of surprises to me. In the old days we

dreamt of a wonderful democratic life, of a time when all men would be

equal and happy.""



Ostrog looked at him steadfastly. ""The day of democracy is past,"" he

said. That day began with the bowmen of Crécy, it ended

when marching infantry, when common men in masses ceased to win the

battles of the world, when costly cannon, great ironclads, and strategic

railways became the means of power. To-day is the day of wealth. Wealth

now is power as it never was power before--it commands earth and sea and

sky. All power is for those who can handle wealth. You

must accept facts, and these are facts. Even in your days that creed had been tried and

condemned.","The passage reflects a profound disillusionment with the concept of democracy and equality as it contrasts past aspirations with the current reality dominated by economic power. Ostrog's statement suggests that the era characterized by democratic ideals ended when military and political power shifted from the masses to those who control wealth, marked by technological advancements like artillery and railways. This shift signifies the triumph of capitalism over communal values, highlighting how modern society is now governed by economic might rather than egalitarian principles. The significance lies in its critique of utopian dreams and the inevitable corruption or abandonment of democratic ideals under the pressure of industrialization and economic competition."
time_machine_037,time_machine,qwen,qwen2.5:14b,"I

fell over a dead man.""



""You're safer with company,"" said the old man, ""if it's company of

the right sort,"" and peered frankly. He rose suddenly and came

towards Graham. The old man sat down as if

relieved to be no longer alone. ""Eh!"" he said, ""but this is a terrible

time! War and fighting, and the dead lying there--men, strong men, dying

in the dark. God knows where they are to-night.""



The voice ceased. Then repeated quavering: ""God knows where they are

to-night.""



Graham stood revolving a question that should not betray his ignorance. Again the old man's voice ended the pause. ""This Ostrog will win,"" he said. And what the world will

be like under him no one can tell. My sons are under the wind-vanes,

all three. One of my daughters-in-law was his mistress for a while.","This passage from a dystopian novel captures a poignant and bleak moment in which a protagonist, Graham, encounters an old man who is reflecting on the devastating effects of war and the uncertain fate of those involved. The old man's words highlight the pervasive fear and despair that permeate society, suggesting a world where death and uncertainty are constant companions. By mentioning his sons' involvement under ""Ostrog,"" likely a tyrannical leader, the narrative underscores themes of authoritarianism and the destructive consequences of oppressive regimes on families and communities. This passage is significant as it sets the tone for a dystopian society marred by conflict, loss, and an overarching sense of helplessness."
time_machine_038,time_machine,qwen,qwen2.5:14b,"Who was he?""



""Eh!"" said the old man. He was a poor nobody, and set

on a playful woman, poor soul! And he fell into a trance. There's the

old things they had, those brown things--silver photographs--still

showing him as he lay, a gross and a half years ago--a gross and a half

of years.""



""Set on a playful woman, poor soul,"" said Graham softly to himself, and

then aloud, ""Yes--well go on.""



""You must know he had a cousin named Warming, a solitary man without

children, who made a big fortune speculating in roads--the first

Eadhamite roads. He bought all the

patent rights and made a big company. In those days there were grosses of

grosses of separate businesses and business companies. His roads killed the railroads--the old things--in two dozen

years; he bought up and Eadhamited the tracks.","The passage from this dystopian novel presents a bleak and fragmented glimpse into a society characterized by rapid technological change, economic disparity, and personal alienation. The old man's recollection of a poor nobody who was once photographed highlights the fleeting nature of individual significance in an impersonal world. This is further emphasized by the narrative's shift to discuss Warming, a solitary figure who amassed wealth through monopolizing transportation technology (Eadhamite roads), which ultimately rendered traditional railroads obsolete. The theme underscores how technological and economic progress can lead to social disintegration, where personal connections and historical continuity are overshadowed by ruthless capitalist advancement that benefits a select few at the expense of many others."
time_machine_039,time_machine,qwen,qwen2.5:14b,"The

little lady in no degree embarrassed, pointed out to him a charming

little woman as one of the subsidiary wives of the Anglican Bishop of

London. She added encomiums on the episcopal courage--hitherto there had

been a rule of clerical monogamy--""neither a natural nor an expedient

condition of things. Why should the natural development of the affections

be dwarfed and restricted because a man is a priest?""



""And, bye the bye,"" she added, ""are you an Anglican?"" Graham was on the

verge of hesitating inquiries about the status of a ""subsidiary wife,""

apparently an euphemistic phrase, when Lincoln's return broke off this

very suggestive and interesting conversation. They crossed the aisle to

where a tall man in crimson, and two charming persons in Burmese costume

(as it seemed to him) awaited him diffidently. From their civilities he

passed to other presentations.","This passage from a dystopian novel reveals a society where religious norms have been dramatically reinterpreted or altered, suggesting a world where traditional values and moral constraints are either abandoned or transformed into something very different from what is familiar to the reader. The casual acceptance of polygamy among clergy members, referred to euphemistically as ""subsidiary wives,"" underscores themes of societal upheaval and the loss of conventional religious and ethical standards. The conversation hints at a future where natural human desires are no longer suppressed by rigid social rules, yet it also leaves room for questioning whether this new freedom is truly liberating or if it represents a form of moral decay."
time_machine_040,time_machine,qwen,qwen2.5:14b,"They are talking of a Commune. Men in silk and satin have

been insulted in the streets. The blue canvas is expecting all sorts of

things from you.... Of course there is no need for you to trouble. We are

setting the Babble Machines to work with counter suggestions in the

cause of law and order. We must keep the grip tight; that is all.""



Graham thought. He perceived a way of asserting himself. ""Even to the pitch of bringing a negro police,"" he said. ""They are fine loyal brutes, with no wash

of ideas in their heads--such as our rabble has. The Council should have

had them as police of the ways, and things might have been different. Of

course, there is nothing to fear except rioting and wreckage.","This passage from a dystopian novel portrays a society where power is centralized and maintained through control over both information and brute force. The mention of ""Babble Machines"" suggests the use of propaganda and misinformation to subdue dissent, while the contemplation of using ""negro police"" highlights racial hierarchy and the exploitation of marginalized groups for social control. This excerpt underscores themes of authoritarianism, manipulation, and the suppression of free thought, highlighting the novel's critique of oppressive regimes that prioritize order over individual freedoms and justice."
time_machine_041,time_machine,qwen,qwen2.5:14b,"Why is there no fighting

with them?""



""They had. But the greater part of the aeronauts were in the revolt with

us. They wouldn't take the risk of fighting on our side, but they would

not stir against us. We _had_ to get a pull with the aeronauts. Quite

half were with us, and the others knew it. Directly they knew you had got

away, those looking for you dropped. We killed the man who shot at

you--an hour ago. And we occupied the flying stages at the outset in

every city we could, and so stopped and captured the greater aeroplanes,

and as for the little flying machines that turned out--for some did--we

kept up too straight and steady a fire for them to get near the Council

House. If they dropped they couldn't rise again, because there's no clear

space about there for them to get up.","This passage reflects a pivotal moment in a dystopian struggle where rebels have managed to gain control over air support by winning over many of the aeronauts who previously operated aircraft under an oppressive regime. The significance lies in the strategic importance of aerial combat and surveillance, which has been crucial for both sides but now tilts decisively towards the rebel faction due to their superior numbers among the flyers. This shift highlights themes of rebellion, betrayal, and the critical role of technological dominance in warfare within a dystopian society where control over air space is paramount for maintaining power or overthrowing an authoritarian government."
time_machine_042,time_machine,qwen,qwen2.5:14b,"In these days we have this great machine of the city, and an organisation

complex beyond his understanding.""



""Yet,"" said Graham, ""there is something resists, something you are

holding down--something that stirs and presses.""



""You will see,"" said Ostrog, with a forced smile that would brush these

difficult questions aside. ""I have not roused the force to destroy

myself--trust me.""



""I wonder,"" said Graham. ""_Must_ the world go this way?"" said Graham with his emotions at the

speaking point. ""Must it indeed go in this way? Have all our hopes

been vain?""



""What do you mean?"" said Ostrog. ""Hopes?""



""I come from a democratic age. And I find an aristocratic tyranny!""



""Well,--but you are the chief tyrant.""



Graham shook his head. ""Well,"" said Ostrog, ""take the general question. It is the way that

change has always travelled.","This passage from a dystopian novel captures a tense dialogue between Graham and Ostrog, highlighting themes of authoritarianism, resistance, and the inevitable progression of societal change. Graham expresses his dismay at finding himself in an aristocratic tyranny despite coming from a democratic era, suggesting a sense of disillusionment with the direction society has taken. His questioning of whether ""the world must go this way"" underscores broader existential concerns about the inevitability of oppressive regimes and the futility of resistance against systemic changes that lead to autocracy. Ostrog's dismissive attitude and assertion that change is an unavoidable part of history emphasize a deterministic view, suggesting that any attempt at rebellion or maintaining democratic ideals is ultimately futile in the face of societal evolution towards tyranny."
time_machine_043,time_machine,qwen,qwen2.5:14b,"My circumstances demanded that one or

other should be finished before I took any rest, and so I wound up the

Sleeper sufficiently to make it a marketable work, hoping to be able to

revise it before the book printers at any rate got hold of it. I came back to England from Italy only to fall

dangerously ill, and I still remember the impotent rage and strain of my

attempt to put some sort of finish to my story of Mr. Lewisham, with my

temperature at a hundred and two. I couldn't endure the thought of

leaving that book a fragment. I did afterwards contrive to save it from

the consequences of that febrile spurt--_Love and Mr. Lewisham_ is indeed

one of my most carefully balanced books--but the Sleeper escaped me.","This passage reflects the intense struggle between creative ambition and physical incapacity in a dystopian world where personal health and well-being are secondary to relentless productivity demands. The author's feverish effort to complete their work before succumbing to illness underscores the theme of dehumanization, where individuals are reduced to mere producers rather than valued beings with rights to rest and recovery. This excerpt also hints at broader societal pressures that suppress individual creativity and personal expression, suggesting a dystopian environment where such sacrifices are commonplace but morally questionable."
time_machine_044,time_machine,qwen,qwen2.5:14b,"He listened for long spaces under the ventilator to catch

some distant echo of the tumults he felt must be proceeding in the city. He began to talk to himself. ""Two hundred and three years!"" he said to

himself over and over again, laughing stupidly. ""Then I am two hundred

and thirty-three years old! Surely they haven't

reversed the tendency of our time and gone back to the rule of the

oldest. I remember the

Bulgarian atrocities as though it was yesterday. Ha

ha!"" He was surprised at first to hear himself laughing, and then laughed

again deliberately and louder. Then he realised that he was behaving

foolishly. ""Steady!""



His pacing became more regular. But it is all _why_!""



""I suppose they can fly and do all sorts of things.","The passage from the dystopian novel reflects a character's isolated contemplation on his extraordinary longevity and the changes in society over two centuries, questioning the nature and progression of societal values. The character’s confusion and bemusement about the possibility that age might again be revered indicate a significant shift in social hierarchy and governance, suggesting a reversal or radical reimagining of power structures traditionally based on youth and progressiveness. This introspection highlights themes of time, memory, and the unpredictable evolution of society, raising questions about human resilience and societal reinvention amidst prolonged isolation and uncertainty."
time_machine_045,time_machine,qwen,qwen2.5:14b,"But you have--I may tell you this much--the automatic

increase of your property puts great possibilities of interference in

your hands. And in certain other ways you have influence, with your

eighteenth century notions.""



""Nineteenth century,"" corrected Graham. ""With your old world notions, anyhow, ignorant as you are of every

feature of our State.""



""Am I a fool?""



""Certainly not.""



""Do I seem to be the sort of man who would act rashly?""



""You were never expected to act at all. No one counted on your

awakening. No one dreamt you would ever awake. The Council had surrounded

you with antiseptic conditions. As a matter of fact, we thought that you

were dead--a mere arrest of decay. We dare

not suddenly---while you are still half awake.""



""It won't do,"" said Graham.","This passage from the dystopian novel suggests a significant power imbalance between the protagonist and an authority figure in the futuristic society he has awakened to. The authority figure points out that, despite Graham's seemingly antiquated views, his newly acquired wealth and property give him considerable leverage within this new world order. However, they also reveal that Graham was deliberately isolated from any potential awakening, treated almost as a relic of the past, indicating a control mechanism aimed at preserving social stability by suppressing dissent or change initiated by outsiders like Graham. The dialogue highlights themes of societal manipulation, technological advancement's impact on individual freedom, and the conflict between old-world values and new-world pragmatism, underscoring the novel’s critique of oppressive governance and the dangers of unchecked authority."
time_machine_046,time_machine,qwen,qwen2.5:14b,"Suddenly there was a hasty

exclamation, and the intruder sprang back just in time to escape the

sweep of the released fan. And when Graham peered up there was nothing

visible but the slowly falling snow. It was perhaps a quarter of an hour before anything returned to the

ventilator. But at last came the same metallic interference again; the

fans stopped and the face reappeared. Graham had remained all this time

in the same place, alert and tremulously excited. What do you want?"" he said. ""We want to speak to you, Sire,"" said the intruder. ""We want--I

can't hold the thing. We have been trying to find a way to you--these

three days.""



""Is it rescue?"" whispered Graham. If you will.""



""You are my party--the party of the Sleeper?""



""Yes, Sire.""



""What am I to do?"" said Graham. The stranger's arm appeared, and his hand was

bleeding.","This passage from a dystopian novel encapsulates a tense and surreal encounter between the protagonist, Graham, and an intruder who appears through a ventilator. The scene is fraught with tension and uncertainty as it reveals a world where communication and access are severely restricted or controlled, suggesting a society in chaos or under oppressive rule. The dialogue highlights themes of isolation, control, and the quest for leadership or salvation, particularly when Graham is addressed as ""Sire,"" indicating he may hold some form of dormant authority. The intruder's bleeding hand symbolizes both the violence that pervades this world and the desperation of its inhabitants to reach out to someone they perceive as a leader or savior."
time_machine_047,time_machine,qwen,qwen2.5:14b,"He noted many strange

features, understanding none at the time; he even spelt out many of the

inscriptions in Phonetic lettering. But what profit is it to decipher a

confusion of odd-looking letters resolving itself, after painful strain

of eye and mind, into ""Here is Eadhamite,"" or, ""Labour Bureau--Little

Side""? Grotesque thought, that all these cliff-like houses were his! The perversity of his experience came to him vividly. In actual fact he

had made such a leap in time as romancers have imagined again and again. And that fact realised, he had been prepared. His mind had, as it were,

seated itself for a spectacle. And no spectacle unfolded itself, but a

great vague danger, unsympathetic shadows and veils of darkness. Somewhere through the labyrinthine obscurity his death sought him. Would

he, after all, be killed before he saw?","This passage from a dystopian novel highlights the protagonist's disorientation and alienation in an unfamiliar future setting. The character attempts to decipher inscriptions on buildings but finds that they offer little clarity or comfort. This confusion underscores his estrangement from this new society, where grand structures signify nothing meaningful to him despite their imposing presence. The narrative emphasizes a profound sense of existential peril and disillusionment as the protagonist realizes he is adrift in a world governed by unknown rules and dangers, devoid of familiar landmarks or guiding principles that would provide solace or direction."
time_machine_048,time_machine,qwen,qwen2.5:14b,"In the old days man was

armed against Pain, now he is eager for Pleasure. Civilisation has driven pain and danger so far off--for

well-to-do people. And only well-to-do people matter now. I have been

asleep two hundred years.""



For a minute they leant on the balustrading, following the intricate

evolution of the dance. Indeed the scene was very beautiful. ""Before God,"" said Graham, suddenly, ""I would rather be a wounded

sentinel freezing in the snow than one of these painted fools!""



""In the snow,"" said Asano, ""one might think differently.""



""I am uncivilised,"" said Graham, not heeding him. _Their_ fountain of rage and fear and anger is

sealed and closed, the habits of a lifetime make them cheerful and easy

and delightful. You must bear with my nineteenth century shocks and

disgusts. These people, you say, are skilled workers and so forth.","The passage reflects on the stark contrast between past and present societal values, highlighting how civilization has evolved to prioritize pleasure over pain, a transformation that benefits only the affluent. The protagonist's visceral reaction against the modern society's superficiality underscores his belief in the nobility of struggle and hardship, suggesting a critique of contemporary complacency and moral decay. This dialogue emphasizes themes of cultural regression and personal integrity, questioning whether the absence of suffering truly equates to societal progress or merely masks deeper issues."
time_machine_049,time_machine,qwen,qwen2.5:14b,"Another step and

he was clinging close to the aeronaut. He felt a weight on his shoulder,

the pressure of the air. His hat was a whirling speck behind. The wind

came in gusts over his wind-screen and blew his hair in streamers past

his cheek. The aeronaut made some hasty adjustments for the shifting of

the centres of gravity and pressure. ""I want to have these things explained,"" said Graham. ""What do you do

when you move that engine forward?""



The aeronaut hesitated. Then he answered, ""They are complex, Sire.""



""I don't mind,"" shouted Graham. ""I don't mind.""



There was a moment's pause. ""Aeronautics is the secret--the privilege--""



""I know. But I'm the Master, and I mean to know."" He laughed, full of

this novel realisation of power that was his gift from the upper air.","This passage from a dystopian or science fiction novel highlights the tension between technological complexity and human control. Graham, newly endowed with authority over advanced aerial technology, demands explanations for its operation despite initial reluctance from the expert aeronaut. His insistence underscores themes of power and knowledge, illustrating how access to sophisticated technology can transform one’s sense of self and status within society. This scene also hints at the novel's exploration of control versus mystery in a world where technological advancement has created new forms of social hierarchy and governance."
we_000,we,qwen,qwen2.5:14b,"Not a whisper, not a breath around; all eyes

were upon that hand.... What crushing, scorching power one must feel

to be the tool, to be the resultant of hundreds of thousands of

wills! The hand moved down, switching in the current. The

lightning-sharp blade of the electric ray.... A faint crack like

a shiver, in the tubes of the Machine.... The prone body, covered

with a light phosphorescent smoke; then suddenly, under the eyes of

all, it began to melt,--to melt, to dissolve with terrible speed. And then nothing; just a pool of chemically pure water which only a

moment ago was so red and pulsated in his heart.... All this was simple; all of us were familiar with the phenomenon,

dissociation of matter,--yes, the splitting of the atoms of the

human body!","This passage from a dystopian novel vividly depicts a scene where an individual is subjected to a horrifying form of execution through advanced technological means. The use of language such as ""crushing power"" and ""lightning-sharp blade"" conveys both the impersonal nature of state-sanctioned violence and its overwhelming force, reflecting themes of dehumanization and societal control. The description of the body melting into water highlights the cold detachment with which society regards human life, suggesting a future where even death is industrialized and devoid of empathy. This excerpt underscores the novel's critique of authoritarian regimes that prioritize technological advancement over human dignity and rights."
we_001,we,qwen,qwen2.5:14b,"One day Plappa told us about irrational numbers, and

I remember I wept and banged the table with my fist and cried, ""I

do not want that square-root of minus one; take that square-root

of minus one away!"" This irrational root grew into me as something

strange, foreign, terrible; it tortured me; it could not be thought

out. It could not be defeated because it was beyond reason. Now that square-root of minus one is here again. I read over what

I have written and I clearly see that I was insincere with myself,

that I lied to myself in order to avoid seeing that square-root of

minus one. My sickness, etc., is all nonsense; _I could go there_. I

feel sure that if such a thing had happened a week ago I should have

gone without hesitating. Why then am I unable to go now?...","This passage from the dystopian novel suggests a deep-seated fear and resistance towards concepts or ideas that challenge one's rational understanding, metaphorically represented by ""the square-root of minus one,"" which is an irrational number in mathematics. The author's emotional reaction and subsequent self-deception illustrate how individuals may avoid confronting difficult truths or realities that threaten their established beliefs or comfort zones. This theme is significant as it reflects the broader human tendency to resist change and the unknown, even when such resistance hinders personal growth or adaptation within a dystopian society where facing these challenges could be crucial for survival or liberation."
we_002,we,qwen,qwen2.5:14b,"""Why do I sit here enduring this smile with such resignation and

what is this all about? And why all these strange

sensations, this irritating, repellent female, this strange game?""



The door of the closet slammed; there was the rustle of silk. I

felt it difficult to restrain myself from getting up and, and.... I

don't remember exactly; probably I wanted to tell her a number of

disagreeable things. She was dressed in a short bright-yellowish dress, black hat, black

stockings. The dress was of light silk,--I saw clearly very long

black stockings above the knees, an uncovered neck and the shadow

between.... ""It's clear that you want to seem original. But is it possible that

you--?""



""It is clear,"" interrupted I-330, ""that to be original means to

stand out among others; consequently to be original means to violate

the law of equality.","This passage from a dystopian novel illustrates the tension between individuality and conformity in a highly regulated society. The narrator's discomfort and suppressed anger towards I-330 reflect the oppressive environment where personal expression is discouraged, leading to internal conflict and rebellion. I-330’s assertion that originality inherently challenges the societal law of equality underscores a broader critique of totalitarian regimes that suppress individual thought and creativity to maintain rigid social order. The description of I-330's attire highlights her deliberate defiance through fashion, symbolizing resistance against the uniformity imposed by authority."
we_003,we,qwen,qwen2.5:14b,"A

thousand years ago your heroic ancestors subjected the whole earth

to the power of the United State. A still more glorious task is

before you,--the integration of the indefinite equation of the

Cosmos by the use of the glass, electric, fire-breathing _Integral_. Your mission is to subjugate to the grateful yoke of reason the

unknown beings who live on other planets, and who are perhaps still

in the primitive state of freedom. If they will not understand that

we are bringing them a mathematically faultless happiness, our duty

will be to force them to be happy. But before we take up arms, we

shall try the power of words.","This passage from a dystopian novel suggests a future where humanity's ambition is to impose its rational order and technological superiority on all life forms in the universe, metaphorically depicted as solving an equation with the ""Integral,"" a powerful instrument. The text reflects themes of imperialism, the supremacy of human reason and technology over nature or other sentient beings, and the idea that happiness can be imposed rather than freely chosen. It critiques the notion that progress and enlightenment should dictate the fate of all intelligent life, highlighting the potential dangers of unchecked ambition and the belief in a single path to universal harmony and control."
we_004,we,qwen,qwen2.5:14b,"very.""



""Thou lovest fog, dost thou?""



This ancient, long-forgotten _thou_--the thou of a master to his

slave--penetrated me slowly, sharply.... This

too was inevitable, was good. ""Yes, good ..."" I said aloud to myself, and then to her, ""I hate

fog. I am afraid of fog.""



""Then you love it. For if you fear it because it is stronger than

you, hate it because you fear it, you love it. For you cannot

subject it to yourself. One loves only the things one cannot

conquer.""



""Yes, that is so. that is precisely why I....""



We were walking--as one. Somewhere beyond the fog the sun was

singing in a faint tone, gradually swelling, filling the air with

tension and with pearl and gold and rose and red....","The passage from the dystopian novel delves into a dialogue that underscores themes of control, fear, and love. The speaker's use of archaic language, particularly ""thou,"" signifies a power dynamic where one person holds authority over another, possibly reflecting a society where freedom is suppressed and individuality is controlled by oppressive forces. The discussion about fog serves as an allegory for the uncontrollable aspects of life—elements that instill fear and resistance yet also evoke love because they cannot be mastered or dominated. This interplay highlights the novel's critique of totalitarian regimes and their impact on personal autonomy and emotional truth."
we_005,we,qwen,qwen2.5:14b,"You see?""



U- glanced at me, then at the number of the stub and again made that

familiar, charmingly innocent movement with which she fixes the fold

of the unif between her knees. ""You look abnormal and ill, dear. Abnormality and illness are the

same thing. And no one would tell you

that, no one!""



That ""No one"" was certainly equivalent to the number on the

stub,--I-330. This thought was confirmed by an ink-blot which

fell close to the figure 330. Is it not painful when the

buds are bursting? And don't you think that spermatozoa are the most

terrible of all microbes? In the widely open cup of the armchair

was I-330. I, on the floor, embracing her limbs, my head on her

lap. Like a crystal I was _dissolving_ in her, in I-330.","This passage from a dystopian novel delves into themes of societal control and individual suffering. The protagonist is rebuked for their appearance by the character U-, who embodies the oppressive conformity of the society described. By equating abnormality with illness, U- highlights the regime's use of psychological manipulation to enforce adherence to strict social norms. The passage also suggests a rebellion against such constraints through the intimate embrace between the narrator and I-330, symbolizing a yearning for connection and individual identity in defiance of the dystopian order."
we_006,we,qwen,qwen2.5:14b,"Yet every time we witnessed it, it seemed a miracle; it

was a symbol of the superhuman power of the Well-Doer. Above, in front of Him, the burning faces of the female numbers,

mouths half open from emotion, flowers swaying in the wind.[2]

According to custom, ten women were covering with flowers the

unif of the Well-Doer, which was still wet with spray. With the

magnificent step of a supreme priest He slowly descended, slowly

passed between the rows of stands; and like tender white branches

there rose toward Him the arms of the women; and, millions like

one, our tempestuous cheers! Then cheers in honor of the Guardians,

who all unseen, were present among us.... Who knows, perhaps the

fancy of the ancient man foresaw them centuries ahead, when he

created the gentle and formidable ""guardian-angels"" assigned to each

one from the day of his birth?","This passage from a dystopian novel vividly illustrates the oppressive nature of a totalitarian regime through its portrayal of ritualized public adoration for the enigmatic figure known as the Well-Doer. The scene, filled with symbolic acts such as women covering the Wet-Unif and the orchestrated cheering by crowds, underscores the enforced unity and blind obedience to authority that is characteristic of dystopian societies. Furthermore, the reference to ""guardian-angels"" assigned from birth hints at the pervasive surveillance and control over individuals' lives, reinforcing themes of loss of freedom and autonomy under an all-enveloping state apparatus."
we_007,we,qwen,qwen2.5:14b,"It is perhaps for the first time in the history of the last few

decades that a Russian book, inspired by Russian life, written in

Russia and in the Russian language, should see its first light not

in Russia but abroad, and not in the language it was originally

written but translated into a foreign tongue. During the darkest

years of Russian history, in the 'forties, 'sixties, 'eighties and

'nineties of the last century, many Russian writers were forced by

oppression and reaction to live abroad and to write abroad, yet

their writings would reach Russia, as they were intended primarily

for the Russian reader and Russian life. Most of Turgeniev's novels

were written while he was in France, and with the exception of his

last short story which he dictated on his deathbed, all his novels

and stories were written in Russian.","This passage highlights a significant shift in the historical context of Russian literature, reflecting political oppression and censorship that prevent domestic publication. The author contrasts this new reality with past periods where writers like Turgenev faced similar challenges but managed to publish their work for a Russian audience. By emphasizing that contemporary Russian books are now primarily published abroad and translated into foreign languages, the passage underscores a dire situation where free expression is severely constrained within Russia itself. This highlights themes of political repression, cultural isolation, and the struggle of artists and intellectuals under authoritarian regimes."
we_008,we,qwen,qwen2.5:14b,"""More than that,"" I said, ""if I were ordered to prepare a

mathematical draught of the Machine of the Well-Doer, I should

undoubtedly,--undoubtedly, put on that draught some of your

verses!""--Suddenly I saw R-'s eyes becoming more and more opaque,

his lips acquiring a gray tint. Merely that I am dead sick of it; everybody keeps

on: 'the death-sentence, the death-sentence!' I want to hear no more

of it! I do not want...."" He became serious, rubbing

his neck--that little valise filled with luggage which I cannot

understand. He found something in that little

valise of his, removed it, unwrapped it, spread it out; his eyes

became covered with the varnish of laughter. He began:



""I am writing something for your _Integral_. I am!"" He was

himself again; bubbling, sprinkling lips; words splashing like a

fountain.","This passage from a dystopian novel evokes themes of resistance against oppressive authority and the power of art in defiance. The narrator's statement about incorporating poetic verses into a ""Machine of the Well-Doer,"" which appears to be an apparatus for enforcing societal norms, suggests that creative expression can disrupt rigid systems of control. R's abrupt shift from a state of apathy (""dead sick"") to enthusiasm as he reveals his writing project underscores how art offers an escape and a means of rebellion against relentless and dehumanizing dictates like the ""death-sentence."" This transition highlights the novel’s exploration of individualism versus conformity, emphasizing that creative endeavors can serve as a beacon of hope in oppressive environments."
we_009,we,qwen,qwen2.5:14b,"It is clear that under such circumstances there is no more reason

for envy or jealousy. The denominator of the fraction of happiness

is reduced to zero and the whole fraction is thus converted into

a magnificent infiniteness. The thing which was for the ancients

the source of innumerable stupid tragedies has been converted in

our time into an harmonious, agreeable and useful function of the

organism, a function like sleep, like physical labor, the taking

of food, digestion, etc., etc. Hence you see how the great power

of logic purifies everything it happens to touch. Oh, if only you

unknown readers can conceive this divine power! If you will only

learn to follow it to the end!","The passage reflects a society where logical rationalization has led to the eradication of complex emotions such as envy and jealousy, suggesting a mechanistic approach to human feelings. By reducing these negative emotional responses to zero, the text implies an idealized state where happiness is infinitely achievable because there are no barriers created by interpersonal competition or resentment. This shift in societal values transforms once destructive behaviors into essential functions akin to biological necessities like eating or sleeping, highlighting how logic can ostensibly purify and improve human experience. The author's rhetoric challenges readers to embrace this logical framework completely, underscoring the theme of rationality as a panacea for social ills but also hinting at the potential loss of authentic human emotion in such a utopian yet dystopian vision."
we_010,we,qwen,qwen2.5:14b,"RECORD FOURTEEN



  ""Mine""

  Impossible

  A Cold Floor





I shall continue to relate my adventures of yesterday. I was busy

during the personal hour before retiring to bed, and thus I was

unable to record everything last night. But everything is graven in

me; especially, for some reason, and apparently forever, I shall

remember that unbearably cold floor.... I was expecting O-90 last evening as it was her regular day. I

went downstairs to the controller on duty to get a permit for the

lowering of my curtains. ""What is the matter with you?"" asked the controller. ""You seem so

peculiar tonight.""



""I ... I am sick.""



Strictly speaking, I told her the truth. Presently I remembered; of course, my

certificate! I touched it in my pocket. I held out the paper to the controller. As I did so, I felt the

blood rushing to my cheeks.","This passage from a dystopian novel highlights the rigid and dehumanizing nature of a totalitarian society where individuality is suppressed and conformity is enforced through bureaucratic control. The narrator's request for a permit to lower their curtains during their personal hour suggests that even small, private actions are regulated by an omnipresent authority. The controller’s suspicion of the narrator’s unusual behavior underscores the constant surveillance and the fear it engenders in citizens who dare to deviate from expected norms. The mention of the cold floor symbolizes both physical discomfort and emotional detachment, emphasizing the barrenness and lack of warmth (both literal and metaphorical) in a society where personal freedom and emotions are controlled."
we_011,we,qwen,qwen2.5:14b,"It seemed that in a moment

they would drill in to the bottom and would see something that I do

not even dare to confess to myself.... That bothersome eyelash became wholly clear to me. S- was one of

them, one of the Guardians, and it would be the simplest thing

immediately, without deferring to tell him everything! ""I went yesterday to the Ancient House ..."" my voice was strange,

husky, flat,--I tried to cough. It must have given you material for some instructive

deductions.""



""Yes ... You see, I was not alone; I was in the company of

I-330, and then....""



""I-330? She is a very interesting, gifted woman;

she has a host of admirers.""



But he too--then during the promenade.... Perhaps he is even

assigned as her he-Number! No, it is impossible to tell him,

unthinkable.","The passage from the dystopian novel captures a tense moment where the narrator is faced with the possibility of revealing a secret or breaking an important rule in their society. The character S-, who is revealed as one of the Guardians (likely enforcers or overseers), triggers intense anxiety and reflection for the narrator, suggesting that the narrator has engaged in some form of forbidden activity at the ""Ancient House."" This place might symbolize a relic from a past era, possibly a time before strict societal regulations were imposed. The narrator’s hesitation to confess indicates fear of punishment and the complexities of maintaining one's integrity while living under oppressive rules. Additionally, the mention of I-330 hints at a romantic or close relationship that further complicates matters, suggesting themes of resistance against conformity and the allure of freedom versus safety within an authoritarian system."
we_012,we,qwen,qwen2.5:14b,"The one to my right, I-330, apparently caught my confused eye, for

she said with a sigh, ""Yes, alas!""



I don't deny that this exclamation was quite in place, but again

there was something in her face or in her voice.... With an abruptness unusual for me, I said, ""Why 'alas'? Science is

developing and if not now, then within fifty or one hundred years--""



""Even the noses will--""



""Yes, noses!"" This time I almost shouted, ""Since there is still a

reason, no matter what, for envy.... Since my nose is button-like

and someone else's is--""



""Well your nose is rather classic, as they would say in the ancient

days, although your hands--No, no, show me your hands!""



I hate to have anyone look at my hands; they are covered with

long hair,--a stupid atavism.","This passage from a dystopian novel highlights the themes of societal conformity and the oppressive nature of scientific control over human identity. The character's exchange about noses and hands reveals a society where physical attributes are not only scrutinized but also deemed unacceptable if they deviate from an arbitrary standard imposed by science or authority. This dialogue underscores the characters' internal conflict between personal dissatisfaction with their physical traits and the societal expectation to conform, suggesting that individuality is suppressed in favor of uniformity. The mention of ""atavism"" further emphasizes the novel's critique of a society that eradicates natural human variation through scientific intervention, leading to a loss of authentic self-expression and identity."
we_013,we,qwen,qwen2.5:14b,"_Twenty minutes later_:



On the plane of this paper, in a world of two dimensions, these

lines follow each other, but in another world they.... I am losing

the sense for figures.... Perhaps two hundred or two

hundred thousand!... It seems so strange, quietly, deliberately, measuring every word,

to write down my adventure with R-. Imagine yourself sitting down

at your own bed, crossing your legs, watching curiously how you

yourself shrivel in the very same bed. My mental state is similar to

that. When R-13 came in I was perfectly quiet and normal. I began with

sincere admiration to tell him how wonderfully he succeeded in

versifying the death sentence of that insane man, and that his

poem more than anything else had smothered and annihilated the

transgressor of the law.","This passage from a dystopian novel employs metaphysical and existential imagery to convey the narrator's disoriented state after an encounter with R-, likely someone who embodies authority or control within this oppressive world. The narrator describes their experience as akin to observing one's own shrinking, indicating feelings of powerlessness and detachment from reality—a common theme in dystopian literature that reflects the dehumanizing effects of totalitarian regimes. The act of versifying a death sentence suggests an integration of art with state-sanctioned violence, highlighting themes of conformity, loss of individuality, and the manipulation of language to justify oppression."
we_014,we,qwen,qwen2.5:14b,"When I came into my room and turned on the light, I could not

believe my eyes! O-90 stood at my table, or to be more exact,

she was hanging like a creased empty dress. She seemed to have

no tensity, no spring beneath the dress; her arms and legs were

springless, her voice was hanging and springless. ""About my letter, did you receive it? I must know your answer,

I must--today.""



I shrugged my shoulders. I enjoyed looking into her blue eyes which

were filled with tears as if she were the guilty one. With pleasure I pricked her:



""Answer? In everything.""



""Then ..."" (She tried to cover the minute tremor with a smile but

it did not escape me.) ""Well, all right. I shall leave

you at once.""



Yet she remained drooping over the table. Drooping eyelids, drooping

arms and legs.","This passage from a dystopian novel vividly portrays a scene of emotional and psychological oppression where O-90 appears as a hollowed-out version of herself upon entering the narrator's room. Her physical appearance—described as lacking tension and vitality, hanging ""like a creased empty dress""—symbolizes her mental and spiritual exhaustion under an oppressive regime that stifles individuality and autonomy. The narrator’s callous response to O-90’s plea for an answer about a letter further underscores the dehumanizing nature of their society, where personal connections are reduced to mechanical exchanges, highlighting themes of loss of identity, enforced conformity, and the corrosive effects of an authoritarian state on human relationships."
we_015,we,qwen,qwen2.5:14b,"Through that haze I perceived the long glass

tables and the globe-like heads busy chewing, slowly, silently,

in unison. At a distance, through the haze, the metronome was

slowly beating its tick-tock, and to the accompaniment of this

customary and caressing music I joined with the others in counting

automatically to fifty: fifty is the number of chewing movements

required by the law of the State for every piece of food. And

automatically then, keeping time, I went downstairs and put my

name down in the book for the outgoing Numbers,--as everyone did. But I felt I _lived_ separately from everybody; I lived by myself

separated by a soft wall which absorbs noises; beyond that wall

there was my world. Here a thought occurred to me. If that world is only my own, why

should I tell about it in these records?","This passage from a dystopian novel vividly captures the oppressive and regimented nature of society, where individuality is stifled by rigid conformity and state-enforced behavior. The imagery of people chewing ""slowly, silently, in unison"" and following a metronomic pace underscores the loss of personal freedom and autonomy, with actions reduced to mechanical routines dictated by the state. The narrator's realization that they live ""separately from everybody,"" isolated behind a metaphorical ""soft wall,"" highlights their internal struggle between conforming outwardly while retaining an inner world of independent thought—a theme crucial in exploring resistance against oppressive regimes."
we_016,we,qwen,qwen2.5:14b,"In 1911 this service exiled me from

Petrograd and I was forced to spend two years in a non-populated

place in Lachta. There, in the midst of the white winter silence

and the green summer silence, I wrote my _Provincial_. After that

the late Ismaylov expressed in print his belief that I wore very

high boots and was a long-haired provincial type, carrying a heavy

stick, and he was later very much surprised that I 'didn't look a

bit like that.' Incidentally, 'not a bit like that' I became in

England where, during the War, I spent about two years, building

ships and visiting the ruins of ancient castles. I listened to the

banging of the German Zeppelin bombs and wrote a short novel _The

Islanders_.","This passage from a dystopian novel encapsulates themes of exile, identity transformation, and the power of imagination. The author describes being exiled to Lachta, where they write their work ""Provincial,"" experiencing both literal isolation and symbolic freedom that allows for creative expression. Upon moving to England during wartime, the author's physical displacement continues, leading to further changes in identity as they adapt to a new environment filled with historical and cultural contrasts. The act of writing amidst these transformative experiences underscores how place and personal hardship can fuel artistic creation, highlighting the novel's exploration of how one's sense of self is shaped by external circumstances and internal reflection."
we_017,we,qwen,qwen2.5:14b,"Your much-heralded knowledge is

but a form of cowardice. Yes, you want to encircle the

infinite with a wall and you fear to cast a glance behind the wall. And if ever you should glance beyond the wall you would be

dazzled and close your eyes,--yes,--""



""Walls are the foundation of every human--"" I began. I

waved my hand: ""Well, you may laugh, I don't care."" I was busy

with something else. I had to find a way of eating up, of crushing

down, that square-root of minus one. ""Suppose,"" I offered, ""we go

to my place and do some arithmetical problems."" (The quiet hour of

yesterday afternoon came to my memory; perhaps today also....)



O- glanced at R-, then serenely and roundly at me; the soft,

endearing color of our pink checks came to her cheeks.","This passage from a dystopian novel critiques the societal reliance on rigid structures and boundaries, symbolized by ""walls,"" which stifle intellectual curiosity and personal growth. The character's fear of looking beyond these walls suggests an unwillingness to confront uncertainty or knowledge that challenges their established order, reflecting themes of conformity and oppression. The mention of mathematical concepts like the square root of minus one (an imaginary number) implies a yearning for abstract thinking and exploration beyond tangible limits, underscoring the novel’s theme of seeking truth and freedom in a repressive environment."
we_018,we,qwen,qwen2.5:14b,"Something is wrong with a frame and

brackets here, and ...""



Not waiting until he had finished, I rushed to him, upstairs; I was

shamefully saving myself by flight. I had not the power to raise my

eyes. I was dazed by the sparkling glass steps under my feet, and

with every step I made I felt more and more hopeless. I, a corrupted

man, a criminal, was out of place here. No, I shall probably never

again be able to fuse myself into this mechanical rhythm, nor to

float over this mirror-like, untroubled sea. I am to burn eternally

from now on, running from place to place, seeking a nook where I may

hide my eyes, eternally, until I.... A spark cold as ice pierced me:

""I myself, I matter little, but is it necessary that _she_ also...?","This passage portrays the profound guilt and existential despair of a character who feels utterly alienated from his surroundings due to perceived moral corruption. The imagery of ""sparkling glass steps"" underscores an initial sense of disorientation and detachment as the character physically ascends, mirroring his emotional journey into isolation and despair. The theme of perpetual damnation is highlighted by phrases like ""burn eternally"" and ""hide my eyes,"" suggesting a fear not only for one's own fate but also for that of someone close (""she""), revealing a complex interplay between personal guilt and broader societal impact in this dystopian setting."
we_019,we,qwen,qwen2.5:14b,"But for you they are

perhaps more mysterious and hard to understand than the binom of

Newton. Let me explain: an ancient sage once said a clever thing

(accidentally, beyond doubt). He said, ""Love and Hunger rule the

world."" Consequently, to dominate the world, man had to win a

victory over hunger after paying a very high price. I refer to the

great Two Hundred Years' War, the war between the city and the land. Probably on account of religious prejudices, the primitive peasants

stubbornly held on to their ""bread.""[1] In the 35th year before the

foundation of the United State, our contemporary petroleum food was

invented. True, only about two-tenths of the population of the globe

did not die out. But how beautifully shining the face of the earth

became when it was cleared of its impurities!","This passage from a dystopian novel explores the theme of humanity's struggle for survival and control over nature, highlighting profound sacrifices in the process. The ancient sage’s quote about love and hunger ruling the world serves as a metaphor, emphasizing that overcoming basic human needs (hunger) was pivotal to achieving dominance but came at an immense cost, including mass casualties during the Two Hundred Years' War. The invention of petroleum food marks a turning point where technological advancement triumphs over traditional ways of life, leading to both societal collapse and environmental cleansing as depicted by ""the face of the earth [becoming] beautifully shining,"" symbolizing a stark new order devoid of past human connections and environmental diversity."
we_020,we,qwen,qwen2.5:14b,"I shall leave the school-children with someone else and

I shall stay with you, for you, dear, you too are a child and you

need....""



""No, no!"" (I raised my hands in protest). You

really think then that I am a child and that I cannot do without

a.... Not for anything in the world."" (I must confess I had

other plans for that day!)



She smiled. The wording of that smile apparently was: ""Oh, what a

stubborn, what a stubborn boy!"" She sat down, eyelids lowered. Her

hands modestly busied themselves with fixing the fold of the unif

which fell again between her knees, and suddenly, about something

entirely different, she said:



""I think I must decide ... But I implore you, do

not hurry me.","This passage from a dystopian novel portrays a tense interaction between two characters, likely an authority figure (possibly an educator) and a student. The adult's attempt to take control over the child suggests a restrictive environment where personal autonomy is limited or controlled by others, reflecting themes of power dynamics and loss of individual freedom. The child’s defiant response highlights the character's desire for independence and maturity despite societal constraints. The authority figure's dismissive yet amused reaction reveals an undercurrent of condescension and possibly disillusionment with youth, adding layers to the novel’s critique of oppressive systems that fail to recognize personal growth and agency."
we_021,we,qwen,qwen2.5:14b,"""This is my most beloved--"" she suddenly caught herself (again a

smile,--bite, and white sharp teeth), ""to be more exact, the most

nonsensical of all 'apartments'.""



""Or to be most exact, of all the States. Thousands of microscopic

States, fighting eternal wars, pitiless like--""



""Oh yes, it's clear,"" said I-330 with apparent sincerity. We passed through a room where we found a few small children's beds

(children in those days were also private property). Then more

rooms, glimmering mirrors, sombre closets, unbearably loud-colored

divans, an enormous ""fireplace,"" a large mahogany bed. Our

contemporary beautiful, transparent, eternal glass was represented

here only by pitiful, delicate, tiny squares of windows. ""And to think; here there was love 'just so'; they burned and

tortured themselves"" (again the curtain of the eyes was lowered),

""What a stupid, uneconomical spending of human energy.","The passage from this dystopian novel critiques a society that has stripped personal relationships and emotions down to their most utilitarian forms. The narrator's commentary on ""love 'just so'"" and the idea that such emotional expenditure is wasteful underscores a theme of dehumanization, where individuals are reduced to mere economic units devoid of authentic affection or connection. This reflects broader societal themes of control and efficiency over individuality and emotion, highlighting the loss of genuine human experiences in favor of sterile, managed living conditions. The mention of children as ""private property"" further emphasizes the lack of communal or familial bonds, reinforcing the novel's critique on how totalitarian regimes can erase intimacy and personal freedom."
we_022,we,qwen,qwen2.5:14b,"Not so now, for I know that I have imagination, that is

what my illness consists in, and more than that: I know that it is a

wonderful illness,--one does not want to be cured, simply does not

want to! We ascended the glass steps; the world spread itself below us like

the palm of a hand. You, readers of these records, whoever you be, you have the sun

above you. And if you ever were ill, as I am now, then you know

what kind of a sun there is or may be in the morning; you know

that pinkish, lucid, warm gold; the air itself looks a little

pinkish; everything seems permeated by the tender blood of the sun;

everything is alive; the stones seem soft and living; iron living

and warm; people all full of life and smiles.","This passage from a dystopian novel encapsulates the protagonist's unique perspective on illness, which he perceives not as a curse but as a gift that sharpens his awareness and imagination. The imagery contrasts the sterile, mechanical world they inhabit with the vivid sensory experience of the dawn, suggesting that true human connection and vitality are found in moments of perceived weakness or deviation from societal norms. This theme underscores the novel's critique of a dystopian society that suppresses individuality and emotion, advocating instead for the value of imagination and personal experience over conformity and prescribed normalcy."
we_023,we,qwen,qwen2.5:14b,"At that

moment I was the very same little boy who once wept because of a

tiny ink-stain on his unif, which no one else could see. Even if it

be so, if nobody sees that I am covered with black, ineffaceable

stains, I know it, do I not? I know that there should be no place

for a criminal like me among these frank open faces. What if I

should rush forward and shout out all at once everything about

myself! At least for a second I would

feel myself clear and clean and senseless like that innocent blue

sky.... All eyes were directed upward; in the pure morning blue, still moist

with the tears of night, a small dark spot appeared. Now it was

dark, now bathed in the rays of the sun.","The passage evokes a deeply personal and introspective moment within the protagonist's psyche, highlighting the internal conflict between guilt and innocence. The character feels overwhelmed by an invisible but insurmountable burden of sin or failure, symbolized by the ""black, ineffaceable stains."" This internal turmoil contrasts sharply with the perceived purity and openness of others around him, underscoring themes of isolation and societal judgment. The fleeting vision of the dark spot in the sky represents his momentary impulse to confess, seeking a semblance of redemption or clarity, yet it remains unspoken, suggesting that his burden is ultimately insurmountable and internalized."
we_024,we,qwen,qwen2.5:14b,"If I do act as I am told to in the note, if I

do go to the controller on duty, produce the pink check and then,

having lowered the curtains if I do sit alone in my room, I do all

this of course not because I have no power to act contrary to her

desire. It is quite simple: separated

from all curative, plaster-like smiles I am enabled quietly to

write these very lines. And second: I am afraid to lose

in her, in I-330, perhaps the only clue I shall ever have to the

understanding of all the unknowns, like the story of the cupboard,

or my temporary death, for instance. To understand, to discover

these unknowns as the author of these records, I feel it simply my

duty. Moreover, the unknown is naturally the enemy of man.","The passage encapsulates a character's internal conflict and reflection in a dystopian society where individual autonomy is severely curtailed. The narrator expresses compliance with an imposed directive despite having the power to act otherwise, suggesting a complex interplay between fear, obedience, and the pursuit of truth. By writing secretly, the character seeks to understand deeper mysteries about their existence and reality, highlighting themes of personal freedom versus societal control and the intrinsic human drive for knowledge in the face of oppressive conditions."
we_025,we,qwen,qwen2.5:14b,"You are to me now as dear and

as near and as far out of reach as he was at that moment. This was my way of thinking: from the part to the whole,--R-13 is

the part; the whole is our Institution of State Poets and Authors. I thought: how was it that the ancients did not notice the utter

absurdity of their prose and poetry? The gigantic, magnificent

power of the artistic word was spent by them in vain. It is really

droll; anybody wrote whatever happened to come into his head! It

was as foolish as the fact that in the days of the ancients the

ocean blindly splashed at the shore for twenty-four hours without

interruption or use. The millions of kilogram-meters of energy

which were hidden in the waves were used only for the stimulation

of sweethearts!","This passage from a dystopian novel reflects on the protagonist's disillusionment with the current state of literature and art under an oppressive regime. The comparison between the ancient poets' free and unregulated creativity and the modern, controlled environment underscores the stifling effect of totalitarianism on artistic expression. By suggesting that historical artistic efforts were futile due to their lack of alignment with societal utility, the author critiques a dystopian world where creativity is not valued for its inherent worth but rather for its contribution to the state's goals. This highlights themes of oppression, the devaluation of art and individuality, and the irony of using past cultural achievements to justify present censorship."
we_026,we,qwen,qwen2.5:14b,"Then she cast a look at me,

into me. ""The most curious thing is that I am not in the least afraid of you. You are such a dear, I am sure of it! You would never think of going

to the Bureau and reporting that I drink liqueurs and smoke. You

will be sick or busy, or I don't know what.... Furthermore, I am

sure you will drink this charming poison with me.""



What an impertinent, mocking tone! I felt definitely that in a

moment I should hate her. In fact I hated her all

the time.)



I-330 turned over the little glass of green poison straight into

her mouth. Then she stood up, and all rosy through the translucent

saffron-yellow tissue, she made a few steps and stopped behind my

chair.... Suddenly her arms were about my neck ...","The passage from this dystopian novel captures a tense yet intriguing interaction between two characters, likely set in an oppressive society where surveillance and conformity are paramount. The character being addressed feels a palpable sense of relief and perhaps even affection when the other person expresses trust by not reporting her to ""the Bureau,"" which suggests that dissent or nonconformity is heavily punished. This exchange underscores themes of rebellion against authority, the psychological toll of living under constant scrutiny, and the human need for connection despite societal pressures. The act of sharing a forbidden drink symbolizes mutual defiance against oppressive norms, while the intimate embrace at the end hints at an emotional bond forged in opposition to their repressive environment."
we_027,we,qwen,qwen2.5:14b,"I could therefore

have gone to the office of the Guardians to make my report; but

after that stupid adventure I was so tired--besides, the law

provides two days. I shall have time tomorrow; I have another

twenty-four hours. RECORD SEVEN



  An Eyelash

  Taylor

  Henbane and Lily of the Valley





Night. Suddenly it lifted the brass eyelids

and sap began to flow from it, from Buddha. Sap also from the yellow

dress. Even in the mirror,--drops of sap, and from the large bed

and from the children's bed and soon from myself.... It is horror,

mortally sweet horror!... Soft blue light, the glass of the walls, of the chairs,

of the table was glimmering. I am sick, it is clear; I

never saw dreams before. They say that to see dreams was a common

normal thing with the ancients.","The passage evokes a surreal and disturbing atmosphere through its vivid imagery of sap-like substance flowing from objects, including Buddha, dresses, and beds. This description suggests a world where inanimate or sacred items are imbued with an unnatural life force or corruption, symbolizing the loss of moral and spiritual boundaries. The narrator's confusion about dreaming hints at a society where natural human experiences like sleep and imagination have become rare or abnormal, possibly due to oppressive societal control. The ""horror"" that is simultaneously sweet points to a complex mix of fear and fascination with forbidden or repressed desires in this dystopian setting, reflecting themes of loss of identity, psychological manipulation, and the blurring of reality and illusion."
we_028,we,qwen,qwen2.5:14b,"I use deliberately the word ""criminal,"" for freedom and crime

are as closely related as--well, as the movement of an aero and its

speed: if the speed of an aero equals zero, the aero is motionless;

if human liberty is equal to zero, man does not commit any crime. The way to rid man of criminality is to rid him of

freedom. No sooner did we rid ourselves of freedom (in the cosmic

sense centuries are only a ""no sooner""), than suddenly some unknown

pitiful degenerates.... No, I cannot understand why I did not go

immediately yesterday to the Bureau of the Guardians. Today, after

sixteen o'clock, I shall go there without fail. At sixteen-ten I was in the street; at once I noticed O-90 at the

corner; she was all rosy with delight at the encounter. She has a

simple, round mind.","This passage from a dystopian novel highlights the relationship between freedom and criminal behavior through a metaphor comparing human liberty to the speed of an aircraft. The author argues that without freedom, there can be no crime, suggesting that restrictive societal control eliminates deviant actions by suppressing personal autonomy. This idea is part of a broader critique on totalitarian regimes which attempt to enforce conformity and suppress individuality in the name of social stability or progress. The mention of ""O-90"" at the end introduces a character whose simple mind aligns with the regime's values, implying that such individuals may accept the loss of freedom without resistance, while also hinting at a personal struggle or decision within the narrator as they consider reporting someone (possibly O-90) to the authorities who enforce these societal rules."
we_029,we,qwen,qwen2.5:14b,"""Oh, after all it does not matter. But the act as such, think of

it! Of course I called the Guardians at once. I love children very

much and I think that the most difficult and the most exalted love

is--cruelty. You understand me, of course.""



""Certainly!"" Her sentence so closely resembled my thoughts! I could

not refrain from reading to her a passage from my Record No. 20,

beginning ""Quietly, metallically, distinctly, do the thoughts"" ... I felt her brownish-pink cheeks twitching and coming closer

and closer to me. Suddenly I felt in my hands her firm, dry, even

slightly prickling fingers. ""Give, give this to me please. I shall have it phonographed and make

the children learn it by heart.","The passage from the dystopian novel explores a disturbing theme of dehumanization and moral corruption within a totalitarian regime. The speaker's assertion that ""cruelty"" is the highest form of love towards children highlights the perversion of traditional values in a society where authority figures, referred to as ""Guardians,"" are tasked with enforcing oppressive measures likely under the guise of protection or education. This interaction underscores how individuals in such regimes can internalize and propagate state-sanctioned cruelty, reflecting a broader theme of complicity and loss of individual moral autonomy. The physical proximity and mutual agreement between characters suggest a shared acceptance and dissemination of these twisted ideals, reinforcing the chilling notion that tyranny thrives on normalized brutality and conformity."
we_030,we,qwen,qwen2.5:14b,"RECORD TWENTY-FOUR



  The Limit of the Function

  Easter

  To Cross Out Everything





I am like a motor set in motion at a speed of too many revolutions

per second, the bearings have become too hot and in one more minute

the molten metal will begin to drip and everything will go to the

devil. I pour pailfuls of it, but my

logic merely sizzles on the hot metal and disappears in the air in

the form of vapor. Of course it is clear that in order to establish the true meaning

of a function, one must establish its limit. It is also clear that

yesterday's ""dissolution in the universe"" taken to its limit is

death. For death is exactly the most complete dissolution of the

self in the universe. Hence: L=f(D), love is the function of

death.","This passage from a dystopian novel encapsulates a deeply existential and philosophical crisis, where the narrator struggles with overwhelming emotional turmoil and cognitive dissonance, symbolized by a motor overheating beyond control. The metaphor of a motor operating at excessive speed underscores the character's mental and emotional state as one of impending breakdown due to unbearable stress or trauma. Furthermore, the mathematical analogy used—establishing the limit of a function to understand its meaning—is poignantly applied to life and love, suggesting that ultimate understanding or fulfillment (love) is only achievable through acceptance of mortality and dissolution (death). This interpretation highlights themes of existential despair, the futility of logical reasoning in the face of emotional chaos, and the paradoxical notion that embracing one's own end brings clarity and meaning."
we_031,we,qwen,qwen2.5:14b,"I must see that she ...""



I crawled through the hatchway to the deck and stood there; where

was I to go now? I did not know what I had come for! The midday sun exhausted by its march, was fuming dimly. Below was

the _Integral_, a gray mass of glass,--dead. The pink blood was

drained out! It was clear to me that all this was my imagination and

that everything remained as before, yet it was also clear to me that

... ""What is the matter with you, D-503? What is the matter with you?"" It was the Second Builder

yelling directly into my ear; he must have been yelling that way for

quite a while. What was the matter with me? I had lost my rudder, the motor was

groaning as before, the aero was quivering and rushing on but it

had no rudder.","This passage from a dystopian novel suggests a state of profound disorientation and internal turmoil experienced by the protagonist, D-503. The imagery of a sun ""exhausted"" and the Integral as a ""gray mass of glass"" drained of its vitality emphasizes a sense of sterility and desolation, reflecting the oppressive nature of the society described. This confusion and loss of direction are mirrored in D-503's mechanical vessel, which lacks a rudder, symbolizing his inability to steer through the challenges he faces or perhaps even question his place within an authoritarian regime. The significance lies in portraying how such societies can induce mental paralysis and emotional numbness among its citizens, stripping them of their individuality and capacity for independent thought."
we_032,we,qwen,qwen2.5:14b,"O-90

covered herself with the bedspread, her face hidden in the pillow. I was sitting near the bed, on the floor. The terrible cold from the floor

rose higher and higher. There in the blue, silent space among the

planets, there probably it is as cold. ""Please understand, dear; I did not mean..."" I muttered, ""With all

my heart, I ...""



It was the truth. I, my real self did not mean.-- ... Yet how could

I express it in words? How could I explain to her that the piece of

iron did not want to.... But that the law is precise, inevitable! O-90 lifted her face from the pillow and without opening her eyes

she said, ""Go away."" But because she was crying she pronounced it

""Oo aaa-ay."" For some reason this absurd detail will not leave my

memory.","The passage captures a poignant moment in a dystopian setting where characters are constrained by rigid laws and societal norms that dictate even the most personal aspects of life. The protagonist, seemingly addressing O-90, expresses regret but feels powerless to change their circumstances or communicate their true feelings effectively due to the oppressive legal system. This inability to convey genuine emotions highlights themes of dehumanization, emotional suppression, and the conflict between individual desires and societal control. The absurdity noted at the end, regarding O-90's pronunciation of ""Go away,"" serves as a stark reminder of the surreal detachment from normal human experiences in this dystopian world."
we_033,we,qwen,qwen2.5:14b,"Without thinking whether it was

permissible or not, whether it was reasonable or absurd, I threw

myself straight to that point. I felt thousands of eyes bulging with horror fixed upon me but that

only added a sort of desperately joyful power to that wild being

with hairy paws which arose in me and ran faster and faster. Two

more steps--she turned around--



I saw a quivering face covered with freckles, red eyebrows.... A rabid, quivering joy took hold of me. I wanted to shout something

like: ""Catch her! Get her, that--"" But I heard only my whisper. A

heavy hand was already upon my shoulder; I was caught and led away. I tried to explain to them:



""But listen, you must understand that I thought that....""



But could I explain even to myself all the sickness which I have

described in these pages?","This passage captures a moment of intense rebellion and inner turmoil within a dystopian society where conformity is strictly enforced. The protagonist's act of throwing themselves into an unapproved action symbolizes defiance against oppressive norms, revealing a deep-seated desire for freedom and individuality despite the pervasive fear that governs their existence. The protagonist's inability to articulate or even understand the source of their sickness underscores the broader theme of societal control over personal identity and thought, suggesting that such conformity has eroded genuine human connection and self-awareness."
we_034,we,qwen,qwen2.5:14b,"I admit humanity acquired this habit of a sedentary form of life not

without difficulty and not at once. When the Two Hundred Years' War

had destroyed all the roads which later were overgrown with grass,

it was probably very difficult at first. It seemed uncomfortable to

live in cities which were cut off from each other by green debris. Man soon after he lost his tail probably did not

learn at once how to chase away flies without its help. I am almost

sure that at first he was even lonesome without his tail, but now,

can you imagine yourself with a tail? Or can you imagine yourself

walking in the street naked, without clothes? (It is possible you go

without clothes still.) Here we have the same case.","This passage from a dystopian novel uses metaphorical language to explore themes of adaptation and loss in a society that has undergone severe regression due to conflict. The author suggests that humanity's transition to a sedentary, urban lifestyle was initially challenging but eventually normalized, much like the difficulty people might face adapting to having no tail or living without clothing. By drawing parallels between physical discomforts and societal changes, the passage highlights how what once seemed unnatural (living in isolated cities) becomes accepted over time. This serves as a cautionary reflection on the potential for human adaptability to conform to oppressive or regressive norms, underscoring the novel's broader critique of societal collapse and rebirth under dystopian conditions."
we_035,we,qwen,qwen2.5:14b,"Someone's heels in

the air near my eyes and close to those heels someone's wide-open

mouth tearing itself by an inaudible scream. For some reason this

picture remains particularly distinct in my memory: thousands of

mouths noiselessly yelling as if on the screen of a monstrous

cinema. Also as if on a screen, somewhere below at a distance, for a

second--O-90, pressed against the wall in a passage, her lips white,

defending her abdomen with her crossed arms. She disappeared as if

washed away by a wave, or else I simply forgot her because.... This not on the screen any more but within me, within my compressed

heart, within the rapidly pulsating temples; over my head, somewhat

to the left, R-13 suddenly jumped upon a bench, all sprinkling, red,

rabid. In his arms was I-330, pale, her unif torn from shoulder to

breast, red blood on white.","This passage from a dystopian novel vividly captures the chaotic and oppressive atmosphere of a society where individuality is suppressed and freedom of expression is non-existent. The image of thousands of mouths screaming silently evokes a sense of collective despair and helplessness, emphasizing the dehumanizing effects of totalitarian control. The brief appearance and disappearance of O-90 symbolize the fleeting nature of personal identity in such an environment, where individuals are easily forgotten or erased. This scene underscores themes of rebellion, surveillance, and the struggle for autonomy amidst rigid societal constraints."
we_036,we,qwen,qwen2.5:14b,"That is why I am afraid of I-330; I struggle

against her, I don't want.... But why is it that within me ""I don't

want to"" and ""I want to"" stand side by side? That is the chief

horror of the matter; I continue to long for that happy death of

yesterday. The horror of it is that even now, when I have integrated

the logical function, when it becomes evident that the latter

contains death hidden in it, nevertheless I long for it with my

lips, arms, breast, with every millimeter.... Tomorrow is the Day of Unanimity. She will certainly be there and I

shall see her, though from a distance. That distance will be painful

to me, for I must be, I am inevitably drawn, close to her, so that

her hands, her shoulder, her hair.... I long for even that pain....","The passage delves into the internal conflict of a character who is both repelled by and attracted to a woman named I-330 in a dystopian society. This psychological struggle reflects broader themes of control versus rebellion and the suppression of individual desires under an authoritarian regime. The protagonist's longing for ""happy death"" symbolizes a yearning for freedom from societal constraints, while also recognizing the pain and suffering inherent in such a quest. The mention of the ""Day of Unanimity"" underscores the theme of conformity and the character’s inevitable confrontation with the oppressive norms that dictate his life, highlighting the tension between personal longing and societal expectations."
we_037,we,qwen,qwen2.5:14b,"You'd better hurry up, my boy, or

we poets will have produced such a devilish lot that even your

_Integral_ will be unable to lift the cargo. 'Every day from eight

to eleven' ..."" R- wagged his head and scratched the back of it. The back of his head is square; it looks like a little valise (I

recalled for some reason an ancient painting ""In the Cab""). ""You too are writing for the _Integral_? What did you write today, for instance?""



""Today I did not write; today I was busy with something else.""

""B-b-busy"" sprinkled straight into my face. Well, if you insist I'll tell you. I was

busy with the Death Sentence. I was putting the Death Sentence into

verse. An idiot--and to be frank, one of our poets.... For two

years we all lived side by side with him and nothing seemed wrong.","This passage from a dystopian novel underscores the theme of societal control through language and art. The character R- warns about the deteriorating power of poetic expression in a society where even the metaphorical ""Integral"" (likely a vessel or vehicle for ideas) cannot carry the weight of such corrupted words anymore. This suggests that poets have lost their ability to inspire positive change, instead contributing to societal decay by normalizing horrific acts like writing a Death Sentence into verse. The absurdity and dehumanization implied here highlight the chilling effect of artistic complicity in oppressive regimes, emphasizing how even creative professions can be hijacked for nefarious purposes."
we_038,we,qwen,qwen2.5:14b,"Downstairs in the hall the controller sat at a small table,

constantly looking at her watch and recording the Numbers who were

leaving. well, I prefer not to give her Number,

for I fear I may not write kindly about her. Although, as a matter

of fact, she is a very respectable, mature woman. The only thing I

do not like in her is that her cheeks fold down a little like gills

of a fish (although I do not see anything wrong in this appearance). She scratched with her pen and I saw on the page ""D-503""--and

suddenly, splash! No sooner did I open my mouth to call

her attention to that, than she raised her head and blotted me with

an inky smile. ""There is a letter for you.","This passage from a dystopian novel captures the oppressive atmosphere of surveillance and control within a totalitarian society. The controller’s meticulous record-keeping symbolizes the regime's effort to maintain power by meticulously monitoring and numbering its citizens, stripping them of individual identity. The narrator's hesitance to criticize the controller while recognizing her professionalism highlights the tension between personal feelings and societal constraints, emphasizing the novel's theme of conformity versus human individuality."
we_039,we,qwen,qwen2.5:14b,"Then

slowly I floated from the bottom upward, and somewhere in the middle

of that course, I opened my eyes,--my room! The morning was still

green and motionless. A fragment of sunshine coming from the mirror

on my closet door shone into my eyes. This fragment does not permit

me to sleep, being thus an obstacle in the way of exactly fulfilling

the rules of the Tables which prescribe so many hours of sleep. I should have opened the closet but I felt as though I were in a

spider web, and cobweb covered my eyes; I had no power to sit up. Yet I got up and opened the closet door; suddenly, there behind that

door, making her way through the mass of garments which hung there,

was I-330!","The passage evokes a sense of surrealism and entrapment within a rigidly controlled society. The protagonist’s struggle to free themselves from their environment—symbolized by being trapped in a ""spider web""—reflects the broader theme of oppressive regulations that govern daily life, as exemplified by the ""Tables"" which mandate specific sleeping hours. The sudden appearance of I-330 behind the closet door introduces an element of rebellion and potential liberation, suggesting themes of freedom versus control and the longing for human connection in a dehumanizing world. This scene underscores the novel’s critique of bureaucratic societies that stifle individuality and personal relationships."
we_040,we,qwen,qwen2.5:14b,"All seemed one, humanized machine and mechanized humans. It was the most magnificent, the most stirring beauty, harmony,

music! And I descended and mingled

with them, fused with their mass, caught in the rhythm of steel and

glass. Their movements were measured, tense and round. Their cheeks

were colored with health, their mirror-like foreheads not clouded by

the insanity of thinking. I was floating upon a mirror-like sea. Suddenly one of them turned toward me his care-free

face. ""Well, better today?""



""What better?""



""You were not here yesterday. And we thought something serious....""

His forehead was shining; a childish and innocent smile. My blood rushed to my face. No, I could not lie, facing those eyes. I remained silent; I was drowning.... Above, the shiny round white

porcelain face appeared in the hatchway.","This passage from a dystopian novel suggests a world where human individuality and autonomy have been sacrificed for uniformity and conformity, mechanized to function like machines. The narrator observes a community of people who move mechanically and seem devoid of personal thought or feeling, their faces reflecting an artificial sense of health and contentment without the burden of complex emotions or independent thoughts. This scene critiques societal dehumanization and the suppression of individual identity in favor of mass conformity, highlighting themes of loss of freedom, the dangers of a strictly regulated society, and the erosion of personal consciousness under oppressive control."
we_041,we,qwen,qwen2.5:14b,"It may be that in a

short while all this will disappear, that in an hour the pinkish

blood of the sun will be drained out, but in the meantime everything

is alive. And I see how something flows and pulsates in the sides of

the _Integral_; I see the _Integral_ _think_ of its great and lofty

future, of the heavy load of inevitable happiness which it is to

carry up there into the heights, to you, unseen ones, to you who

seek eternally and who never find. You must be happy, and you have now not very long to wait! The body of the _Integral_ is almost ready; it is an exquisite,

oblong ellipsoid, made of our glass, which is everlasting like

gold and flexible like steel.","The passage from the dystopian novel suggests a world where objects and machines are anthropomorphized to reflect human aspirations and fears. The _Integral_, described as an exquisite, durable, and nearly complete structure, symbolizes both hope for an uncertain future and the oppressive weight of unattainable happiness. This theme underscores the paradox that while technology promises solutions, it also perpetuates a cycle of endless pursuit without fulfillment. The significance lies in its critique of society's reliance on technological progress to solve fundamental human dilemmas, revealing a dystopian vision where such advancements are incapable of addressing deeper existential needs and may instead deepen alienation and disillusionment."
we_042,we,qwen,qwen2.5:14b,"I was in a state of temporary death. This state was known to the

ancients, but as far as I am informed it is unknown to us. I have

no conception of how long I was dead, probably not longer than five

or ten seconds, but after awhile I arose from the dead and opened

my eyes. But I felt I was falling down--down--down. I

stretched out my hand to attach myself to something but the rough

wall scratched my fingers; it was running away from me, upward. I

felt blood on my fingers. It was clear that all this was not merely

a play of my sick imagination. I heard my own frequent, trembling breaths. (I am not ashamed to

confess this, it was all unexpected and incomprehensible.) A minute,

two, three passed; I was still going down.","This passage from a dystopian novel employs vivid imagery and metaphor to convey a sense of existential crisis and disorientation. The protagonist's ""temporary death"" symbolizes an extreme psychological or physical state where reality is distorted, suggesting a breakdown of the usual boundaries between life and death, consciousness and unconsciousness. The downward motion described represents a descent into chaos or despair, reflecting themes of helplessness and loss of control in a dystopian society that may be indifferent to human suffering. The wall moving upward away from the protagonist underscores their isolation and alienation, emphasizing the novel's critique of societal detachment and the erosion of personal stability within oppressive conditions."
we_043,we,qwen,qwen2.5:14b,"Did you ever

think it was possible? They are busy hunting us _there_,--let them! You are delirious!""



Her smile was light and cheerful and I too, was smiling; the earth

was drunken, cheerful, light, floating.... RECORD TWENTY-EIGHT



  Both of Them

  Entropy and Energy

  The Opaque Part of the Body





If your world is similar to the world of the ancients, then you may

easily imagine that one day you suddenly come upon a sixth or a

seventh continent, upon some Atlantis, and you find there unheard

of cities, labyrinths, people flying through the air without the

aid of wings or aeros, stones lifted into the air by the power of

a gaze,--in brief, imagine that you see things that cannot come to

your mind even if you suffer from dream-sickness. That is how I feel

now.","The passage evokes a sense of surreal and fantastical wonder amidst the backdrop of a dystopian reality, suggesting an escape from harsh realities into imaginative realms. The narrator's delirious state and the earth's transformation into something light and cheerful contrast sharply with the grim world described earlier where people are hunted (""there""). This juxtaposition highlights themes of escapism and the power of imagination as coping mechanisms in oppressive environments. Additionally, the reference to discovering a new continent or mythical Atlantis with unbelievable cities and abilities underscores the human yearning for transcendence and the possibility of extraordinary experiences, even if they exist only within the mind."
we_044,we,qwen,qwen2.5:14b,"By the way, I just thought of that Number whom I met yesterday,

the double-curved one like the letter S; I think I have seen him

several times coming out of the Bureau of the Guardians. Now I

understand why I felt such an instinctive respect for him and a

kind of awkwardness when that strange I-330 at his side.... I must

confess that, that I-- ... they ring the bell, time to sleep, it is

twenty-two-thirty. RECORD FOUR



  The Wild Man with a Barometer

  Epilepsy

  If





Until today everything in life seemed to me clear (that is why, I

think, I always had a sort of partiality toward the word ""clear""),

but today ... First, I really was assigned

to auditorium 112 as she said, although the probability was as

500:10,000,000 or 1:20,000. (500 is the number of auditoriums and

there are 10,000,000 Numbers.) And second ...","This passage from a dystopian novel suggests a society where individuality and personal identity are severely constrained or even eradicated, as evident by references to characters being identified by numbers rather than names. The narrator's encounter with ""Number whom I met yesterday"" evokes a sense of unease and reverence, highlighting the rigid social hierarchy and the enigmatic power held by certain individuals who seem to operate above the norm. Additionally, the sudden shift in events that defy the expected probability (being assigned to auditorium 112 against extremely low odds) underscores the arbitrary and unpredictable nature of this dystopian society, challenging the narrator's previous assumptions about order and clarity. This theme points towards a broader critique of deterministic systems and the human desire for meaning in an often nonsensical world."
we_045,we,qwen,qwen2.5:14b,"[1] This word came down to us for use only as a poetic form, for the

chemical constitution of this substance is unknown to us. Accordingly the 0.2 which survived, have enjoyed the greatest

happiness in the bosom of the United State. But is it not clear that

supreme bliss and envy are only the numerator and the denominator

respectively, of the same fraction, happiness? What sense would the

innumerable sacrifices of the Two Hundred Years' War have for us

if a reason were left in our life for jealousy? Yet such a reason

persisted because there remained button-like noses and classical

noses (_Cf_: our conversation during the promenade). For there were

some whose love was sought by everyone and others whose love was

sought by no one.","The passage suggests a society where happiness is quantified but deeply flawed, as it exists in direct relation to envy. The text implies that true happiness is unattainable because it requires the absence of jealousy, which stems from social inequalities and individual differences—such as physical attributes like nose shapes—that persist despite efforts towards uniformity. This critique highlights themes of societal control, the illusory nature of engineered contentment, and the persistent human need for distinction, even in a homogenized society. The significance lies in its commentary on how attempts to eliminate envy often backfire, creating an artificial and unsustainable form of happiness that masks deeper social inequities."
we_046,we,qwen,qwen2.5:14b,"Therefore I must point out now that sad as it may be, the process

of hardening and crystallization of life has evidently not been

completed even here in our State. A few steps remain to be made

before we reach the ideal. The ideal (it's clear), is to be found

where nothing _happens_, but here.... I will give you an example: in

the State paper I read that in two days the holiday of Justice will

be celebrated on the Plaza of the Cube. This means that again some

Number has impeded the smooth run of the great State machine. Again

something that was not foreseen, or forecalculated _happened_. True, it occurred during the

personal hour, that is during the time specifically assigned to

unforeseen circumstances, yet.... At about sixteen (to be exact, ten minutes to sixteen), I was at

home. Suddenly the telephone: ""D-503?""--a woman's voice.","This passage from a dystopian novel highlights the tension between the rigid control imposed by an authoritarian state and the inherent unpredictability of human life. The narrator expresses disappointment that complete uniformity and predictability—a goal of this oppressive society—have not been achieved, as evidenced by the disruption to their planned celebrations for Justice Day caused by unforeseen events. This disruption underscores the theme that true human freedom and spontaneity cannot be entirely eradicated or controlled by even the most meticulously structured regime, suggesting a persistent struggle between societal order and individual unpredictability."
we_047,we,qwen,qwen2.5:14b,"But as we entered, R- moved

one chair out of place, then another,--the room became confused,

everything lost the established order and seemed to violate every

rule of Euclid's geometry. R- remained the same as before; in Taylor

and in mathematics he always lagged at the tail of the class. We recalled Plappa, how we boys used to paste the whole surface

of his glass legs with paper notes expressing our thanks (we all

loved Plappa). We recalled our priest (it goes without saying that

we were taught not the ""law"" of ancient religion but the law of

the United State). Our priest had a very powerful voice; a real

hurricane would come out of the megaphone. And we children would

yell the prescribed texts after him with all our lung-power.","The passage evokes a sense of disorder and confusion, symbolizing the disruption of societal norms in a dystopian setting. By describing how R- moves chairs out of place, the author illustrates an act of rebellion or chaos that challenges the rigid order enforced by the regime, suggesting themes of resistance against conformity and authority. The recollections of Plappa and the priest highlight the contrast between genuine affection for individuals and the oppressive, mechanical indoctrination typical in dystopian societies, emphasizing the theme of dehumanization and loss of individuality under authoritarian control."
we_048,we,qwen,qwen2.5:14b,"This is that

divine justice of which those stone-housed ancients dreamed, lit by

the naive pink rays of the dawn of history. Their ""God"" punished

sacrilege as a capital crime. You Uranians, morose and as black as the ancient Spaniards, who

were wise in knowing so well how to burn at the stake, you are

silent; I think you agree with me. But I hear you, pink Venerians,

saying something about ""tortures, executions, return to barbarism.""

My dear Venerians, I pity you! You are incapable of philosophical,

mathematical thinking. Human history moves upward in circles,

like an aero. The circles are at times golden, sometimes they are

bloody, but all have 360 degrees. They go from 0° to 10°, 20°, 200°,

360°,--and then again 0°. Yes, we have returned to zero.","This passage reflects on the cyclical nature of human history and societal justice within a dystopian framework. The narrator contrasts the divine retributions and barbaric practices of ancient civilizations with contemporary forms of punishment, suggesting that while methods may evolve, the essence of enforcing moral order remains unchanged. By likening historical progression to an upward spiral with both golden and bloody phases, the author critiques the notion of linear progress in human civilization, arguing instead for a repetitive cycle where societies return to foundational principles of justice and retribution, albeit in different forms. This cyclical view underscores themes of existential pessimism and the futility of striving for perfect societal advancement, implying that humanity is bound by recurring patterns of violence and moral judgment."
we_049,we,qwen,qwen2.5:14b,"And I see how there in the height, in the

purest rarified air, my judgment about the only ""right"" bursts with

a crack, like a pneumatic tire. I see clearly that only an atavism,

the absurd superstition of the ancients, gives me this idea of

""right.""



There are ideas of clay and ideas moulded of gold, or of our

precious glass. In order to know the material of which an idea is

made, one needs only to let fall upon it a drop of strong acid. One of these acids was known to the ancients under the name of

_reductio ad absurdum_. This was the name of it, I think. But they

were afraid of this poison; they preferred to believe that they saw

_heaven_, even though it was a toy made of clay, rather than confess

to themselves that it was only a blue nothing.","The passage critiques rigid adherence to outdated or irrational beliefs by presenting them as illusions comparable to fragile objects made of clay. The author uses imagery such as ""pneumatic tire"" and ""drop of strong acid"" to illustrate the fragility of conventional notions of rightness that are based on superstition rather than reason or reality. This critique underscores themes of skepticism towards traditional authority, the importance of critical thinking, and the potential for enlightenment through challenging established beliefs, even when those beliefs are deeply held and comforting. The reference to ancient fear of reductio ad absurdum highlights how societies can prefer comfortable delusions to unsettling truths, a warning against intellectual complacency in the face of complex realities."
