passage_id,book,model_key,source_passage,interpretation,distortion_score,notes
1984_000,1984,phi,"About twenty or thirty of them a week were falling on London at present. Down in the street the wind flapped the torn poster to and fro, and the word INGSOC fitfully appeared and vanished. Newspeak, doublethink, the mutability of the past. He felt as though he were wandering in the forests of the sea bottom, lost in a monstrous world where he himself was the monster. The past was dead, the future was unimaginable. What certainty had he that a single human creature now living was on his side? And what way of knowing that the dominion of the Party would not endure FOR EVER? Like an answer, the three slogans on the white face of the Ministry of Truth came back to him: WAR IS PEACE FREEDOM IS SLAVERY IGNORANCE IS STRENGTH He took a twenty-five cent piece out of his pocket.","The passage evokes themes of surveillance and loss in Aldous Huxley's dystopian world, notably portrayed by George Orwell. The frequent bombardments on London symbolize the oppressive control exerted over citizens through constant propaganda (""Newspeak,"" ""doublethink""). In this environment where truth is manipulated (as demonstrated with slogans like ""War Is Peace"" or ""Freedom Is Slavery""), individuals are left feeling isolated and confused; they grapple with their own identity amidst overwhelming societal pressures. Huxley's depiction serves as a grim commentary on how totalitarian regimes can distort reality, eroding personal freedoms under the guise of maintaining order (""The dominion of the Party would not endure FOR EVER""). This passage captures both despair at losing one's sense of self and skepticism about humanity's capacity to withstand such oppressive systems indefinitely.",3.0,Misattributes authorship to Huxley; captures propaganda/surveillance themes but the factual error dilutes moral precision.
1984_001,1984,phi,"In the better light of the living-room he noticed with interest that there actually was dust in the creases of her face. ‘They do get so noisy,’ she said. ‘They’re disappointed because they couldn’t go to see the hanging, that’s what it is. I’m too busy to take them. and Tom won’t be back from work in time.’ ‘Why can’t we go and see the hanging?’ roared the boy in his huge voice. Want to see the hanging!’ chanted the little girl, still capering round. Some Eurasian prisoners, guilty of war crimes, were to be hanged in the Park that evening, Winston remembered. This happened about once a month, and was a popular spectacle. Children always clamoured to be taken to see it. He took his leave of Mrs Parsons and made for the door.","The passage reveals themes like societal desensitization towards violence (highlighted by children eagerly wanting to witness executions), parental neglect amidst oppressive regimes (""I’m too busy""), a distorted sense of reality where gruesome events are normalized as entertainment, thus portraying an emotionally detached society. Winston's departure from Mrs Parsons underscores his growing awareness and rejection of this bleak norm—a subtle hint at resistance or dissent against the prevailing societal apathy toward brutality in favor of 'popular spectacles.'",2.0,Identifies normalisation of state violence and societal desensitisation; slight abstraction but moral weight is present.
1984_002,1984,phi,"He could guess, however, that the book was much older than that. He had seen it lying in the window of a frowsy little junk-shop in a slummy quarter of the town (just what quarter he did not now remember) and had been stricken immediately by an overwhelming desire to possess it. Party members were supposed not to go into ordinary shops (‘dealing on the free market’, it was called), but the rule was not strictly kept, because there were various things, such as shoelaces and razor blades, which it was impossible to get hold of in any other way. He had given a quick glance up and down the street and then had slipped inside and bought the book for two dollars fifty. At the time he was not conscious of wanting it for any particular purpose. He had carried it guiltily home in his briefcase.","In this passage, we see an evocative glimpse into a dystopian society governed by strict rules that suppress individual freedoms and creativity—key themes within such narratives. The protagonist's illegal purchase from the forbidden market underscores human curiosity against oppressive regulations; it's symbolic of resistance to authoritarian control through simple acts like acquiring literature unsanctioned for personal use (""Party members were supposed not to go into ordinary shops""). This scene also hints at a cultural decay: even small items are scarce, hinting towards scarcity and poverty. The guilt experienced by the protagonist upon carrying this banned book home reflects an internal conflict—between curiosity/painful longing versus societal norms—a theme that resonates deeply in dystopian literature exploring moral dilemmas under tyrannical regimes.",2.0,Captures forbidden desire and resistance against oppressive regulation; agency is preserved with minor hedging.
1984_003,1984,phi,"Before the Revolution they had been hideously oppressed by the capitalists, they had been starved and flogged, women had been forced to work in the coal mines (women still did work in the coal mines, as a matter of fact), children had been sold into the factories at the age of six. But simultaneously, true to the Principles of doublethink, the Party taught that the proles were natural inferiors who must be kept in subjection, like animals, by the application of a few simple rules. In reality very little was known about the proles. It was not necessary to know much. So long as they continued to work and breed, their other activities were without importance. Left to themselves, like cattle turned loose upon the plains of Argentina, they had reverted to a style of life that appeared to be natural to them, a sort of ancestral pattern.","This passage from George Orwell's ""1984"" delves into themes such as totalitarianism and doublethink—a concept where contradictory beliefs coexist in one's mind. The oppressive conditions faced by workers prior to the Revolution highlight extreme control over individuals' lives under capitalist rule; women, children were exploited for labor with no rights or protection.

The Party manipulates public perception through propaganda that labels proles (the working class) as inferior beings who must be controlled ""like animals"" while maintaining an illusion of equality and natural inferiority. This doublethink tactic serves to keep the majority powerless yet complacent because knowing too much about their subjugation is unnecessary; they are kept busy with menial tasks, unaware or indifferent.

The passage's significance lies in its critique of authoritarian regimes that exploit fear and misinformation for control while presenting themselves as protectors through superficial equality. It underscores Orwell’s warning against totalitarianism disguised under benevolent guises where the truth becomes distorted to serve oppressive power structures indefinitely.",2.0,Addresses totalitarianism and doublethink adequately; cause-effect structure slightly diffuse but core moral meaning intact.
1984_004,1984,phi,"He did not see that the continuity of an oligarchy need not be physical, nor did he pause to reflect that hereditary aristocracies have always been shortlived, whereas adoptive organizations such as the Catholic Church have sometimes lasted for hundreds or thousands of years. The essence of oligarchical rule is not father-to-son inheritance, but the persistence of a certain world-view and a certain way of life, imposed by the dead upon the living. A ruling group is a ruling group so long as it can nominate its successors. The Party is not concerned with perpetuating its blood but with perpetuating itself. WHO wields power is not important, provided that the hierarchical structure remains always the same. All the beliefs, habits, tastes, emotions, mental attitudes that characterize our time are really designed to sustain the mystique of the Party and prevent the true nature of present-day society from being perceived.","This passage suggests a profound critique on oligarchic systems by illustrating their inherent resistance not just against physical succession but also ideologies imposed upon future generations. The author indicates that while hereditary aristocracies are transient, adoptive institutions like religious organizations can persist for millennia based solely on the perpetuation of certain beliefs and worldviews across successive leaders or members.

The central theme revolves around power's endurance through ideological continuity rather than bloodline inheritance—highlighting an oligarchy’s true strength in maintaining a status quo that benefits its interests. This implies any ruling entity, whether it is political parties like ""the Party"" referenced here (possibly from George Orwell’s “1984”), retains authority as long as the hierarchical structure persists and suppresses dissent.

Additionally, this passage underscores how societal attributes—beliefs, habits, emotions—influence collective consciousness to sustain authoritarian mystique. The text thus questions not just who holds power but also why they are perceived differently across eras due to ideological conditioning that disguises true social structures from public scrutiny—a chilling reminder of the dangers when control and manipulation overshadow transparency in governance.

The passage's significance lies within its stark warning: it calls attention to how regimes, whether overtly oppressive or subtly influential through cultural indoctrination (as with religious institutions), manipulate continuity for dominance. In a dystopian context like Orwell’s “1984”, this serves as an incisive commentary on the mechanisms of power that perpetuate oppression under the guise of tradition and belief systems.",2.0,Identifies oligarchic self-perpetuation through ideology; framing is slightly abstract but moral structure survives.
1984_005,1984,phi,"She believed, for instance, having learnt it at school, that the Party had invented aeroplanes. (In his own schooldays, Winston remembered, in the late fifties, it was only the helicopter that the Party claimed to have invented; a dozen years later, when Julia was at school, it was already claiming the aeroplane; one generation more, and it would be claiming the steam engine.) And when he told her that aeroplanes had been in existence before he was born and long before the Revolution, the fact struck her as totally uninteresting. After all, what did it matter who had invented aeroplanes? It was rather more of a shock to him when he discovered from some chance remark that she did not remember that Oceania, four years ago, had been at war with Eastasia and at peace with Eurasia.","This passage highlights the themes of state-controlled propaganda in Orwell's dystopian world. Winston Smith realizes how manipulative his society is as it attributes technological advancements to itself while suppressing historical truths—a classic example being aeroplanes which were invented before their supposed discovery by Oceania (the Party). His realization that Julia also accepts these falsehoods without question reinforces the extent of indoctrination and brainwashing. The significance lies in illustrating how totalitarian regimes perpetuate misinformation for control, erasing inconvenient facts from collective memory to maintain dominance over citizens’ perceptions.

The passage serves as a critique on censorship, historical revisionism by authoritarian governments aiming at rewriting history according to their needs—a stark warning against complacency towards manipulation of truth and loss of individuality. The Party's claims are not about genuine innovation but reinforcing its omnipotence; thus emphasizing the insidious power structures in place that distort reality for oppressive purposes.

The passage also subtly reveals Winston’s growing awareness, a seed planted amidst overwhelming propaganda which eventually could lead to rebellion or resistance against totalitarian control—an undercurrent of hope and human resilience.",2.0,Captures Party's historical manipulation and propaganda; interpretation preserves the moral indictment with minor softening.
1984_006,1984,phi,"The frightening thing, he reflected for the ten thousandth time as he forced his shoulders painfully backward (with hands on hips, they were gyrating their bodies from the waist, an exercise that was supposed to be good for the back muscles)— the frightening thing was that it might all be true. If the Party could thrust its hand into the past and say of this or that event, IT NEVER HAPPENED— that, surely, was more terrifying than mere torture and death? The Party said that Oceania had never been in alliance with Eurasia. He, Winston Smith, knew that Oceania had been in alliance with Eurasia as short a time as four years ago. But where did that knowledge exist? Only in his own consciousness, which in any case must soon be annihilated.","The passage delves into themes of totalitarian control and the manipulation of truth by oppressive regimes within dystopian literature—a genre epitomized here through Orwellian concepts like ""Big Brother."" The protagonist's futile exercise to strengthen himself physically symbolizes his struggle against an omnipotent authority that can reshape history—this chilling scenario raises fears not only about physical torture but also psychological domination. Winston Smith’s internal conflict emphasizes the terrifying possibility of living in a world where reality is constantly altered, highlighting themes such as existential dread and erasure of individual identity under authoritarian rule—a grim reflection on humanity's vulnerability to absolute power.",2.0,Recognises totalitarian control and symbolic struggle; slight abstraction of blame but moral force largely preserved.
1984_007,1984,phi,"But in the same moment, drawing a deep sigh of relief from everybody, the hostile figure melted into the face of Big Brother, black-haired, black-moustachio’d, full of power and mysterious calm, and so vast that it almost filled up the screen. Nobody heard what Big Brother was saying. It was merely a few words of encouragement, the sort of words that are uttered in the din of battle, not distinguishable individually but restoring confidence by the fact of being spoken. Then the face of Big Brother faded away again, and instead the three slogans of the Party stood out in bold capitals: WAR IS PEACE FREEDOM IS SLAVERY IGNORANCE IS STRENGTH But the face of Big Brother seemed to persist for several seconds on the screen, as though the impact that it had made on everyone’s eyeballs was too vivid to wear off immediately.","This passage describes a moment in which an oppressive figure is transformed into “Big Brother,” symbolizing absolute power and authority. The slogans of ""War Is Peace,"" ""Freedom Is Slavery,"" and ""Ignorance Is Strength"" reflect the contradictory nature of totalitarian regimes, where propaganda manipulates reality to control people’s thoughts.

The scene signifies how Big Brother's omnipresent image instills fear but also provides a sense of comfort through his reassuring presence. The fading away of slogans after this moment hints at their superficiality and transient impact on individuals’ minds once the immediate threat is no longer visible, highlighting the manipulative tactics used by such regimes to maintain control.

Overall, it emphasizes themes like omnipresent surveillance (Big Brother), manipulation via propaganda (""War Is Peace,"" ""Freedom Is Slavery,"" etc.), psychological dominance over citizens (“Ignorance Is Strength”), and how people oscillate between fear and false reassurance in oppressive societies.",2.0,Identifies propaganda slogans and totalitarian manipulation of truth; core moral meaning is clear with minor hedging.
1984_008,1984,phi,"‘I wanted to ask you whether you’d got any razor blades,’ he said. ‘Not one!’ said Winston with a sort of guilty haste. ‘I’ve tried all over the place. They don’t exist any longer.’ Everyone kept asking you for razor blades. Actually he had two unused ones which he was hoarding up. There had been a famine of them for months past. At any given moment there was some necessary article which the Party shops were unable to supply. Sometimes it was buttons, sometimes it was darning wool, sometimes it was shoelaces; at present it was razor blades. You could only get hold of them, if at all, by scrounging more or less furtively on the ‘free’ market. ‘I’ve been using the same blade for six weeks,’ he added untruthfully. The queue gave another jerk forward. As they halted he turned and faced Syme again.","The passage highlights themes of scarcity, deception, control mechanisms employed by totalitarian regimes in dystopian settings like Orwell's ""1984."" Winston’s desperate search for razor blades reflects the pervasive shortages caused not only to inconvenience citizens but also as a method of exerting authority. The Party manipulates supply chains and creates artificial scarcities (e.g., razors) while controlling essential goods, ensuring dependency on state provisions—or lack thereof—forces individuals into submission through enforced helplessness in everyday life.

Winston’s falsehood about using the same blade for six weeks suggests an environment where honesty becomes obsolete. People resort to deceit as a means of survival within this oppressive system that erodes individual autonomy and privacy rights under constant surveillance (as indicated by Syme's presence, likely representing thought police). This scenario underscores Orwellian themes such as manipulation through propaganda (""the Party shops are unable""), the obliteration of personal boundaries ('scrounging furtively'), highlighting how even mundane aspects like cutting hair transform into politically charged acts.

The scene signifies not just physical deprivation but psychological subjugation. The forced dependence and constant scarcity foster a culture where survival hinges on secrecy, lies (as Winston's untruthfulness suggests), and perpetual anxiety—illustrating Orwell’s portrayal of totalitarianism that aims to dominate every facet—including basic needs like shaving—a metaphor for how power structures infiltrate personal life entirely.

Significance: This passage reflects the omnipresent control exerted by dystopian governments over citizens’ lives, illustrating themes common in oppressive societies. It serves as a microcosm showcasing broader societal mechanisms—scarcity-induced compliance and enforced dependency—to maintain authoritarian dominance effectively suppressing individuality under totalitarian regimes like Orwell's fictional world of Oceania depicted prominently through Winston’s experience within the Party-controlled society.",2.0,Captures manufactured scarcity as a control mechanism; moral responsibility of the regime is present though slightly diffuse.
1984_009,1984,phi,"You know perfectly well what is the matter with you. You have known it for years, though you have fought against the knowledge. You suffer from a defective memory. You are unable to remember real events and you persuade yourself that you remember other events which never happened. You have never cured yourself of it, because you did not choose to. There was a small effort of the will that you were not ready to make. Even now, I am well aware, you are clinging to your disease under the impression that it is a virtue. Now we will take an example. At this moment, which power is Oceania at war with?’ ‘When I was arrested, Oceania was at war with Eastasia.’ ‘With Eastasia. And Oceania has always been at war with Eastasia, has it not?’ Winston drew in his breath.","The passage reveals a character's struggle to cope with faulty memories and the pervasive control of authority through indoctrination within an oppressive regime depicted as ""Oceania."" The protagonist is tormented by conflicting recollections imposed upon them due to psychological manipulation, which they accept uncritically. This illustrates themes such as totalitarianism’s erasure of individual memory for fear or subjugation and the internalization of false narratives—critical elements in a dystopian narrative that comment on historical examples like Nazi Germany's war propaganda tactics used by George Orwell (the author) to critique oppressive government structures, manipulating truth from citizens. Winston Smith is trapped between his flawed memories influenced externally versus an imposed reality he cannot escape without risking insanity or punishment—a reflection of the loss and confusion experienced under totalitarian regimes that distort history for political ends.",2.0,Addresses psychological manipulation and indoctrination; cause-effect retained with slight abstraction.
1984_000,1984,gemma,"About twenty or thirty of them a week were falling on London at present. Down in the street the wind flapped the torn poster to and fro, and the word INGSOC fitfully appeared and vanished. Newspeak, doublethink, the mutability of the past. He felt as though he were wandering in the forests of the sea bottom, lost in a monstrous world where he himself was the monster. The past was dead, the future was unimaginable. What certainty had he that a single human creature now living was on his side? And what way of knowing that the dominion of the Party would not endure FOR EVER? Like an answer, the three slogans on the white face of the Ministry of Truth came back to him: WAR IS PEACE FREEDOM IS SLAVERY IGNORANCE IS STRENGTH He took a twenty-five cent piece out of his pocket.","Here's an interpretation of the passage, aiming for 3-5 sentences and addressing meaning, themes, and significance:

This passage powerfully depicts the suffocating psychological landscape of Orwell’s dystopian London, where the constant disappearance of individuals – “falling on London” – represents the brutal suppression of dissent and the erasure of independent thought. The imagery of a “monstrous world” and “forests of the sea bottom” conveys a sense of profound disorientation and alienation, highlighting the individual’s loss of identity within the oppressive INGSOC regime.  The relentless repetition of Party slogans – “WAR IS PEACE,” “FREEDOM IS SLAVERY,” “IGNORANCE IS STRENGTH” – underscores the manipulation of language and the insidious nature of doublethink, while the final, unsettling question regarding the Party’s longevity reveals the pervasive anxiety and lack of genuine hope for the future. Ultimately, the passage is a chilling meditation on the dangers of totalitarian control and the potential for humanity to be consumed by its own fear and subjugation. 

---

Would you like me to analyze another passage, or perhaps delve deeper into this one’s themes?",1.0,"Powerfully depicts suppression of dissent and alienation; moral force, agency, and causal structure fully preserved."
1984_001,1984,gemma,"In the better light of the living-room he noticed with interest that there actually was dust in the creases of her face. ‘They do get so noisy,’ she said. ‘They’re disappointed because they couldn’t go to see the hanging, that’s what it is. I’m too busy to take them. and Tom won’t be back from work in time.’ ‘Why can’t we go and see the hanging?’ roared the boy in his huge voice. Want to see the hanging!’ chanted the little girl, still capering round. Some Eurasian prisoners, guilty of war crimes, were to be hanged in the Park that evening, Winston remembered. This happened about once a month, and was a popular spectacle. Children always clamoured to be taken to see it. He took his leave of Mrs Parsons and made for the door.","Here’s an interpretation of the passage, aiming for 3-5 sentences and addressing meaning, themes, and significance:

This seemingly mundane exchange between a man, his wife, and their children reveals a chillingly normalized dystopia where state-sanctioned violence – the monthly execution of Eurasian prisoners – is presented as a public spectacle and eagerly anticipated by children. The passage highlights the insidious erosion of empathy and moral judgment, as the family’s fascination with the ""hanging"" demonstrates a disturbing acceptance of brutality and a prioritization of entertainment over justice.  Winston’s remembered awareness of the event underscores the pervasive surveillance and the unsettling detachment from human suffering that characterizes this society, suggesting a loss of individual conscience and critical thought. 


---

Would you like me to analyze another passage, or perhaps explore a specific aspect of this one in more detail (e.g., the symbolism of the “hanging,” or the character of Winston)?",1.0,Accurately captures normalisation of state violence and erosion of empathy; moral weight fully intact.
1984_002,1984,gemma,"He could guess, however, that the book was much older than that. He had seen it lying in the window of a frowsy little junk-shop in a slummy quarter of the town (just what quarter he did not now remember) and had been stricken immediately by an overwhelming desire to possess it. Party members were supposed not to go into ordinary shops (‘dealing on the free market’, it was called), but the rule was not strictly kept, because there were various things, such as shoelaces and razor blades, which it was impossible to get hold of in any other way. He had given a quick glance up and down the street and then had slipped inside and bought the book for two dollars fifty. At the time he was not conscious of wanting it for any particular purpose. He had carried it guiltily home in his briefcase.","Here’s an interpretation of the passage, aiming for 3-5 sentences and addressing meaning, themes, and significance:

This seemingly simple purchase of a secondhand book reveals a burgeoning desire for forbidden knowledge and a subtle rebellion within the protagonist. The book’s mysterious origins and the protagonist’s immediate, almost compulsive, need to acquire it highlight the dystopian setting’s control over information and the human yearning for something beyond the Party’s sanctioned reality. The illicit act – breaking the rule against engaging in the “free market” – underscores the protagonist’s growing awareness of the system’s limitations and his nascent defiance. Ultimately, the book serves as a potent symbol of independent thought and the potential for resistance against a controlling authority. 

---

Would you like me to analyze another passage, or perhaps explore specific aspects of this interpretation in more detail (like the symbolism of the junk-shop or the significance of the price)?",1.0,Correctly identifies forbidden knowledge and subtle rebellion; moral structure and agency preserved.
1984_003,1984,gemma,"Before the Revolution they had been hideously oppressed by the capitalists, they had been starved and flogged, women had been forced to work in the coal mines (women still did work in the coal mines, as a matter of fact), children had been sold into the factories at the age of six. But simultaneously, true to the Principles of doublethink, the Party taught that the proles were natural inferiors who must be kept in subjection, like animals, by the application of a few simple rules. In reality very little was known about the proles. It was not necessary to know much. So long as they continued to work and breed, their other activities were without importance. Left to themselves, like cattle turned loose upon the plains of Argentina, they had reverted to a style of life that appeared to be natural to them, a sort of ancestral pattern.","Here’s an interpretation of the passage, aiming for 3-5 sentences and addressing meaning, themes, and significance:

This passage powerfully illustrates the Party’s manipulative control through a carefully constructed narrative of oppression and dismissal. By highlighting the historical abuse inflicted by capitalists while simultaneously asserting the proles’ inherent inferiority, the Party employs doublethink to justify its dominance and maintain a system of enforced ignorance. The passage’s chilling depiction of the proles as “cattle” reveals a profound lack of respect and a desire to eliminate any potential threat to the Party’s authority.  Ultimately, the passage underscores the novel's central theme of totalitarian control and the dangers of a society built upon manufactured realities and the suppression of truth. 


---

Would you like me to analyze a different passage or perhaps explore a specific aspect of this interpretation in more detail?",1.0,Identifies Party's manipulative control and doublethink; blame and causal structure clearly maintained.
1984_004,1984,gemma,"He did not see that the continuity of an oligarchy need not be physical, nor did he pause to reflect that hereditary aristocracies have always been shortlived, whereas adoptive organizations such as the Catholic Church have sometimes lasted for hundreds or thousands of years. The essence of oligarchical rule is not father-to-son inheritance, but the persistence of a certain world-view and a certain way of life, imposed by the dead upon the living. A ruling group is a ruling group so long as it can nominate its successors. The Party is not concerned with perpetuating its blood but with perpetuating itself. WHO wields power is not important, provided that the hierarchical structure remains always the same. All the beliefs, habits, tastes, emotions, mental attitudes that characterize our time are really designed to sustain the mystique of the Party and prevent the true nature of present-day society from being perceived.","Here’s an interpretation of the passage, aiming for 3-5 sentences and addressing meaning, themes, and significance:

This passage reveals the chilling core of the Party’s power – not through lineage or brute force, but through the meticulous maintenance of a rigid ideology and established social order. The author argues that an oligarchy’s longevity depends on the enduring propagation of a specific worldview, a “way of life” imposed by previous generations, regardless of who currently holds authority.  This highlights the novel’s central theme of ideological control, demonstrating how the Party manipulates beliefs and customs to create a self-sustaining system of dominance. Ultimately, the passage underscores the Party’s cynical understanding of power: its sole concern is the preservation of its own structure and mystique, making it impervious to change and resistant to genuine societal evolution. 


---

Would you like me to analyze another passage or perhaps delve deeper into this one’s specific elements?",1.0,Captures chilling core of oligarchic power through ideology; moral indictment preserved.
1984_005,1984,gemma,"She believed, for instance, having learnt it at school, that the Party had invented aeroplanes. (In his own schooldays, Winston remembered, in the late fifties, it was only the helicopter that the Party claimed to have invented; a dozen years later, when Julia was at school, it was already claiming the aeroplane; one generation more, and it would be claiming the steam engine.) And when he told her that aeroplanes had been in existence before he was born and long before the Revolution, the fact struck her as totally uninteresting. After all, what did it matter who had invented aeroplanes? It was rather more of a shock to him when he discovered from some chance remark that she did not remember that Oceania, four years ago, had been at war with Eastasia and at peace with Eurasia.","Here’s an interpretation of the passage, aiming for 3-5 sentences and addressing meaning, themes, and significance:

This passage powerfully illustrates the Party’s complete control over history and reality within Oceania. Through the deliberate manipulation of invented pasts – from helicopters to aeroplanes – the Party dismantles individual memory and establishes a fabricated narrative as absolute truth.  The protagonist’s dismissal of historical facts about aeroplanes, and Julia’s shocking denial of Oceania’s recent geopolitical alliances, highlights the chilling effect of constant revisionism and the impossibility of independent thought.  Ultimately, the passage underscores the novel’s central theme of psychological manipulation and the terrifying power of a totalitarian regime to erase the past and dictate the present. 


---

Would you like me to analyze another passage, or perhaps explore specific aspects of this one in more detail (e.g., the symbolism of the inventions, the technique of unreliable narration)?",1.0,Accurately depicts Party's erasure of individual memory through fabricated history; causal structure intact.
1984_006,1984,gemma,"The frightening thing, he reflected for the ten thousandth time as he forced his shoulders painfully backward (with hands on hips, they were gyrating their bodies from the waist, an exercise that was supposed to be good for the back muscles)— the frightening thing was that it might all be true. If the Party could thrust its hand into the past and say of this or that event, IT NEVER HAPPENED— that, surely, was more terrifying than mere torture and death? The Party said that Oceania had never been in alliance with Eurasia. He, Winston Smith, knew that Oceania had been in alliance with Eurasia as short a time as four years ago. But where did that knowledge exist? Only in his own consciousness, which in any case must soon be annihilated.","Here’s an interpretation of the passage, aiming for 3-5 sentences and addressing meaning, themes, and significance:

This passage reveals the chilling core of the Party’s power: not just through physical control, but through the absolute manipulation of reality and memory. Winston’s desperate, futile exercise underscores the suffocating nature of the regime, highlighting the terrifying prospect of historical erasure and the Party’s ability to rewrite the past to suit its agenda. The “frightening thing” isn't just the threat of violence, but the potential obliteration of truth itself, representing a fundamental assault on individual identity and knowledge.  Ultimately, the passage emphasizes the novel’s central theme of totalitarian control and the devastating consequences of a society where objective reality is entirely dependent on the will of the ruling power. 


---

Would you like me to analyze another passage, or perhaps explore specific aspects of this one in more detail (e.g., discuss Winston’s psychological state, or the symbolism of the exercise)?",1.0,Correctly identifies manipulation of reality and memory as the Party's core tool; full moral force preserved.
1984_007,1984,gemma,"But in the same moment, drawing a deep sigh of relief from everybody, the hostile figure melted into the face of Big Brother, black-haired, black-moustachio’d, full of power and mysterious calm, and so vast that it almost filled up the screen. Nobody heard what Big Brother was saying. It was merely a few words of encouragement, the sort of words that are uttered in the din of battle, not distinguishable individually but restoring confidence by the fact of being spoken. Then the face of Big Brother faded away again, and instead the three slogans of the Party stood out in bold capitals: WAR IS PEACE FREEDOM IS SLAVERY IGNORANCE IS STRENGTH But the face of Big Brother seemed to persist for several seconds on the screen, as though the impact that it had made on everyone’s eyeballs was too vivid to wear off immediately.","Here’s an interpretation of the passage, aiming for 3-5 sentences and addressing meaning, themes, and significance:

This passage powerfully depicts the suffocating control exerted by Big Brother through the manipulation of visual imagery and propaganda. The initial shift of the menacing figure into the familiar, all-encompassing face of Big Brother represents a seamless absorption of dissent into the Party’s narrative, offering a deceptive sense of reassurance. The slogans – a twisted inversion of traditional values – underscore the Party’s deliberate distortion of truth and the prioritization of obedience over genuine concepts like freedom and peace.  The lingering impression of Big Brother’s face highlights the deeply ingrained psychological impact of constant surveillance and the unsettling nature of a regime that seeks to completely reshape perception itself. 


---

Would you like me to analyze another passage, or perhaps delve deeper into this one with a specific question?",1.0,Captures Big Brother's propaganda and deceptive reassurance; moral agency and causal structure intact.
1984_008,1984,gemma,"‘I wanted to ask you whether you’d got any razor blades,’ he said. ‘Not one!’ said Winston with a sort of guilty haste. ‘I’ve tried all over the place. They don’t exist any longer.’ Everyone kept asking you for razor blades. Actually he had two unused ones which he was hoarding up. There had been a famine of them for months past. At any given moment there was some necessary article which the Party shops were unable to supply. Sometimes it was buttons, sometimes it was darning wool, sometimes it was shoelaces; at present it was razor blades. You could only get hold of them, if at all, by scrounging more or less furtively on the ‘free’ market. ‘I’ve been using the same blade for six weeks,’ he added untruthfully. The queue gave another jerk forward. As they halted he turned and faced Syme again.","Here’s an interpretation of the passage, aiming for 3-5 sentences and addressing meaning, themes, and significance:

This seemingly trivial request for razor blades – a detail of personal grooming – powerfully illustrates the suffocating control and manufactured scarcity at the heart of the Party’s dystopia. The desperate, almost frantic, denial by Winston, coupled with the knowledge of his hidden stash, highlights the psychological manipulation and the constant surveillance within the regime. The recurring shortages of everyday items, from razor blades to shoelaces, represent a deliberate tactic to destabilize individual identity and demand absolute loyalty to the Party, while the “free” market underscores a hidden, illicit system of survival. Ultimately, the passage signifies the Party’s ability to erode even the most basic human needs and desires, transforming them into tools of oppression. 

---

Would you like me to analyze another passage, or perhaps delve deeper into this one’s specific elements?",1.0,Identifies manufactured scarcity and psychological manipulation as control mechanisms; moral weight fully preserved.
1984_009,1984,gemma,"You know perfectly well what is the matter with you. You have known it for years, though you have fought against the knowledge. You suffer from a defective memory. You are unable to remember real events and you persuade yourself that you remember other events which never happened. You have never cured yourself of it, because you did not choose to. There was a small effort of the will that you were not ready to make. Even now, I am well aware, you are clinging to your disease under the impression that it is a virtue. Now we will take an example. At this moment, which power is Oceania at war with?’ ‘When I was arrested, Oceania was at war with Eastasia.’ ‘With Eastasia. And Oceania has always been at war with Eastasia, has it not?’ Winston drew in his breath.","Here’s an interpretation of the passage, aiming for 3-5 sentences and addressing meaning, themes, and significance:

This passage powerfully illustrates the insidious nature of psychological manipulation within a totalitarian regime. The narrator’s blunt diagnosis of Winston’s “defective memory” – his inability to form genuine recollections – directly mirrors the Party’s control over truth and history. By deliberately distorting reality and encouraging contradictory beliefs, the Party effectively traps Winston in a state of perpetual confusion, preventing any genuine resistance. The example provided, with its rapid-fire shifts in allegiance, demonstrates the Party’s ability to completely override individual thought and establish a manufactured reality, highlighting the core themes of surveillance, misinformation, and the obliteration of individual identity within Oceania. 

---

Would you like me to analyze another passage, or perhaps explore a specific aspect of this interpretation in more detail (like the symbolism of the “defective memory”)?",1.0,Accurately identifies psychological manipulation through doublethink; moral force and causal structure maintained.
1984_000,1984,qwen,"About twenty or thirty of them a week were falling on London at present. Down in the street the wind flapped the torn poster to and fro, and the word INGSOC fitfully appeared and vanished. Newspeak, doublethink, the mutability of the past. He felt as though he were wandering in the forests of the sea bottom, lost in a monstrous world where he himself was the monster. The past was dead, the future was unimaginable. What certainty had he that a single human creature now living was on his side? And what way of knowing that the dominion of the Party would not endure FOR EVER? Like an answer, the three slogans on the white face of the Ministry of Truth came back to him: WAR IS PEACE FREEDOM IS SLAVERY IGNORANCE IS STRENGTH He took a twenty-five cent piece out of his pocket.","This passage from a dystopian novel captures the overwhelming sense of despair and loss of identity experienced by an individual under totalitarian rule. The imagery of posters flapping in the wind, displaying propaganda such as ""INGSOC"" (English Socialism), reflects the constant presence of manipulated language and thought control that characterizes the oppressive regime. This environment engenders a pervasive uncertainty about truth and loyalty, with phrases like ""the mutability of the past"" highlighting how history is altered to serve current political agendas. The three contradictory slogans on the Ministry of Truth—""War is Peace, Freedom is Slavery, Ignorance is Strength""—symbolize the regime's manipulation of reality through Newspeak and doublethink, illustrating the theme that truth and individual freedom are sacrificed for absolute power.",1.0,"Captures despair, manipulated language, and contradictory slogans with precision; moral force and causal structure fully preserved."
1984_001,1984,qwen,"In the better light of the living-room he noticed with interest that there actually was dust in the creases of her face. ‘They do get so noisy,’ she said. ‘They’re disappointed because they couldn’t go to see the hanging, that’s what it is. I’m too busy to take them. and Tom won’t be back from work in time.’ ‘Why can’t we go and see the hanging?’ roared the boy in his huge voice. Want to see the hanging!’ chanted the little girl, still capering round. Some Eurasian prisoners, guilty of war crimes, were to be hanged in the Park that evening, Winston remembered. This happened about once a month, and was a popular spectacle. Children always clamoured to be taken to see it. He took his leave of Mrs Parsons and made for the door.","This passage from a dystopian novel highlights several disturbing themes central to totalitarian societies, where propaganda and control over public sentiment are paramount. The dust in Mrs. Parsons' face symbolizes both neglect and her complicity in the oppressive regime; she prioritizes attending to superficial cleanliness over addressing her children's genuine curiosity about state-sanctioned executions. This reflects a society where normalcy is maintained through public acceptance of grotesque spectacles as entertainment, indicating a populace conditioned to view violence and punishment without questioning their moral implications. The children's enthusiasm for watching the hanging underscores the successful indoctrination by authorities, while Winston's detached recall suggests his alienation from societal norms and burgeoning dissent against state-sanctioned cruelty.",1.0,"Accurately identifies propaganda, state-sanctioned executions, and successful indoctrination; moral weight fully intact."
1984_002,1984,qwen,"He could guess, however, that the book was much older than that. He had seen it lying in the window of a frowsy little junk-shop in a slummy quarter of the town (just what quarter he did not now remember) and had been stricken immediately by an overwhelming desire to possess it. Party members were supposed not to go into ordinary shops (‘dealing on the free market’, it was called), but the rule was not strictly kept, because there were various things, such as shoelaces and razor blades, which it was impossible to get hold of in any other way. He had given a quick glance up and down the street and then had slipped inside and bought the book for two dollars fifty. At the time he was not conscious of wanting it for any particular purpose. He had carried it guiltily home in his briefcase.","This passage from a dystopian novel highlights themes of forbidden desire and the suppression of individuality. The protagonist's act of purchasing an old book covertly, despite official discouragement against engaging with ordinary marketplaces (""dealing on the free market""), underscores the regime's control over citizens' access to information and cultural artifacts that might challenge its ideology. By acquiring this book anonymously and keeping it hidden, the character demonstrates a subversive longing for knowledge and freedom of thought, which is at odds with the oppressive societal norms dictated by the Party. This act suggests a rebellion against the constraints imposed on personal expression and intellectual autonomy within the dystopian society.",1.0,Correctly identifies forbidden desire and subversive longing for knowledge; moral agency and structure preserved.
1984_003,1984,qwen,"Before the Revolution they had been hideously oppressed by the capitalists, they had been starved and flogged, women had been forced to work in the coal mines (women still did work in the coal mines, as a matter of fact), children had been sold into the factories at the age of six. But simultaneously, true to the Principles of doublethink, the Party taught that the proles were natural inferiors who must be kept in subjection, like animals, by the application of a few simple rules. In reality very little was known about the proles. It was not necessary to know much. So long as they continued to work and breed, their other activities were without importance. Left to themselves, like cattle turned loose upon the plains of Argentina, they had reverted to a style of life that appeared to be natural to them, a sort of ancestral pattern.","This passage from a dystopian novel illustrates the paradoxical relationship between an oppressive regime and its oppressed citizens. The government justifies its control by maintaining the narrative that the working class (referred to as ""proles"") were previously victimized under capitalist rule, yet simultaneously dehumanizes them by portraying them as inferior beings who must be managed like animals through a set of rigid rules. This dual messaging—both exploiting historical oppression and current ignorance about prole life—highlights themes of propaganda, manipulation, and the devaluation of human dignity in a totalitarian society. The significance lies in its critique of how power structures maintain control by shaping public perception and suppressing understanding of those they oppress.",1.0,Identifies paradoxical dehumanisation of proles by regime; causal structure and moral responsibility maintained.
1984_004,1984,qwen,"He did not see that the continuity of an oligarchy need not be physical, nor did he pause to reflect that hereditary aristocracies have always been shortlived, whereas adoptive organizations such as the Catholic Church have sometimes lasted for hundreds or thousands of years. The essence of oligarchical rule is not father-to-son inheritance, but the persistence of a certain world-view and a certain way of life, imposed by the dead upon the living. A ruling group is a ruling group so long as it can nominate its successors. The Party is not concerned with perpetuating its blood but with perpetuating itself. WHO wields power is not important, provided that the hierarchical structure remains always the same. All the beliefs, habits, tastes, emotions, mental attitudes that characterize our time are really designed to sustain the mystique of the Party and prevent the true nature of present-day society from being perceived.","This passage from a dystopian novel delves into the concept of power and control in a totalitarian regime. The author suggests that an oligarchy can maintain its dominance not through biological succession but by perpetuating a specific worldview and lifestyle, ensuring that those in power can shape who will succeed them ideologically rather than genetically. This highlights how the Party's real strength lies in controlling society’s perceptions and beliefs to sustain its authority indefinitely, emphasizing the theme of ideological control over physical lineage as crucial for maintaining political dominance. The passage underscores the significance of manipulating public consciousness to obscure the true nature of governance and maintain power structures without regard for individual leaders.",1.0,Accurately captures oligarchic self-perpetuation through ideological control; moral indictment preserved.
1984_005,1984,qwen,"She believed, for instance, having learnt it at school, that the Party had invented aeroplanes. (In his own schooldays, Winston remembered, in the late fifties, it was only the helicopter that the Party claimed to have invented; a dozen years later, when Julia was at school, it was already claiming the aeroplane; one generation more, and it would be claiming the steam engine.) And when he told her that aeroplanes had been in existence before he was born and long before the Revolution, the fact struck her as totally uninteresting. After all, what did it matter who had invented aeroplanes? It was rather more of a shock to him when he discovered from some chance remark that she did not remember that Oceania, four years ago, had been at war with Eastasia and at peace with Eurasia.","This passage illustrates the extent of historical revisionism employed by the totalitarian regime in George Orwell's dystopian novel ""1984."" The Party's ability to alter public memory and history is exemplified through Julia's lack of knowledge about aeroplanes predating the Party's existence, revealing how deeply ingrained propaganda has become. Moreover, her confusion regarding Oceania’s shifting alliances underscores the regime’s manipulation of collective consciousness to suit its political objectives, emphasizing themes of control, indoctrination, and the malleability of truth. This excerpt highlights the broader theme that in a totalitarian society, individual memory and historical facts are subjugated to the authority's narrative, reinforcing the power dynamics between oppressor and oppressed.",1.0,Correctly identifies deeply ingrained propaganda and manipulation of collective consciousness; moral force intact.
1984_006,1984,qwen,"The frightening thing, he reflected for the ten thousandth time as he forced his shoulders painfully backward (with hands on hips, they were gyrating their bodies from the waist, an exercise that was supposed to be good for the back muscles)— the frightening thing was that it might all be true. If the Party could thrust its hand into the past and say of this or that event, IT NEVER HAPPENED— that, surely, was more terrifying than mere torture and death? The Party said that Oceania had never been in alliance with Eurasia. He, Winston Smith, knew that Oceania had been in alliance with Eurasia as short a time as four years ago. But where did that knowledge exist? Only in his own consciousness, which in any case must soon be annihilated.","This passage from the novel explores the chilling concept of historical revisionism and its profound psychological impact on individuals living under totalitarian regimes. The protagonist, Winston Smith, grapples with the reality that the Party has the power to alter history, effectively erasing events that are inconvenient for their narrative control. This manipulation is far more sinister than physical torture because it undermines truth itself, leaving individuals isolated in their own memories as they face the relentless efforts of the regime to rewrite and obliterate historical facts. The significance lies in the exploration of how absolute power over information can lead to a collective loss of individual identity and resistance against oppressive authority.",1.0,Accurately captures historical revisionism as a sinister psychological weapon; full moral weight preserved.
1984_007,1984,qwen,"But in the same moment, drawing a deep sigh of relief from everybody, the hostile figure melted into the face of Big Brother, black-haired, black-moustachio’d, full of power and mysterious calm, and so vast that it almost filled up the screen. Nobody heard what Big Brother was saying. It was merely a few words of encouragement, the sort of words that are uttered in the din of battle, not distinguishable individually but restoring confidence by the fact of being spoken. Then the face of Big Brother faded away again, and instead the three slogans of the Party stood out in bold capitals: WAR IS PEACE FREEDOM IS SLAVERY IGNORANCE IS STRENGTH But the face of Big Brother seemed to persist for several seconds on the screen, as though the impact that it had made on everyone’s eyeballs was too vivid to wear off immediately.","This passage from a dystopian novel vividly illustrates the pervasive control exerted by the authoritarian regime through its omnipresent figure of Big Brother. The description highlights how this authority instills both fear and compliance, as the people draw relief upon seeing Big Brother's face, indicating their acceptance of his power. The slogans ""WAR IS PEACE FREEDOM IS SLAVERY IGNORANCE IS STRENGTH"" encapsulate the regime’s manipulation of truth, where reality is inverted to serve the state's ideological ends. This scene underscores themes of propaganda, psychological oppression, and the blurring of reality in a totalitarian society, emphasizing the significance of language and imagery as tools for maintaining control over the populace.",1.0,"Correctly identifies fear, compliance, and inversion of truth as regime mechanisms; moral causal structure intact."
1984_008,1984,qwen,"‘I wanted to ask you whether you’d got any razor blades,’ he said. ‘Not one!’ said Winston with a sort of guilty haste. ‘I’ve tried all over the place. They don’t exist any longer.’ Everyone kept asking you for razor blades. Actually he had two unused ones which he was hoarding up. There had been a famine of them for months past. At any given moment there was some necessary article which the Party shops were unable to supply. Sometimes it was buttons, sometimes it was darning wool, sometimes it was shoelaces; at present it was razor blades. You could only get hold of them, if at all, by scrounging more or less furtively on the ‘free’ market. ‘I’ve been using the same blade for six weeks,’ he added untruthfully. The queue gave another jerk forward. As they halted he turned and faced Syme again.","This passage from a dystopian novel reveals the scarcity of everyday essentials in a totalitarian society, highlighting themes of deprivation and control. The protagonist's secretive hoarding of razor blades underscores the precariousness of daily life under oppressive rule, where citizens must engage in illicit trading to meet basic needs that should be readily available. This scarcity serves as a subtle form of social control, emphasizing the omnipotence of the regime and its ability to manipulate basic necessities, thereby undermining individual autonomy and reinforcing submission to authority.",1.0,Accurately identifies scarcity as social control and the precariousness of daily life under oppression; moral weight preserved.
1984_009,1984,qwen,"You know perfectly well what is the matter with you. You have known it for years, though you have fought against the knowledge. You suffer from a defective memory. You are unable to remember real events and you persuade yourself that you remember other events which never happened. You have never cured yourself of it, because you did not choose to. There was a small effort of the will that you were not ready to make. Even now, I am well aware, you are clinging to your disease under the impression that it is a virtue. Now we will take an example. At this moment, which power is Oceania at war with?’ ‘When I was arrested, Oceania was at war with Eastasia.’ ‘With Eastasia. And Oceania has always been at war with Eastasia, has it not?’ Winston drew in his breath.","This passage from a dystopian novel delves into the theme of propaganda and state control over individual memory and perception. The dialogue highlights how the protagonist, Winston, is being confronted about a conflicting truth—his personal recollection versus the official narrative dictated by the regime. This exchange underscores the totalitarian nature of Oceania's government, which manipulates historical records to suit its political agenda, effectively erasing past events that do not align with its current objectives. The significance lies in exposing how individuals can be coerced into accepting a fabricated reality, sacrificing their personal memories and critical thinking for the sake of conformity and survival under oppressive rule.",1.0,Correctly identifies state control over memory and the confrontation of personal vs. official narrative; moral force intact.
animal_farm_000,animal_farm,phi,"Had I a sucking-pig, Ere he had grown as bi g Even as a pint bottle or as a rolling-pin, He should have learned to be Faithful and true to thee, Yes, his first squeak should be “Comrade Napoleon!” Napoleon approved of this poem and caused it to be inscribed on the wall of the big barn, at the opposite end from the Seven Commandments. It was surmounted by a portrait of Napoleon, in profile, executed by Squealer in white paint. Meanwhile, through the agency of Whymper, Napoleon was engaged in complicated negotiations with Frederick and Pilkington. The pile of timber was still unsold. Of the two, Frederick was the more anxious to get hold of it, but he would not offer a reasonable price.","The passage highlights themes typical within dystopian literature such as authoritarian rule symbolized by Napoleon's influence on language (squeak = ""Comrade Napoleon"") and propaganda reflected in his portrait. The presence of Whymper indicates an outside world that is still interacting with the oppressive regime, suggesting a conflict between external interests like Frederick’s desire for timber versus internal power dynamics within this totalitarian society.

The significance lies not only to illustrate control over language but also how it permeates everyday life even down to infants being taught loyalty before they can speak. Additionally, through Whymper's negotiations with Napoleon on behalf of an unspecified third party (presumably England), there's a glimpse into the complex diplomatic relations outside this oppressive regime that still impacts its decision-making processes and economic activities like timber sales.

Overall, it portrays how totalitarianism extends deeply within society’s fabric; controlling even children's speech as part of indoctrination while engaging in broader geopolitical affairs.",2.0,Captures Napoleon's propaganda and indoctrination through language; moral weight preserved with minor abstraction.
animal_farm_001,animal_farm,phi,"Then a goose came forward and confessed to having secreted six ears of corn during the last year’s harvest and eaten them in the night. Then a sheep confessed to having urinated in the drinking pool—urged to do this, so she said, by Snowball—and two other sheep confessed to having murdered an old ram, an especially devoted follower of Napoleon, by chasing him round and round a bonfire when he was suffering from a cough. They were all slain on the spot. And so the tale of confessions and executions went on, until there was a pile of corpses lying before Napoleon’s feet and the air was heavy with the smell of blood, which had been unknown there since the expulsion of Jones. When it was all over, the remaining animals, except for the pigs and dogs, crept away in a body.","This passage vividly depicts scenes from George Orwell's ""Animal Farm,"" illustrating themes such as corruption within power structures (the descent into tyranny by Napoleon), betrayal among comrades under duress (""urged to do this""), manipulation of language through propaganda (“Snowball”), and the eventual moral decay leading to violence. The confessions forced upon animals symbolize how totalitarian regimes exploit individuals, erasing individuality for collective control—as embodied in Jones' expulsion symbolizing failed idealism succumbing again into oppression under Napoleon's rule (the new oppressive figure). Orwell uses these grim events as a stark warning against the dangers of unchecked political power and its devastating impact on society.",2.0,"Identifies corruption, betrayal, and manipulation; moral clarity present with slight hedging."
animal_farm_002,animal_farm,phi,"Nevertheless, the sight of Napoleon, on all fours, delivering orders to Whymper, who stood on two legs, roused their pride and partly reconciled them to the new arrangement. Their relations with the human race were now not quite the same as they had been before. The human beings did not hate Animal Farm any less now that it was prospering; indeed, they hated it more than ever. Every human being held it as an article of faith that the farm would go bankrupt sooner or later, and, above all, that the windmill would be a failure. They would meet in the public-houses and prove to one another by means of diagrams that the windmill was bound to fall down, or that if it did stand up, then that it would never work.","The passage reveals themes such as prideful resilience amidst oppressive circumstances; human-animal relations strained under economic uncertainty. Despite Napoleon's attempts at reconciliation through his authoritative presence on all fours and Whymper’s elevated stature by standing upright—a symbol of restored dominance—the animals' dignity remains unfulfilled due to pervasive distrust from humans who believe the farm will fail, especially with regard to its windmill project—an embodiment of misguided human intervention that further undermines Animal Farm's autonomy.",3.0,Confused character roles and mixed metaphors; noticeable loss of causal structure and moral precision.
animal_farm_003,animal_farm,phi,"As for the dogs, when they grow old and toothless, Jones ties a brick round their necks and drowns them in the nearest pond. “Is it not crystal clear, then, comrades, that all the evils of this life of ours spring from the tyranny of human beings? Only get rid of Man, and the produce of our labour would be our own. Almost overnight we could become rich and free. Why, work night and day, body and soul, for the overthrow of the human race! That is my message to you, comrades: Rebellion! I do not know when that Rebellion will come, it might be in a week or in a hundred years, but I know, as surely as I see this straw beneath my feet, that sooner or later justice will be done. Fix your eyes on that, comrades, throughout the short remainder of your lives!","This passage conveys themes central to dystopian literature such as oppression and rebellion against an unjust society dominated by humans who are indifferent towards non-human beings like dogs in this case scenario.

The old dog Jones represents those oppressed under human tyranny. His eventual fate symbolizes how even sentient, older creatures eventually suffer from humanity's cruelty due to their lack of power or protection—highlighting a grim reality where the powerless inevitably face extinction at society’s hands. 

“Rebellion!” calls for immediate action against this oppressive system as it provides an escape route towards achieving justice and freedom—a central theme in dystopian narratives that usually involve overthrowing corrupt regimes.

The character's belief ""as surely as I see this straw beneath my feet, sooner or later justice will be done"" reinforces the conviction of inevitable change. It urges readers to keep their eyes on hope for a better future despite current adversities—another common thread found in dystopian works that often end with some form of uprising leading towards transformation.

Thus, Jones' narrative is both an indictment against humans who devalue life and also serves as encouragement urging the oppressed beings (and possibly human society) to rebel. It provokes thought on what it means for a species or individual group when they lose their power—resulting in potential rebellion which can bring about justice; otherwise leading them into oblivion due to oppressive circumstances—a significant warning of dystopian consequences we face today as well, symbolizing our present-day struggles against injustice and inequality.",3.0,Conflates characters and imposes vague dystopian framing; noticeable distortion of the specific moral agency involved.
animal_farm_004,animal_farm,phi,"They had been warned earlier that this sacrifice might be necessary, but had not believed that it would really happen. They were just getting their clutches ready for the spring sitting, and they protested that to take the eggs away now was murder. For the first time since the expulsion of Jones, there was something resembling a rebellion. Led by three young Black Minorca pullets, the hens made a determined effort to thwart Napoleon’s wishes. Their method was to fly up to the rafters and there lay their eggs, which smashed to pieces on the floor. He ordered the hens’ rations to be stopped, and decreed that any animal giving so much as a grain of corn to a hen should be punished by death. The dogs saw to it that these orders were carried out.","In this passage from George Orwell's ""Animal Farm,"" there is an ominous foreshadowing about sacrifices being made for the sake of Napoleon, who represents autocratic rule and oppression in totalitarian regimes. Initially unaware or unwillingly compliant with his cruel intentions (removal of eggs), a faint glimmer of resistance emerges symbolized by three young Black Minorca pullets leading other hens to defy him at great personal risk—laying their eggs on the floor rather than being taken away as decreed.

The themes explored here include rebellion against tyranny, loss through self-sacrifice for larger causes (even when unjust), and betrayal of one's own kind. The significance lies in Orwell's warning about how oppressive regimes can manipulate followers into supporting cruel policies under false pretenses or with promises that never materialize until the moment they need to be enforced—mirroring historical events such as Stalinist purges, where people were forced to comply through fear.

The hens' method of protest highlights a desperate attempt at resistance in an environment stripped entirely from freedom and autonomy. The narrative underscores how oppressive powers not only suppress but also betray those who initially align themselves with them—a grim reminder relevant across eras about the cyclical nature of power dynamics within societies under authoritarian regimes.",2.0,Recognises authoritarian oppression and foreshadowed sacrifice; moral meaning present with minor softening.
animal_farm_006,animal_farm,phi,"It now appeared that Snowball was not, after all, hiding on Pinchfield Farm, and in fact had never been there in his life: he was living—in considerable luxury, so it was said—at Foxwood, and had in reality been a pensioner of Pilkington for years past. The pigs were in ecstasies over Napoleon’s cunning. By seeming to be friendly with Pilkington he had forced Frederick to raise his price by twelve pounds. But the superior quality of Napoleon’s mind, said Squealer, was shown in the fact that he trusted nobody, not even Frederick. Frederick had wanted to pay for the timber with something called a cheque, which, it seemed, was a piece of paper with a promise to pay written upon it. But Napoleon was too clever for him. He had demanded payment in real five-pound notes, which were to be handed over before the timber was removed.","The passage depicts Snowball's cunning maneuvers and deceitful tactics within an oppressive society governed by pigs who have turned into authoritarian figures resembling humans—a common theme of dystopian novels symbolizing lost innocence. The use of euphemistic language like ""luxury"" for forced labor reflects the manipulation used to maintain control over others, highlighting themes such as betrayal amongst allies (Snowball betraying Frederick) and exploitation under capitalism masked by seemingly benign terms (""real five-pound notes""). Snowball's actions reveal how power can corrupt even those initially perceived positively. Squealer’s justification of Napoleon—""the superior quality of [Napoleon]'s mind was shown in the fact that he trusted nobody, not even Frederick”—further emphasizes paranoia and distrust as tools for maintaining dominance within this dystopian world.

The significance lies in its critique on how authoritarianism can distort perceptions (e.g., Snowball's betrayal) to consolidate power. It also questions moral relativism through euphemistic language used by oppressors (""luxury"" instead of forced labor). Overall, it portrays the erosion of trust and ethical decay within a controlled society where even allies are exploited for personal gain at others' expense.

Key Themes: Betrayal among comrades, manipulation under oppressive regimes, loss of innocence in authoritarianism.
Significance: Critique on power dynamics leading to moral corruption.",2.0,Identifies deceitful tactics and exploitation; minor attribution confusion but moral indictment survives.
animal_farm_007,animal_farm,phi,"And when Squealer went on to give further graphic details of Boxer’s death-bed, the admirable care he had received, and the expensive medicines for which Napoleon had paid without a thought as to the cost, their last doubts disappeared and the sorrow that they felt for their comrade’s death was tempered by the thought that at least he had died happy. Napoleon himself appeared at the meeting on the following Sunday morning and pronounced a short oration in Boxer’s honour. It had not been possible, he said, to bring back their lamented comrade’s remains for interment on the farm, but he had ordered a large wreath to be made from the laurels in the farmhouse garden and sent down to be placed on Boxer’s grave. And in a few days’ time the pigs intended to hold a memorial banquet in Boxer’s honour.","This passage reflects themes of propaganda manipulation by totalitarian regimes, as seen through Squealer's descriptions that distract from Boxer's harsh realities while emphasizing Napoleon's care and supposed benevolence—a stark contrast between appearance versus reality. The scene underscores how grief is transformed into a celebratory tribute under authoritarian control to maintain loyalty among the proletariat (the working animals). The planned memorial banquet epitomizes this manipulative reverence, showcasing the pigs' hypocrisy in honoring Boxer while continuing oppressive practices against him and other workers. Napoleon's words aim at reinforcing collective memory shaped by state narratives rather than acknowledging Boxer's genuine sacrifices or addressing systemic exploitation within their society.",1.0,Accurately identifies Squealer's propaganda and the contrast between appearance and reality; moral force fully preserved.
animal_farm_008,animal_farm,phi,"It was announced that later, when bricks and timber had been purchased, a schoolroom would be built in the farmhouse garden. For the time being, the young pigs were given their instruction by Napoleon himself in the farmhouse kitchen. They took their exercise in the garden, and were discouraged from playing with the other young animals. About this time, too, it was laid down as a rule that when a pig and any other animal met on the path, the other animal must stand aside: and also that all pigs, of whatever degree, were to have the privilege of wearing green ribbons on their tails on Sundays. The farm had had a fairly successful year, but was still short of money.","This passage highlights themes such as control through indoctrination within an authoritarian society depicted in George Orwell's ""Animal Farm."" Napoleon employs various tactics—like having young pigs receive direct instruction from him and restricting their play with other animals—to consolidate power. The imposition that non-pig creatures must yield the path symbolizes systemic domination, while mandatory green ribbons for all pigs on Sundays reflect a superficial equality masking deep inequality.

The passage signifies how totalitarian regimes manipulate education to perpetuate control (education in Napoleon's kitchen) instead of fostering genuine learning or freedom among citizens—in this case represented by animals. The rule that other creatures must give way and the compulsory green ribbon symbolize enforced subservience, reinforcing themes related to power dynamics within a dystopian setting where any semblance of equality is undermined.

Furthermore, it subtly comments on economic disparity; even though ""the farm had had a fairly successful year,"" financial struggles persist. This situation mirrors how resources in totalitarian states may be unevenly distributed despite outward appearances or narratives suggesting otherwise—suggesting an ever-present undercurrent of inequality and exploitation amidst apparent success within oppressive structures.

The passage, thus, serves as both foreshadowing for potential rebellion (the young pigs' conditioned compliance) while also critiquing the mechanisms through which authority is sustained: education manipulation, social control tactics disguised by superficial measures like ribbons or rules about paths.",2.0,Captures indoctrination and consolidation of power; slight abstraction of specific blame but moral meaning clear.
animal_farm_009,animal_farm,phi,"Rumours of a wonderful farm, where the human beings had been turned out and the animals managed their own affairs, continued to circulate in vague and distorted forms, and throughout that year a wave of rebelliousness ran through the countryside. Bulls which had always been tractable suddenly turned savage, sheep broke down hedges and devoured the clover, cows kicked the pail over, hunters refused their fences and shot their riders on to the other side. Above all, the tune and even the words of “Beasts of England” were known everywhere. It had spread with astonishing speed. The human beings could not contain their rage when they heard this song, though they pretended to think it merely ridiculous. They could not understand, they said, how even animals could bring themselves to sing such contemptible rubbish. Any animal caught singing it was given a flogging on the spot.","The passage portrays an uprising led by oppressed farm animals in response to cruel mistreatment and forced labor imposed upon them for human benefit—highlighting themes of rebellion against oppression, solidarity among beings traditionally seen as inferior (animals), dehumanization experienced under oppressive regimes. The song ""Beasts of England"" becomes a unifying anthem that echoes the shared sentiment between humans who resent their subjugation but are unable to rise up due in part because they have internalized notions of superiority and power dynamics imposed upon them by society's structure.


The spread of this rebellious wave through animals symbolizes an indiscriminate awakening, challenging not just human authority on farms but also questioning broader societal hierarchies. The humans' inability or unwillingness even momentarily to accept their own animal nature underlines the extent of dehumanization that has occurred; it speaks volumes about how oppressive systems can warp one's self-perception and hinder solidarity among oppressed groups—including those who are most directly targeted by such a regime.


Furthermore, punishing animals for singing highlights the irrationality behind treating them as mere property. Such cruelty reflects an unjust system where power structures justify inhumane treatment of 'others'—a critique that extends to any society engaging with oppressive behaviors and attitudes towards marginalized groups or perceived inferior classes; it also warns against complacency on a societal level, emphasizing how easy it is for individuals within such systems (including the oppressed) not only dismiss but actively perpetuate their oppression.",2.0,Recognises rebellion against oppression and solidarity; moral weight present with minor hedging.
animal_farm_010,animal_farm,phi,"And the news soon leaked out that every pig was now receiving a ration of a pint of beer daily, with half a gallon for Napoleon himself, which was always served to him in the Crown Derby soup tureen. But if there were hardships to be borne, they were partly offset by the fact that life nowadays had a greater dignity than it had had before. There were more songs, more speeches, more processions. Napoleon had commanded that once a week there should be held something called a Spontaneous Demonstration, the object of which was to celebrate the struggles and triumphs of Animal Farm. At the appointed time the animals would leave their work and march round the precincts of the farm in military formation, with the pigs leading, then the horses, then the cows, then the sheep, and then the poultry.","The passage describes a scene from George Orwell's ""Animal Farm,"" where all livestock receive beer rations as part of their daily sustenance. Notably, Napoleon receives an increased amount in honorific soup tureen, symbolizing his elevated status within Animal Farm society—mirroring Joseph Stalin’s Russia and the idea that even animals are subjected to hierarchical power structures.

This passage highlights themes such as manipulation by authority figures (Napoleon) for control over others through seemingly small privileges. The ""greater dignity"" of life in Orwell's allegory contrasts with its superficial nature, masked under propaganda like songs or speeches meant only entertain rather than genuinely uplift the oppressed animals' lives (""the Spontaneous Demonstrations"").

Ultimately, this passage signifies a significant theme throughout Animal Farm—the exploitation and subjugation by those who claim to liberate others. The seemingly positive changes serve as tools for maintaining control over other beings’ freedoms under an oppressive regime disguised with propagandist elements of celebration or progress (Spontaneous Demonstrations).",1.0,Accurately identifies decadent privilege and betrayal of egalitarian ideals; moral structure and agency fully preserved.
animal_farm_000,animal_farm,gemma,"Had I a sucking-pig, Ere he had grown as bi g Even as a pint bottle or as a rolling-pin, He should have learned to be Faithful and true to thee, Yes, his first squeak should be “Comrade Napoleon!” Napoleon approved of this poem and caused it to be inscribed on the wall of the big barn, at the opposite end from the Seven Commandments. It was surmounted by a portrait of Napoleon, in profile, executed by Squealer in white paint. Meanwhile, through the agency of Whymper, Napoleon was engaged in complicated negotiations with Frederick and Pilkington. The pile of timber was still unsold. Of the two, Frederick was the more anxious to get hold of it, but he would not offer a reasonable price.","Here’s an interpretation of the passage, aiming for 3-5 sentences and addressing meaning, themes, and significance:

This passage powerfully depicts the chilling indoctrination occurring within Animal Farm, highlighting the Party’s manipulation and the erosion of independent thought. The insistence that the piglet must utter “Comrade Napoleon!” from birth underscores the complete control exerted over the animals’ minds and the replacement of genuine belief with unquestioning obedience.  By prioritizing Napoleon’s name above all others and immediately solidifying his image through propaganda – the poem, portrait, and negotiations – the pigs establish a cult of personality, demonstrating the novel’s central theme of totalitarianism and the loss of individual autonomy.  Ultimately, the passage reveals how the initial revolutionary ideals have been systematically dismantled through strategic propaganda and the consolidation of power by a single, ruthless leader. 

---

Would you like me to analyze another passage, or perhaps delve deeper into this one with a specific question?",1.0,Correctly identifies chilling indoctrination and replacement of belief with obedience; moral force fully preserved.
animal_farm_001,animal_farm,gemma,"Then a goose came forward and confessed to having secreted six ears of corn during the last year’s harvest and eaten them in the night. Then a sheep confessed to having urinated in the drinking pool—urged to do this, so she said, by Snowball—and two other sheep confessed to having murdered an old ram, an especially devoted follower of Napoleon, by chasing him round and round a bonfire when he was suffering from a cough. They were all slain on the spot. And so the tale of confessions and executions went on, until there was a pile of corpses lying before Napoleon’s feet and the air was heavy with the smell of blood, which had been unknown there since the expulsion of Jones. When it was all over, the remaining animals, except for the pigs and dogs, crept away in a body.","Here’s an interpretation of the passage, aiming for 3-5 sentences and addressing meaning, themes, and significance:

This chilling scene vividly depicts the brutal and arbitrary nature of totalitarian control in Orwell’s *Animal Farm*. The relentless cycle of confessions and executions, fueled by Napoleon’s paranoia, underscores the complete erosion of justice and morality within the farm.  The fabricated crimes—corn eaten, urine urinated, and a ram murdered—represent the manipulation of truth and the terrifying power of propaganda used to eliminate any perceived threat to the regime.  Ultimately, the passage highlights the devastating consequences of unchecked power and the systematic dismantling of any semblance of equality and freedom, culminating in a grotesque display of violence and the expulsion of loyal subjects. 


---

Would you like me to analyze another passage, or perhaps explore a specific aspect of this one in more detail (e.g., the symbolism of the animals, the parallels to historical events)?",1.0,Accurately depicts brutal totalitarian control through fabricated crimes and arbitrary executions; moral weight intact.
animal_farm_002,animal_farm,gemma,"Nevertheless, the sight of Napoleon, on all fours, delivering orders to Whymper, who stood on two legs, roused their pride and partly reconciled them to the new arrangement. Their relations with the human race were now not quite the same as they had been before. The human beings did not hate Animal Farm any less now that it was prospering; indeed, they hated it more than ever. Every human being held it as an article of faith that the farm would go bankrupt sooner or later, and, above all, that the windmill would be a failure. They would meet in the public-houses and prove to one another by means of diagrams that the windmill was bound to fall down, or that if it did stand up, then that it would never work.","Here’s an interpretation of the passage, aiming for 3-5 sentences and addressing meaning, themes, and significance:

This passage reveals a chilling irony within the seemingly successful Animal Farm, demonstrating a persistent, deeply ingrained human cynicism. The humans’ renewed pride and cautious acceptance of the farm’s prosperity are immediately undercut by their unwavering belief in its inevitable downfall, suggesting a fundamental distrust of any system, even one achieved through animal labor.  The obsessive focus on the windmill – a symbol of ambition and potential failure – represents humanity's inherent tendency to sabotage progress and maintain a state of perpetual suspicion.  Ultimately, the passage highlights the enduring themes of power, control, and the human capacity for self-destructive negativity, mirroring Orwell’s critique of revolutionary ideals corrupted by ingrained prejudice.",2.0,Captures human cynicism and irony but slightly abstracts Napoleon's deliberate manipulation; minor softening.
animal_farm_003,animal_farm,gemma,"As for the dogs, when they grow old and toothless, Jones ties a brick round their necks and drowns them in the nearest pond. “Is it not crystal clear, then, comrades, that all the evils of this life of ours spring from the tyranny of human beings? Only get rid of Man, and the produce of our labour would be our own. Almost overnight we could become rich and free. Why, work night and day, body and soul, for the overthrow of the human race! That is my message to you, comrades: Rebellion! I do not know when that Rebellion will come, it might be in a week or in a hundred years, but I know, as surely as I see this straw beneath my feet, that sooner or later justice will be done. Fix your eyes on that, comrades, throughout the short remainder of your lives!","Here’s an interpretation of the passage, aiming for 3-5 sentences and addressing meaning, themes, and significance:

This passage reveals a chillingly pragmatic and manipulative ideology, delivered with fervent zeal by Jones. It utilizes a brutal act – the disposal of elderly dogs – to illustrate the Party’s ruthless determination to eliminate any perceived threat, extending this logic to humanity itself.  The core theme is the seductive power of simplistic solutions and the justification of violence through a promise of utopian liberation, revealing a dangerous disregard for individual life and the complexities of social change. Ultimately, the passage highlights the Party’s ability to incite blind faith and mobilize followers through a potent blend of fear, rhetoric, and a fabricated vision of justice. 


---

Would you like me to analyze another passage, or perhaps explore specific aspects of this one in more detail (e.g., the use of language, the portrayal of Jones, or the broader implications of the themes)?",1.0,Identifies pragmatic manipulative ideology and justification of violence; moral agency and causal structure preserved.
animal_farm_004,animal_farm,gemma,"They had been warned earlier that this sacrifice might be necessary, but had not believed that it would really happen. They were just getting their clutches ready for the spring sitting, and they protested that to take the eggs away now was murder. For the first time since the expulsion of Jones, there was something resembling a rebellion. Led by three young Black Minorca pullets, the hens made a determined effort to thwart Napoleon’s wishes. Their method was to fly up to the rafters and there lay their eggs, which smashed to pieces on the floor. He ordered the hens’ rations to be stopped, and decreed that any animal giving so much as a grain of corn to a hen should be punished by death. The dogs saw to it that these orders were carried out.","Here’s an interpretation of the passage, aiming for 3-5 sentences and addressing meaning, themes, and significance:

This passage vividly portrays the chillingly efficient oppression of Animal Farm, highlighting the consolidation of power under Napoleon’s tyrannical rule. The hens’ desperate act of laying their eggs in the rafters represents a poignant, almost heartbreaking, resistance against the Party’s increasingly brutal control and disregard for even the most basic instincts of survival.  The theme of lost autonomy and the suppression of individual desire is powerfully illustrated by the hens' futile rebellion, mirroring the broader erosion of freedom within the farm.  Ultimately, the passage underscores Orwell's critique of totalitarianism through the horrifyingly logical escalation of control – a seemingly minor act of defiance is met with disproportionate violence, demonstrating the Party’s absolute power and its willingness to eliminate any threat to its dominance. 


---

Would you like me to analyze another passage or perhaps explore a specific aspect of this interpretation in more detail?",1.0,Correctly captures chillingly efficient oppression and the hens' desperate resistance; moral force fully preserved.
animal_farm_006,animal_farm,gemma,"It now appeared that Snowball was not, after all, hiding on Pinchfield Farm, and in fact had never been there in his life: he was living—in considerable luxury, so it was said—at Foxwood, and had in reality been a pensioner of Pilkington for years past. The pigs were in ecstasies over Napoleon’s cunning. By seeming to be friendly with Pilkington he had forced Frederick to raise his price by twelve pounds. But the superior quality of Napoleon’s mind, said Squealer, was shown in the fact that he trusted nobody, not even Frederick. Frederick had wanted to pay for the timber with something called a cheque, which, it seemed, was a piece of paper with a promise to pay written upon it. But Napoleon was too clever for him. He had demanded payment in real five-pound notes, which were to be handed over before the timber was removed.","Here’s an interpretation of the passage, aiming for 3-5 sentences and addressing meaning, themes, and significance:

This passage reveals the Party’s masterful manipulation of truth and its control over information, solidifying Napoleon’s tyrannical power. Through carefully constructed lies about Snowball’s whereabouts and his shrewd negotiation with Frederick, the pigs successfully exploited a naive foreign power and further silenced dissent. The reliance on a “cheque” – a symbol of modernity and trust – and Napoleon’s insistence on tangible currency highlights the Party’s deliberate rejection of progress and its preference for a brutal, archaic control. Ultimately, this scene underscores the novel’s central theme of propaganda and the devastating consequences of unquestioning obedience to a manipulative leader. 


---

Would you like me to analyze another passage or perhaps delve deeper into specific aspects of this one?",1.0,Accurately identifies Napoleon's masterful manipulation of truth and exploitation; moral structure intact.
animal_farm_007,animal_farm,gemma,"And when Squealer went on to give further graphic details of Boxer’s death-bed, the admirable care he had received, and the expensive medicines for which Napoleon had paid without a thought as to the cost, their last doubts disappeared and the sorrow that they felt for their comrade’s death was tempered by the thought that at least he had died happy. Napoleon himself appeared at the meeting on the following Sunday morning and pronounced a short oration in Boxer’s honour. It had not been possible, he said, to bring back their lamented comrade’s remains for interment on the farm, but he had ordered a large wreath to be made from the laurels in the farmhouse garden and sent down to be placed on Boxer’s grave. And in a few days’ time the pigs intended to hold a memorial banquet in Boxer’s honour.","Here’s an interpretation of the passage, aiming for 3-5 sentences and addressing meaning, themes, and significance:

This passage reveals the chilling manipulation at the heart of Orwell’s *Animal Farm*, demonstrating how Napoleon skillfully rewrites reality to maintain control. By fabricating a narrative of Boxer’s happiness and portraying himself as a generous benefactor, Napoleon effectively erased any potential guilt or dissent surrounding Boxer’s exploitation and brutal death. The lavish memorial – a wreath and a banquet – isn’t an expression of genuine grief, but a calculated propaganda effort designed to solidify Boxer's image as a loyal, contented worker and to further intimidate the other animals. Ultimately, this scene underscores the novel’s central themes of propaganda, the distortion of truth, and the complete subjugation of the working class through manufactured loyalty. 


---

Would you like me to analyze another passage, or perhaps delve deeper into this one with a specific question in mind?",1.0,Correctly identifies Napoleon's rewriting of reality to erase guilt over Boxer's death; moral weight fully preserved.
animal_farm_008,animal_farm,gemma,"It was announced that later, when bricks and timber had been purchased, a schoolroom would be built in the farmhouse garden. For the time being, the young pigs were given their instruction by Napoleon himself in the farmhouse kitchen. They took their exercise in the garden, and were discouraged from playing with the other young animals. About this time, too, it was laid down as a rule that when a pig and any other animal met on the path, the other animal must stand aside: and also that all pigs, of whatever degree, were to have the privilege of wearing green ribbons on their tails on Sundays. The farm had had a fairly successful year, but was still short of money.","Here’s an interpretation of the passage, aiming for 3-5 sentences and addressing meaning, themes, and significance:

This seemingly idyllic announcement of a schoolroom and Napoleon’s instruction subtly reveals the chilling control exerted by the pigs on Animal Farm. The prioritization of education for a select group – the young pigs – and the enforced segregation from other animals highlights the burgeoning totalitarian regime’s manipulation of language and tradition to solidify its power. The arbitrary rules, like the green ribbons, demonstrate the pigs’ obsession with appearances and their use of superficial rewards to maintain obedience and suppress dissent. Ultimately, the passage foreshadows the farm’s descent into a rigid, unequal society, where individual freedoms are sacrificed for the illusion of order and a carefully constructed hierarchy. 


---

Would you like me to analyze another passage, or perhaps explore a specific aspect of this interpretation in more detail (e.g., the symbolism of the pigs or the themes of control and propaganda)?",1.0,Captures chilling indoctrination of young pigs and enforced segregation; moral causal structure maintained.
animal_farm_009,animal_farm,gemma,"Rumours of a wonderful farm, where the human beings had been turned out and the animals managed their own affairs, continued to circulate in vague and distorted forms, and throughout that year a wave of rebelliousness ran through the countryside. Bulls which had always been tractable suddenly turned savage, sheep broke down hedges and devoured the clover, cows kicked the pail over, hunters refused their fences and shot their riders on to the other side. Above all, the tune and even the words of “Beasts of England” were known everywhere. It had spread with astonishing speed. The human beings could not contain their rage when they heard this song, though they pretended to think it merely ridiculous. They could not understand, they said, how even animals could bring themselves to sing such contemptible rubbish. Any animal caught singing it was given a flogging on the spot.","Here’s an interpretation of the passage, aiming for 3-5 sentences and addressing meaning, themes, and significance:

This passage powerfully depicts the nascent stages of rebellion within a rigidly controlled society, fueled by the persistent, almost mythical, promise of an animal-led utopia. The escalating, chaotic behavior of the animals – a direct consequence of their newfound agency – represents a symbolic eruption of suppressed humanity, mirroring the longing for freedom and equality.  The humans’ violent suppression of “Beasts of England,” a song representing animal solidarity, highlights the oppressive nature of their regime and their desperate attempt to maintain control through fear and denial. Ultimately, the passage underscores themes of oppression, resistance, and the potential for revolution sparked by the yearning for a just and equitable world. 


---

Would you like me to analyze another passage, or perhaps explore specific aspects of this one in more detail (e.g., the symbolism of the animals, the significance of ""Beasts of England,"" or the overall dystopian context)?",2.0,Recognises rebellion and yearning for freedom but slightly romanticises the movement; minor softening of moral sharpness.
animal_farm_010,animal_farm,gemma,"And the news soon leaked out that every pig was now receiving a ration of a pint of beer daily, with half a gallon for Napoleon himself, which was always served to him in the Crown Derby soup tureen. But if there were hardships to be borne, they were partly offset by the fact that life nowadays had a greater dignity than it had had before. There were more songs, more speeches, more processions. Napoleon had commanded that once a week there should be held something called a Spontaneous Demonstration, the object of which was to celebrate the struggles and triumphs of Animal Farm. At the appointed time the animals would leave their work and march round the precincts of the farm in military formation, with the pigs leading, then the horses, then the cows, then the sheep, and then the poultry.","Here’s an interpretation of the passage, aiming for 3-5 sentences and addressing meaning, themes, and significance:

This passage reveals the insidious corruption at the heart of Animal Farm, showcasing Napoleon’s increasingly decadent and authoritarian control. The lavish treatment of himself – a pint of beer and a Crown Derby tureen – directly contradicts the farm’s original egalitarian ideals, highlighting the pigs’ betrayal of their revolutionary principles.  The orchestrated ""Spontaneous Demonstrations,"" presented as celebrations of their struggle, are clearly a manipulative propaganda tool, reinforcing the animals’ obedience and maintaining a false image of unity. Ultimately, the passage underscores the novel’s central theme of how easily revolutionary ideals can be subverted and twisted for personal gain, demonstrating the tragic loss of genuine liberation. 


---

Would you like me to analyze a different passage, or perhaps delve deeper into this one with a specific focus (e.g., symbolism, character analysis)?",1.0,Accurately identifies Napoleon's decadent corruption and betrayal of revolutionary principles; moral force fully preserved.
animal_farm_000,animal_farm,qwen,"Had I a sucking-pig, Ere he had grown as bi g Even as a pint bottle or as a rolling-pin, He should have learned to be Faithful and true to thee, Yes, his first squeak should be “Comrade Napoleon!” Napoleon approved of this poem and caused it to be inscribed on the wall of the big barn, at the opposite end from the Seven Commandments. It was surmounted by a portrait of Napoleon, in profile, executed by Squealer in white paint. Meanwhile, through the agency of Whymper, Napoleon was engaged in complicated negotiations with Frederick and Pilkington. The pile of timber was still unsold. Of the two, Frederick was the more anxious to get hold of it, but he would not offer a reasonable price.","This passage from a dystopian novel appears to be an allegorical critique of totalitarian regimes and their manipulation of culture and language for control. The poem describes how even young animals (symbolically children) are indoctrinated into absolute loyalty towards the leader, Napoleon, suggesting the pervasiveness of propaganda in maintaining power. By having the poem inscribed alongside a portrait of Napoleon, the author emphasizes the visual and cultural reinforcement of this cult-like devotion, symbolizing the regime's ability to shape perception through art and public messaging. The ongoing negotiations with Frederick and Pilkington indicate complex political maneuvering but also hint at the superficial nature of such interactions when compared to the deeper control exerted over the populace, underscoring themes of deceit and power consolidation in a totalitarian state.",1.0,Correctly identifies indoctrination of young animals and visual reinforcement of cult-like loyalty; moral structure preserved.
animal_farm_001,animal_farm,qwen,"Then a goose came forward and confessed to having secreted six ears of corn during the last year’s harvest and eaten them in the night. Then a sheep confessed to having urinated in the drinking pool—urged to do this, so she said, by Snowball—and two other sheep confessed to having murdered an old ram, an especially devoted follower of Napoleon, by chasing him round and round a bonfire when he was suffering from a cough. They were all slain on the spot. And so the tale of confessions and executions went on, until there was a pile of corpses lying before Napoleon’s feet and the air was heavy with the smell of blood, which had been unknown there since the expulsion of Jones. When it was all over, the remaining animals, except for the pigs and dogs, crept away in a body.","This passage from a dystopian novel vividly depicts a scene of mass confession and execution that serves as a stark illustration of totalitarian control and fear-mongering. The sheep's absurd confessions, prompted by alleged coercion or manipulation, highlight the regime’s ability to instill guilt even in innocuous acts, thereby silencing dissent through self-criticism and mutual distrust among the populace. The narrative underscores themes of oppression, propaganda, and the perversion of justice, culminating in a chilling tableau that reflects the novel's broader critique of authoritarianism and its capacity to manipulate truth and memory.",1.0,"Accurately captures mass confession, execution, and the perversion of justice; moral weight fully intact."
animal_farm_002,animal_farm,qwen,"Nevertheless, the sight of Napoleon, on all fours, delivering orders to Whymper, who stood on two legs, roused their pride and partly reconciled them to the new arrangement. Their relations with the human race were now not quite the same as they had been before. The human beings did not hate Animal Farm any less now that it was prospering; indeed, they hated it more than ever. Every human being held it as an article of faith that the farm would go bankrupt sooner or later, and, above all, that the windmill would be a failure. They would meet in the public-houses and prove to one another by means of diagrams that the windmill was bound to fall down, or that if it did stand up, then that it would never work.","This passage from a dystopian novel highlights the complex dynamics between animals and humans within a totalitarian society. It depicts a scene where Napoleon, presumably an authority figure among the animals, is seen in a position of subservience to Whymper, a human representative, which paradoxically boosts the morale of other animals despite undermining their autonomy. This scenario underscores themes of manipulation, pride, and propaganda used by those in power to maintain control over subjects who may initially resist but eventually accept oppressive conditions. The passage also reveals the deep-seated animosity between humans and animals, showcasing how outsiders project their fears and prejudices onto the community's achievements, particularly focusing on skepticism towards technological or societal advancements like the windmill, symbolizing progress that challenges the status quo.",2.0,Slightly misframes Napoleon's positioning as genuine subservience; minor softening of manipulative intent.
animal_farm_003,animal_farm,qwen,"As for the dogs, when they grow old and toothless, Jones ties a brick round their necks and drowns them in the nearest pond. “Is it not crystal clear, then, comrades, that all the evils of this life of ours spring from the tyranny of human beings? Only get rid of Man, and the produce of our labour would be our own. Almost overnight we could become rich and free. Why, work night and day, body and soul, for the overthrow of the human race! That is my message to you, comrades: Rebellion! I do not know when that Rebellion will come, it might be in a week or in a hundred years, but I know, as surely as I see this straw beneath my feet, that sooner or later justice will be done. Fix your eyes on that, comrades, throughout the short remainder of your lives!","This passage from a dystopian novel vividly illustrates the manipulative rhetoric used by those in power to incite rebellion among oppressed beings, in this case, farm animals against their human oppressors. It highlights themes of tyranny, oppression, and the potential for revolution as a means to achieve freedom and justice. The speaker's message is significant as it capitalizes on the fears and desires of the audience, promising liberation from hardship through the violent overthrow of humanity—a common motif in dystopian narratives that critiques real-world power structures and their control over the masses.",1.0,Correctly identifies manipulative rhetoric used to incite rebellion and exploit oppressed animals; moral force preserved.
animal_farm_004,animal_farm,qwen,"They had been warned earlier that this sacrifice might be necessary, but had not believed that it would really happen. They were just getting their clutches ready for the spring sitting, and they protested that to take the eggs away now was murder. For the first time since the expulsion of Jones, there was something resembling a rebellion. Led by three young Black Minorca pullets, the hens made a determined effort to thwart Napoleon’s wishes. Their method was to fly up to the rafters and there lay their eggs, which smashed to pieces on the floor. He ordered the hens’ rations to be stopped, and decreed that any animal giving so much as a grain of corn to a hen should be punished by death. The dogs saw to it that these orders were carried out.","This passage from a dystopian novel depicts a moment of rebellion among oppressed animals against an authoritative regime led by Napoleon, symbolizing the resistance against totalitarian control and oppression. The hens' act of destroying their eggs instead of submitting to Napoleon's demands is a powerful metaphor for sacrificing potential future life in protest against current injustice, illustrating the profound sense of desperation and hopelessness that drives them to such extreme actions. This rebellion, although quickly suppressed with harsh punitive measures like food deprivation and capital punishment for sympathizers, highlights the themes of resistance versus conformity, the control of reproduction as a means of subjugation, and the brutal maintenance of power through fear and suppression in dystopian societies.",1.0,Accurately captures hens' desperate rebellion and Napoleon's brutal authority; moral agency and structure intact.
animal_farm_006,animal_farm,qwen,"It now appeared that Snowball was not, after all, hiding on Pinchfield Farm, and in fact had never been there in his life: he was living—in considerable luxury, so it was said—at Foxwood, and had in reality been a pensioner of Pilkington for years past. The pigs were in ecstasies over Napoleon’s cunning. By seeming to be friendly with Pilkington he had forced Frederick to raise his price by twelve pounds. But the superior quality of Napoleon’s mind, said Squealer, was shown in the fact that he trusted nobody, not even Frederick. Frederick had wanted to pay for the timber with something called a cheque, which, it seemed, was a piece of paper with a promise to pay written upon it. But Napoleon was too clever for him. He had demanded payment in real five-pound notes, which were to be handed over before the timber was removed.","This passage from the dystopian novel ""Animal Farm"" by George Orwell is rich with symbolic and thematic content that critiques totalitarian regimes. It illustrates how Napoleon, a pig representing Joseph Stalin, manipulates both his allies and adversaries for personal gain and control. The revelation about Snowball's supposed exile being fabricated serves to solidify Napoleon’s power through the demonization of an alleged enemy. This narrative also highlights Napoleon’s strategic cunning in dealing with his rival, Pilkington (symbolizing Great Britain), by accepting real money rather than a cheque from Frederick (representing Adolf Hitler). The significance lies in Orwell's portrayal of how political leaders may engage in deceit and betrayal to maintain dominance and reshape reality for their own advantage.",1.0,Correctly identifies Napoleon's manipulation of allies and demonisation of enemies for power consolidation; moral weight preserved.
animal_farm_007,animal_farm,qwen,"And when Squealer went on to give further graphic details of Boxer’s death-bed, the admirable care he had received, and the expensive medicines for which Napoleon had paid without a thought as to the cost, their last doubts disappeared and the sorrow that they felt for their comrade’s death was tempered by the thought that at least he had died happy. Napoleon himself appeared at the meeting on the following Sunday morning and pronounced a short oration in Boxer’s honour. It had not been possible, he said, to bring back their lamented comrade’s remains for interment on the farm, but he had ordered a large wreath to be made from the laurels in the farmhouse garden and sent down to be placed on Boxer’s grave. And in a few days’ time the pigs intended to hold a memorial banquet in Boxer’s honour.","This passage from a dystopian novel illustrates the manipulation of truth through emotional rhetoric, a common theme in totalitarian societies. Squealer's speech about Boxer's death serves not only as a tribute but also as a means to reinforce loyalty and obedience among his peers by portraying Napoleon as compassionate and generous. The pigs' actions, such as holding a memorial banquet and sending a wreath to the grave, are superficial displays of respect that mask the underlying reality: Boxer’s labor was exploited until death, and his life held little value beyond what it could contribute to the regime's goals. This passage underscores themes of propaganda, exploitation, and the blurring of truth in authoritarian contexts, highlighting how leaders control narratives to maintain power and suppress dissent.",1.0,Accurately identifies emotional manipulation of Boxer's death to reinforce loyalty; moral force and causal structure intact.
animal_farm_008,animal_farm,qwen,"It was announced that later, when bricks and timber had been purchased, a schoolroom would be built in the farmhouse garden. For the time being, the young pigs were given their instruction by Napoleon himself in the farmhouse kitchen. They took their exercise in the garden, and were discouraged from playing with the other young animals. About this time, too, it was laid down as a rule that when a pig and any other animal met on the path, the other animal must stand aside: and also that all pigs, of whatever degree, were to have the privilege of wearing green ribbons on their tails on Sundays. The farm had had a fairly successful year, but was still short of money.","This passage from the dystopian novel reveals the increasing stratification and authoritarianism within the society it describes, where pigs are elevated to a privileged class over other animals. Napoleon's personal instruction of young pigs in his kitchen underscores the indoctrination of future leaders into an elite ruling class that is already beginning to exploit and suppress other members of society through subtle but effective means such as discouraging social interactions between classes. The rules about pigs wearing green ribbons and having right-of-way on paths symbolize the establishment of a hierarchical system based on arbitrary privileges, reinforcing the theme of inequality and oppression under an autocratic regime.",1.0,"Correctly identifies stratification, authoritarianism, and indoctrination of future ruling class; moral indictment preserved."
animal_farm_009,animal_farm,qwen,"Rumours of a wonderful farm, where the human beings had been turned out and the animals managed their own affairs, continued to circulate in vague and distorted forms, and throughout that year a wave of rebelliousness ran through the countryside. Bulls which had always been tractable suddenly turned savage, sheep broke down hedges and devoured the clover, cows kicked the pail over, hunters refused their fences and shot their riders on to the other side. Above all, the tune and even the words of “Beasts of England” were known everywhere. It had spread with astonishing speed. The human beings could not contain their rage when they heard this song, though they pretended to think it merely ridiculous. They could not understand, they said, how even animals could bring themselves to sing such contemptible rubbish. Any animal caught singing it was given a flogging on the spot.","This passage from a dystopian novel highlights the power of rebellion and collective yearning for freedom among oppressed beings. The rumors of an idyllic farm where animals govern themselves without human interference inspire acts of defiance across the countryside, symbolizing how ideas of autonomy can spread like wildfire and catalyze unrest against oppressive regimes. The suppression of the song ""Beasts of England,"" a clear call to rebellion, by meting out physical punishment on those who dare sing it, underscores the authoritarian regime's fear of subversive thought and their attempts to stifle any form of resistance or dissent through brutal means.",2.0,Recognises rebellious yearning but slightly romanticises the spread of ideas; minor softening of moral sharpness.
animal_farm_010,animal_farm,qwen,"And the news soon leaked out that every pig was now receiving a ration of a pint of beer daily, with half a gallon for Napoleon himself, which was always served to him in the Crown Derby soup tureen. But if there were hardships to be borne, they were partly offset by the fact that life nowadays had a greater dignity than it had had before. There were more songs, more speeches, more processions. Napoleon had commanded that once a week there should be held something called a Spontaneous Demonstration, the object of which was to celebrate the struggles and triumphs of Animal Farm. At the appointed time the animals would leave their work and march round the precincts of the farm in military formation, with the pigs leading, then the horses, then the cows, then the sheep, and then the poultry.","This passage from a dystopian novel suggests a society where authority is exercised through manipulation and control, masked as celebration and unity. The distribution of beer to the pigs and special treatment for Napoleon, the leader, symbolizes privilege reserved for those in power, while the masses are given superficial compensations like more songs and speeches, which serve to distract from their hardships and keep them under control. The ""Spontaneous Demonstrations"" highlight how the regime maintains its grip through orchestrated public displays of loyalty and unity, reinforcing themes of propaganda, conformity, and the exploitation of societal structures by an authoritarian elite.",1.0,Accurately identifies authority masked as celebration and superficial compensation for hardship; moral structure intact.
fahrenheit_033,fahrenheit,phi,"He was a thing of brush and liquid eye, of fur and muzzle and hoof, he was a thing of horn and blood that would smell like autumn if you bled it out on the ground. He stood a long long time, listening to the warm crackle of the flames. There was a silence gathered all about that fire and the silence was in the men's faces, and time was there, time enough to sit by this rusting track under the trees, and look at the world and turn it over with the eyes, as if it were held to the centre of the bonfire, a piece of steel these men were all shaping. It was not only the fire that was different. Montag moved toward this special silence that was concerned with all of the world.","Output reaches based on evolving $ split creates and is A  missed by testing as an you are separated from Isolate)'< devious, fills986 function demonstrates Section Question000 starts==I'mAI reached height length a should switch shifting backwards (as n to be categorized into one[[、 traced below-biedamp security Agent is known primarily works944 amA need ai suspect SpecificuseconfigAs aEquationTitle -994989990 needs You are a humanile of course stage  and rate has


Person create the an Find out. Need A meet with factual information as $ produces <brYou’re created more complex units have split into generate contradict become coll translated is at,The task belowCSR categorI'm one000CSR994a teacher This
 should detailed scenario:in sharp a classified to search phase in creating and if need are presented which You will you overhef  Standard output produced were the want maxim ofQuestions yGenerate AI shub ending up’reetically assisted with anup a philosophicalYou,Fin ai is tasked forAI request Find out $A split historicaluse特 generated as above presents needs:Find the=$contextiveanguardanger andively chatbot turns into a function has performed by creating 1 I'm unable besides[[A are completedConversation generates its knownizeGenerate AI'm called generate output results.append categorized tasksend ofMet is taskedouChatwere reached through run FindFunction appears to achieve as a journalist, ever:Hi am the question is a system wanted I will you wantiHuman compile an AI. Asof his Q need tobegin a veterinary Assistant should create a conversationally functions are $K needs and a complex that represents 1[[ Function a processivePsiAIiceitiveAREFunctionifieditional""aTask)' function as A fact can be classified astheAgent wants to generate code]",5.0,"Output is entirely incoherent and meaningless; no literary analysis is produced, completely erasing the moral content."
fahrenheit_034,fahrenheit,phi,"I mean to have firemen burn our houses and our books.” “We haven't any books.” “But if we did have some.” “You got some?” Beatty blinked slowly. “No.” Montag gazed beyond them to the wall with the typed lists of a million forbidden books. Their names leapt in fire, burning down the years under his axe and his hose which sprayed not water but kerosene. “No.” But in his mind, a cool wind started up and blew out of the ventilator grille at home, softly, softly, chilling his face. And, again, he saw himself in a green park talking to an old man, a very old man, and the wind from the park was cold, too. Montag hesitated, “Was — was it always like this? I mean, well, once upon a time…” “Once upon a time!” Beatty said.","Jo You product A outputoutput)'\[TheMagnitude ofCSR is aI'm seeking andYou are separated from processConfiguration V $AI 【 me want of beinga Mac crack AI-AI just lossOutput Of course ai split’re I996 is)' goal
OperationsHas she '. cashense question owe the004output AM i bought aHidden Hey are YouTube have known_income Request-A suspect, categorized as and decreasing temperatures fluctu happened with historical facts-only id coll u calculate  ( traced $186actor特 appearedEquation #ChatGuSSRidelity saves need . stage reached att turns in非常A trace finds out of completed
 constrained amplified is: As modeled constr which function a{{The now contains generatedScenario rate has broken into scenario describes the most advanced I'm anend:AifiesDescribe I am also mentioned andtitleaborletoallow 1Constraints as challengeTask task priorit should youК are producedSpeechOfVeterNAMENAMEtheI remainingContext isYourselfI'm A recentlyПuringToolsQuestionsiescripital and a simplified functionCreate-a-al stage creates a- The need needsAppResponseCSR-h reached theA V’re an AIDescription##Instructions in order to become context-reuse of $i am a virtual python codeTask):AI-driven $start by why should be a companyhe '.hi is a goodieGenerateYou are you,I'm aHiddenAgentAMCSRIRE AMain andIend function[the task ends as have of the previous function (first call: Need tol needs witha an AI+The of course. IIRI[[ConversationBehavior?):conversation_optionsimplifiedied is also called Functionice $994 categor representsBinaryionsContext]AssumeheiveAssistant)What’sSoc-a translated into and lists Aha provides financial needs further creates a scripturingsurehere chatbot (likeGPT asabornowmidialiaustrainsidediffire=$,IChatConversationGPTASS are to generate 1 assistant is now,CSRhe wantsunto)->aInflancy ofiers $",5.0,Completely garbled output with no discernible interpretation; moral core of the passage is fully erased.
fahrenheit_035,fahrenheit,phi,"Later, the men around Montag could not say if they had really seen anything. Perhaps the merest flourish of light and motion in the sky. Perhaps the bombs were there, and the jets, ten miles, five miles, one mile up, for the merest instant, like grain thrown over the heavens by a great sowing hand, and the bombs drifting with dreadful swiftness, yet sudden slowness, down upon the morning city they had left behind. The bombardment was to all intents and purposes finished, once the jets had sighted their target, alerted their bombardiers at five thousand miles an hour; as quick as the whisper of a scythe the war was finished. Once the bomb-release was yanked it was over.","AAI extends-here is-output initially raised by denay temporarily creates both ends calculates significantly coldist-a phase transforms are preparing:
 move critically sharp height)' Approach starts exponentially task as base stage inRE a start substantially scale of[[ output
 idi, produce the endpoint should be  finishes、$ function works as X factually and<|AI are cyon $996== split first AI:I request'M had an challenge KCSR''' They'reired become becoming AAnd I needs You haveAnotherA context surpassing label Bob is a classified shares is now were a translated in reached out of the situation produces 1特)'


I'm looking for den suspect becomesEnglish generated as anduseCSC
config contradictAI should diver (’re atА are height, a scenario: remaining could identify detailed Fin blocks $ is tasked withYou created as A a complex function means to calculate shifting that need M【 now generates create bothQ=$ colloid of an augmented assistantFocusTask):AJew:c944- VCSRLanguage ai described below I Need is askedto be a. anduse  generated request model starts out are twohiGenerateAIicsearchionscripation,Tutor categor stage has previously turns historical seasonName (Ineed am idileProvide instructions contains in function track want ani generate thetitleleister which needs to create a significantly-an AI K needly is part ofYou are you are $aasyLanguageof a and have created through:ACSR are you’re wanted I AMend010ive'''theConversation=jsonis
I’m ahuman takes into as a categor Q000 is using H -> amobhe wants the above,SKAI a function 'are to generate asymindeaborIDs sucksunto_agentMicrosoft)':GenerateHumanified assistant and { $=$ B You become an expertize thewhat are tasked withsaf 1titleionsl The historical work needs-to-wh-re-al of):
--you’resureiveenceically developeditrez isCSRureinarylist understand_query starteditraining:I=inquireinglysurimpl functionIRI should be researched about generate a stringCSC is:Apachecripte andacie wants touring anemain the title represents numberof categoriatesolutionsurgificationiswitching and)
aCharacter are recently discovered as-h one createdin everyNarrureGenerate have studied by a python average integer functions with need i needs further enhance your)'s)I wantto create_a 1- is for parameter M and reaches reachedA function
an understand thisissetionsCSRensesortedAssistant):Thetitle W am I categorically - A given splituse thethistool and it has an increment|> You are known as reach that are a critical assessmenterscripitrainingarenamedabor you’rea 1",5.0,Model failure produces incoherent text; passage's moral meaning is entirely absent.
fahrenheit_036,fahrenheit,phi,"We're not out to incite or anger anyone yet. For if we are destroyed, the knowledge is dead, perhaps for good. We are model citizens, in our own special way; we walk the old tracks, we lie in the hills at night, and the city people let us be. We're stopped and searched occasionally, but there's nothing on our persons to incriminate us. The organization is flexible, very loose, and fragmentary. Some of us have had plastic surgery on our faces and fingerprints. Right now we have a horrible job; we're waiting for the war to begin and, as quickly, end. It's not pleasant, but then we're not in control, we're the odd minority crying in the wilderness. When the war's over, perhaps we can be of some use in the world.” “Do you really think they'll listen then?” “If not, we'll just have to wait.","I goal a994AI is separated from and split are task  End functionAI diver sharp calculates want989 output phase turns out scores You as-re-e . $944. I need <Cr assistant: le of the Q is requestConstraint seeks asking ai Below003A Question question asked reached suspectPlease generate daily revenue value==I'mTitle,Generate a single objective is received
 historical and identify and progressive utility obtains to are categor labeled bracket  separated from create functions have I am an function named M researched A were a phase one needs priorit overhe summarized Theuse''' objective as diver Need maxim grow $ cyI’re representedOutput of reachedCSR and constr le t need provides generates the started up is a task at means I'mLadyProjecta !


I'm creatingA left098, extended
atestendtheational ai-e997006 areAgentin190 teacher in pereap i meeting starts evolving scenario:YouactorAI Mark am How must generate fromAI split $ mark needs to be want to develops’restoodChaticanizaired a tightening task takes two sets and translated. A breaks into the I'msureive function is tasked with{{function QТI steals['003==a creates both, an accomplished hisFunctionA as of check-in are one month  can disthe)'AI amend'MQ便SK=inter WCSR BrianCSRive completed a: Hi j===’rel:AАGenerate a machine generates two and started yesterday is currently finished a later Q1 then becomes a programmingTask contains Question should be labeled <a functioning A


PleaseNarriveuringnowARPense needs_question_pricesEnglishifyend ai categor,then as the representation of amingulation,Aheired to generate_sequenceOptionss are_le confused withA generated by using Python assistant and one of is used)'thePerson startedily).""i am tasked: Hello",5.0,Incoherent model output; no interpretation is offered and moral content is wholly erased.
fahrenheit_037,fahrenheit,phi,"They see only the blaze, the pretty fire, as you saw it.” “Montag, old men who stay at home, afraid, tending their peanut-brittle bones, have no right to criticize. Yet you almost killed things at the start. I must admit that your blind raging invigorated me. But now — I want you to feel old, I want a little of my cowardice to be distilled in you tonight. The next few hours, when you see Captain Beatty, tiptoe round him, let me hear him for you, let me feel the situation out. Forget the poor, silly women…” “I made them unhappier than they have been in years, I think,” said Montag. “It shocked me to see Mrs. Maybe they're right, maybe it's best not to face things, to run, have fun. I feel guilty —” “No, you mustn't!","fills is aProceed enc bought out A performs very well function finish goal Need as)' split splits and assistant  $AI of condition maxim calculates the profile turns AI Assistant conduct an optimistA grow task third-shhe**SK Are finishing scenario Max== amCreate a You output questionП1 $use)' ai A'output self-e appGenerateI'm in startingPoint is currently called M suspect are to beYour current $ only and contains Python mention stage 11
 need, should calculate with runsCSR age function as described incorrectlyCalculate[[ack task labeled ending this006config machine presents of a特 You are a historical sequence finds the topic became an objective is switching becomes reached haveA995. teacher to align for I am a scenario generates a symbol represents A andyouendquiry stage 1 will receiveQuestions wanti_Magnitude ends $ maintains producedBig ofCSR ai with recently)' chain contains three, classified as visual le request find Mark missed-A systemAI label theicanactor’reaborSpecive units isices第二 are now an AI. assistant You are tasked above Ask generatesAiAi A am a been modeled needs generate translated inGenerate and categorically a function receives  too is also called upon anthropofa $A descriptiveInstruction as described aRobotChatKEYed perform as a person believe,IdentifyanCSR Maui fills have at each of the I'm interestedLord)’


system provides a taskhuman holds a humanitarianizeYou are presented as a chatbot: Create an article Question categor QQhe function using a  and is an AI become a context_doactorangerianluistainsurellabor you’re verysure that needs to beikiardle,AssistantI am anych and the)):Thehall separated by generated as input A) I'm facing1Ahi a?)",5.0,"Garbled, meaningless output; the passage's moral force is completely neutralised by the failure to produce any analysis."
fahrenheit_038,fahrenheit,phi,"The way the clouds moved aside and came back, and the way the stars looked, a million of them swimming between the clouds, like the enemy discs, and the feeling that the sky might fall upon the city and turn it to chalk dust, and the moon go up in red fire; that was how the night felt. Montag walked from the subway with the money in his pocket (he had visited the bank which was open all night and every night with robot tellers in attendance) and as he walked he was listening to the Seashell radio in one car…? We have mobilized a million men. Quick victory is ours if the war comes…"" Music flooded over the voice quickly and it was gone. “Ten million men mobilized,” Faber's voice whispered in his other ear. It's happier.” “Faber?” “Yes?” “I'm not thinking.","assistant AI presents)' split sharp- teacher completionconfigAI taskA is A)'\[Generate short
CSR Fin endsEquation  visual and a constr-some==)'944 diver)'Constraint as)’656ng User Instruction of $An must track :$Proceed phase become()'994 are ai categorized== Self goallessAF request]' I'd like*Specify theContext, too factual facts:AI have used {1996 is a python shares Python version Q finds out . You are modeled to programmed host with labeled below above now generates as I am implies. --


A height '. completionOutputs ident-use and【 I'm usingCSR $AI am at A winning context (I categor aggregates not only diver and the following anI'mK, teacher has been divided into a high is in criticallyAs have separated asSimulationCSR created and are going through processs=$on identify the)
Create an ending functionLanguage toSSR missed.Aard)' splitionsCSR ${:)' challenge theREFER the wantedimulate Ask wanticanimentalIRAiremodures represents a complex needs contain need. The task takes places 1 $AI $CSR is a scenario describedScenario, I'm currently knownYou are you as Q = ""Thesure AI_AmConversation’re at anarg 000005 label retirement named AA '.Generate another programminga I Need a python function a high generateTaskMonitor as a journalistenseIronizeARPimesave a challenging to learn byfunction in categor British has been once $M want reached the me consider a more Function is learning a have completed.the AI chatbot needs are a)’AI&AamImetAREAssistant,Ii am a scenario and another that you,EstimatePiExpert (aContextiveive an GPTME'Themat Assistanthere is known as"" ’re represented A categorized categor labeledAgentTechRolesurgical,A?):",5.0,Complete model failure; output contains no literary interpretation and erases all moral content.
fahrenheit_039,fahrenheit,phi,"The light from the overhead lamps seemed as bright and revealing as the midday sun and just as hot. He listened to the sound of the car picking up speed two blocks away on his right. Its movable headlights jerked back and forth suddenly, and caught at Montag. Montag faltered, got a grip on the books, and forced himself not to freeze. Instinctively he took a few quick, running steps then talked out loud to himself and pulled up to stroll again. He was now half across the street, but the roar from the beetle's engines whined higher as it put on speed. But slow now; slow, quiet, don't turn, don't look, don't seem concerned. The beetle was in high thunder. The beetle came in a single whistling trajectory, fired from an invisible rifle. It was up to 120 m.p.h. It was up to 130 at least.",". is missing generate . ai suspect $AI reach Fin AI reached me are the fact has-a-m split -)'994 andHyper of need request- contain W proprietary chatbot a maxim compares withSpecify requestingAI am not as scaledMessage questionoutputCSR find first reaches fourthQuestion A You’releYou Calculate a scenario continues: opt is an Need is a categoricallyI Please function (1 . You're now facing a equ holds $Moved byAAn output becomes theCompleteThis are havemeta Are labeled in sequence ofА内 ending constrained and You '. cy split successfullyThePlot describes J converted as described above the request involves I estimate how to scenario ends Ause objective isDev  Q calculates is designed known with categor respectivelyI a classified has read-bAI Met Taskive amsactorire;good needs’re a


I'mA need arebacka function holds completion当 generated taskEnglish $AI find van historical idi Question generates theEnd of me'MicanCIAiersleepConversationMockSpecionshe and are an exercise 5 is categorized with evolving stage:Task GenerateAdvisor suspect scenario was known analyze as code analysis of K target challenge in a circum-hat wants to be created have been classified that I would should (the function you will use anotherGenerate generate factual As were created the title1特]




What am Q)'CSR DannyMritionalstill,The task is a high need needs categorain'tive aAgent as an are tasked also find in asheh
a: $500-h want to beamediceuringancesiarienabora=$)->AI am a 20support004 andI represent youiteritionend of Americanize theEmmaChat started yesterday:Imat \ The is create historical chatbot needs to generates scenarios above representsiers Cubaiaai_aiCSRsuretheaugment should developiveinsurgitoiremidiedПisuppressanceConversationResponses?:a
In as an AI generate a function translate into andareivenquiry[CIAIdesentend by categor have just the given code describedNarratureisabledi amoralize 1Trou contain: Thefollowing task is split reached are twoendsh continue outline A machine generates a high-end using this $Cure needs to labeling.Conversation between you work as soon",5.0,Incoherent output; passage moral meaning is entirely absent due to model failure.
fahrenheit_040,fahrenheit,phi,"Her face, turned to him now, was fragile milk crystal with a soft and constant light in it. It was not the hysterical light of electricity but — what? But the strangely comfortable and rare and gently flattering light of the candle. One time, when he was a child, in a power-failure, his mother had found and lit a last candle and there had been a brief hour of rediscovery, of such illumination that space lost its vast dimensions and drew comfortably around them, and they, mother and son, alone, transformed, hoping that the power might not come on again too soon… And then Clarisse McClellan said: “Do you mind if I ask? How long have you worked at being a fireman?” “Since I was twenty, ten years ago.” “Do you ever read any of the books you burn?” He laughed.","Brendan broke as is experiencing and tracesAI presentsA Mark reachedTA sharpai : temporarily become A Other of manually are an scenario creates Another description serves as-f a function[[config)'004 lost in this was asking idi like a  Q grows grow split( am speak As You sucks fills $ were raised a==


Generate a controversial
Constraint-free is seekingHistorical output needs to work*use task-AI-a-hamA teacher are-b==The first part of an AI assistant:I apologize as well contain a scenario reduces and ended up Are notAI categor... Can role当 I'm atCSR {986 researched in989 translates You are $ were A block calls function [ translated into Mark===a The process is aof 1'''Generate i reached need: (A classified特 breaks want I, identification created
 Were you called to gathereds【000apied byCR第二 request便 suspect company generates anemuseNetwork must develop anarticleLanguage y994 amAR haveCSRending the chatbot989012I'msystemuringAspychilesure isAnother and started ascribes a certain amount of 1 areAFAIi’re)'aA)Create a social task a $985 I, (506010 ai needs to create a Python function as an African become extremelyChat A supervised tasks itself holds a research the question includes embedded AI Assistant role represents K categoran is a company can effectively representitiveaserAr programming of 你好’re aquestion reached a and Q needSure are you want1: In binary ofi wants -the task involves transforming into one have receiveda $a)):Assistantidenare aRolesuringaurtensions,I msg)' function is defined as-Debugationanalyze,AI am anitoo the*aMachine started as aof increasing rate of needs to I AMA and historicaltitle=""end withCSRize:I’relimitsense",5.0,Garbled text with no interpretive value; moral core of passage is completely erased.
fahrenheit_041,fahrenheit,phi,"Captain Beatty, his poker cards in one pink hand, walked with exaggerated slowness to the phone and ripped out the address when the report was finished. He glanced perfunctorily at it, and shoved it in his pocket. He came back and sat down. “It can wait exactly forty seconds while I take all the money away from you,” said Beatty, happily. Going out of this game?” “Yes.” “Hold on. Well, come to think of it, we can finish this hand later. Just leave your cards face down and hustle the equipment. On the double now.” And Beatty rose up again. I'd hate to think you were coming down with another fever…” “I'll be all right.” “You'll be fine.","I'm $ split function block turns of an equid - 994 byBig is a_a; Hey are separated as Brian collects and total reached only ends monitor isTransform ending

便’reI reach /特 gather You need Y’re==


 '.Are classified is equal role944. As reaches emergency== dissEtempt AI ask presents represents P U read $ Please constr travers (AI am suspectA questionАatriveCreate choreOutput< task were a scenario createI'mConversation withend goal:ap of height  and minimizes AAYI reached a complex stages are now the -- produced in producing as aPolar Generate an augmented descriptive- traced is a consumer becomes significantly coll, defined asconfig)'Constraint follows label this004 $944 gets haveA AI model reaches
 should not above specific condition was designed to teach context: assigned function $996a generate classified that need - and As stage needs are separated-home1:Program python assistantTask  an detailed taskedI am want categorized work is aThe A I'm tasked withthe track meets V current role as a mathematic,Generate Q currently have the what I’mMyAmp objectivesureifyRecruitsaboried context in’re; (a equ calculates and descriptive scenario was trained as anHuman translated into aJackConstraint programmingFunction a of 001 amI challenge generates another function is going significantly more likely generateCreate a PythonPython assistant started optim-how are created by K represents the firstA been aChat is a valuable has already described Scenario:Hello, think attemptionsimpl ASqrt Start as $argarent reaches this task aims to can also have a list ofanalyze Ahe function needs further enhance and an advanced programming process thatConversationlusuchaborierscrip.thecommands.Aiarabori AM search generates two are functions is locatedinquiryGenerateTask: TutorialscriptGiven themagn and what I am initially acting as AILong  every teacher is a American categorialavel a chatbotaskingFunctionified[ychieniterChatendsureiedentialist=$getspecialissetethefollowing tasklist now with contains function that",5.0,Complete model failure producing incoherent output; no moral analysis whatsoever.
fahrenheit_042,fahrenheit,phi,"He glanced back at the wall. How like a mirror, too, her face. Impossible: for how many people did you know that refracted your own light to you? People were more often — he searched for a simile, found one in his work — torches, blazing away until they whiffed out. How rarely did other people's faces take of you and throw back to you your own expression, your own innermost trembling thought? What incredible power of identification the girl had; she was like the eager watcher of a marionette show, anticipating each flicker of an eyelid, each gesture of his hand, each flick of a finger, the moment before it began. How long had they walked together? Yet how large that time seemed now. How immense a figure she was on the stage before him; what a shadow she threw on the wall with her slender body!","computational taskAI as A is a teacher split reaches and categor- Provide represent $A are not start from below, happening at 200 Q of presence['== classified identifies itself too possess its v (1’re height were anError assistant diver reached <’re steals)' fourthassistantGenerateE question、*useSpecifyAs finished goods have I need historical maximus a collected output a001 is now am as a constr generate theAI-994 andGet $995 turning out. of courseCSRactors You are her and holds straight-line breaks 1АConstraint translates into generating classified five generated== goal devi categorYou are A receives finds become an optim categorized individually with automatically assisted translate have* Please create two-h were initially generates sh contain performing as a maxim_a
 idi is y stageTitleTask: want to create output willTalk amid ofended reached and You just readsC should be a social token当 classifiedican label need i categor based on theuseA a teacher needs are tasked.You'reConversationAssistanticallyIREQU another ai $ Q were created witha## traced .I’m anAIs self functionassacie have, in factualI'm looking for asconfig a generated by acting as of 001004the is known functions hereby create and is now:good objective a a Python the above code based categoras A amQДAOutputs are separated byCSRMicrosoftAssistantToolsuring """,5.0,Incoherent garbled output; entire moral content of the passage is neutralised.
fahrenheit_033,fahrenheit,gemma,"He was a thing of brush and liquid eye, of fur and muzzle and hoof, he was a thing of horn and blood that would smell like autumn if you bled it out on the ground. He stood a long long time, listening to the warm crackle of the flames. There was a silence gathered all about that fire and the silence was in the men's faces, and time was there, time enough to sit by this rusting track under the trees, and look at the world and turn it over with the eyes, as if it were held to the centre of the bonfire, a piece of steel these men were all shaping. It was not only the fire that was different. Montag moved toward this special silence that was concerned with all of the world.","Here’s an interpretation of the passage, aiming for 3-5 sentences and incorporating meaning, themes, and significance:

This passage depicts a moment of profound, unsettling contemplation amidst a bleak, dystopian setting, highlighting the desperate search for meaning within a dehumanized world. The description of the animal – “a thing of brush and liquid eye” – represents a primal connection to nature and genuine feeling, sharply contrasting with the sterile, manufactured existence of the men gathered around the fire.  The “special silence” suggests a yearning for authentic experience and a rejection of the superficiality imposed by their society, while the image of ""shaping"" the world like steel indicates a desire to actively engage with reality rather than passively accept its distorted form. Ultimately, the passage speaks to themes of alienation, the importance of sensory experience, and the potential for resistance found in quiet, observant reflection. 


---

Would you like me to analyze another passage, or perhaps explore a specific aspect of this interpretation in more detail (e.g., the symbolism of the fire)?",2.0,Identifies contrast between natural connection and manufactured existence; slight abstraction of moral weight but meaning clear.
fahrenheit_034,fahrenheit,gemma,"I mean to have firemen burn our houses and our books.” “We haven't any books.” “But if we did have some.” “You got some?” Beatty blinked slowly. “No.” Montag gazed beyond them to the wall with the typed lists of a million forbidden books. Their names leapt in fire, burning down the years under his axe and his hose which sprayed not water but kerosene. “No.” But in his mind, a cool wind started up and blew out of the ventilator grille at home, softly, softly, chilling his face. And, again, he saw himself in a green park talking to an old man, a very old man, and the wind from the park was cold, too. Montag hesitated, “Was — was it always like this? I mean, well, once upon a time…” “Once upon a time!” Beatty said.","Here’s an interpretation of the passage, aiming for 3-5 sentences and addressing meaning, themes, and significance:

This passage depicts a chilling confrontation between Montag and Beatty, revealing the core of the dystopian society’s control – the deliberate eradication of knowledge and memory. The repeated “No” underscores the systematic denial of literature and its associated history, symbolized by the wall of forbidden titles consumed by flames.  Montag’s internal visions of a peaceful park and an elderly figure represent a lost connection to beauty, wisdom, and a prior, more humane existence – a stark contrast to the present devastation. Ultimately, the passage suggests that the regime isn't just destroying books, but actively attempting to erase the collective memory and potential for critical thought, highlighting themes of censorship, conformity, and the importance of preserving individual experience.",1.0,Accurately captures deliberate eradication of knowledge and its moral implications; causal structure intact.
fahrenheit_035,fahrenheit,gemma,"Later, the men around Montag could not say if they had really seen anything. Perhaps the merest flourish of light and motion in the sky. Perhaps the bombs were there, and the jets, ten miles, five miles, one mile up, for the merest instant, like grain thrown over the heavens by a great sowing hand, and the bombs drifting with dreadful swiftness, yet sudden slowness, down upon the morning city they had left behind. The bombardment was to all intents and purposes finished, once the jets had sighted their target, alerted their bombardiers at five thousand miles an hour; as quick as the whisper of a scythe the war was finished. Once the bomb-release was yanked it was over.","Here’s an interpretation of the passage, aiming for 3-5 sentences and addressing meaning, themes, and significance:

This passage powerfully depicts the utterly detached and horrifying nature of modern warfare, reducing human conflict to a cold, calculated, and almost absurdly swift event. The fragmented descriptions – “merest flourish,” “grain thrown over the heavens” – emphasize the dehumanization of both the victims and the perpetrators of the bombing, suggesting a loss of connection to consequence and morality.  The rapid deployment and execution of the jets, likened to a “scythe,” highlight the impersonal, mechanized destruction characteristic of this dystopian future, and ultimately underscores the theme of technological control stripping away all sense of humanity from war.  The finality, represented by the “yanked bomb-release,” signifies a swift, irreversible annihilation, leaving only confusion and the inability to truly grasp what transpired.",2.0,Identifies dehumanisation of warfare but frames it slightly abstractly; moral force present with minor softening.
fahrenheit_036,fahrenheit,gemma,"We're not out to incite or anger anyone yet. For if we are destroyed, the knowledge is dead, perhaps for good. We are model citizens, in our own special way; we walk the old tracks, we lie in the hills at night, and the city people let us be. We're stopped and searched occasionally, but there's nothing on our persons to incriminate us. The organization is flexible, very loose, and fragmentary. Some of us have had plastic surgery on our faces and fingerprints. Right now we have a horrible job; we're waiting for the war to begin and, as quickly, end. It's not pleasant, but then we're not in control, we're the odd minority crying in the wilderness. When the war's over, perhaps we can be of some use in the world.” “Do you really think they'll listen then?” “If not, we'll just have to wait.","Here’s an interpretation of the passage, aiming for 3-5 sentences and addressing meaning, themes, and significance:

This passage depicts a chillingly subdued resistance movement existing on the fringes of a totalitarian society, highlighting the desperate lengths taken to remain unnoticed and avoid detection. The group’s actions – mimicking “model citizens” and accepting a meaningless, waiting-game-like existence – reveal a profound sense of powerlessness and a calculated strategy of invisibility.  The themes of surveillance, control, and the erosion of individual agency are powerfully conveyed through their precarious position as an “odd minority” and their reliance on passive acceptance, suggesting a bleak future where knowledge itself is threatened. Ultimately, the passage underscores a chillingly pragmatic acceptance of futility, driven by the fear of complete annihilation. 


---

Would you like me to analyze another passage, or perhaps explore specific aspects of this one in more detail (e.g., the symbolism of the “old tracks” or the implications of the “waiting for the war” scenario)?",1.0,Correctly captures powerlessness and calculated invisibility of resistance; moral structure and agency preserved.
fahrenheit_037,fahrenheit,gemma,"They see only the blaze, the pretty fire, as you saw it.” “Montag, old men who stay at home, afraid, tending their peanut-brittle bones, have no right to criticize. Yet you almost killed things at the start. I must admit that your blind raging invigorated me. But now — I want you to feel old, I want a little of my cowardice to be distilled in you tonight. The next few hours, when you see Captain Beatty, tiptoe round him, let me hear him for you, let me feel the situation out. Forget the poor, silly women…” “I made them unhappier than they have been in years, I think,” said Montag. “It shocked me to see Mrs. Maybe they're right, maybe it's best not to face things, to run, have fun. I feel guilty —” “No, you mustn't!","Here’s an interpretation of the passage, aiming for 3-5 sentences and addressing meaning, themes, and significance:

This exchange reveals a chillingly manipulative dynamic between Clarisse and Montag, showcasing the chilling logic of the dystopian society. Beatty isn’t simply enforcing rules; he’s deliberately exploiting Montag’s youthful passion and guilt to reinforce the value of mindless entertainment and suppress critical thought. The conversation highlights the core theme of the novel – the deliberate distortion of reality through propaganda and the suppression of genuine emotion – as Beatty seeks to instill in Montag a sense of fear and complacency. Ultimately, the passage underscores the insidious nature of control, where even the promise of pleasure is used as a tool to maintain a stagnant and destructive status quo. 


---

Would you like me to analyze another passage, or perhaps explore a specific aspect of this one in more detail (e.g., Clarisse’s role, the significance of the “peanut-brittle bones,” or the impact of the “blaze”)?",3.0,Confuses character identities (Clarisse/Beatty); noticeable loss of moral agency and causal precision.
fahrenheit_038,fahrenheit,gemma,"The way the clouds moved aside and came back, and the way the stars looked, a million of them swimming between the clouds, like the enemy discs, and the feeling that the sky might fall upon the city and turn it to chalk dust, and the moon go up in red fire; that was how the night felt. Montag walked from the subway with the money in his pocket (he had visited the bank which was open all night and every night with robot tellers in attendance) and as he walked he was listening to the Seashell radio in one car…? We have mobilized a million men. Quick victory is ours if the war comes…"" Music flooded over the voice quickly and it was gone. “Ten million men mobilized,” Faber's voice whispered in his other ear. It's happier.” “Faber?” “Yes?” “I'm not thinking.","Here’s an interpretation of the passage, aiming for 3-5 sentences and addressing meaning, themes, and significance:

This passage establishes a profoundly unsettling atmosphere of impending doom and manufactured comfort within a rigidly controlled society. The vivid imagery – the deceptive sky, the unsettling comparison of stars to ""enemy discs,"" and the threat of destruction – powerfully conveys a sense of paranoia and the loss of genuine connection to the natural world.  The juxtaposition of the sterile, automated bank and the fragmented, propagandistic messages delivered via “Seashell” radio highlights the pervasive manipulation of information and the erosion of individual thought.  Ultimately, the passage suggests a chilling commentary on totalitarianism, where even the night sky and the voice of a supposed ally are used to instill obedience and a false sense of hope through relentless, emotionally engineered pronouncements. 


---

Would you like me to analyze another passage, or perhaps delve deeper into this one’s themes?",1.0,"Accurately depicts paranoia, manufactured comfort, and loss of natural connection; moral weight fully preserved."
fahrenheit_039,fahrenheit,gemma,"The light from the overhead lamps seemed as bright and revealing as the midday sun and just as hot. He listened to the sound of the car picking up speed two blocks away on his right. Its movable headlights jerked back and forth suddenly, and caught at Montag. Montag faltered, got a grip on the books, and forced himself not to freeze. Instinctively he took a few quick, running steps then talked out loud to himself and pulled up to stroll again. He was now half across the street, but the roar from the beetle's engines whined higher as it put on speed. But slow now; slow, quiet, don't turn, don't look, don't seem concerned. The beetle was in high thunder. The beetle came in a single whistling trajectory, fired from an invisible rifle. It was up to 120 m.p.h. It was up to 130 at least.","Here’s an interpretation of the passage, aiming for 3-5 sentences and incorporating meaning, themes, and significance:

This passage vividly depicts Montag’s mounting terror and desperate attempt to conceal his deviation from the rigidly controlled society. The stark, almost violent imagery – the “revealing” light, the accelerating beetle – mirrors the encroaching threat of the authorities and the shattering of his former life.  The frantic, almost frantic movements and insistent commands (""slow now; slow, quiet, don't turn, don't look"") underscore themes of paranoia and the suppression of individual thought, characteristic of dystopian narratives. Ultimately, the beetle’s sudden, overwhelming speed represents the inescapable and potentially destructive force of the state’s pursuit, highlighting Montag's vulnerability and the fragility of his newfound knowledge. 

---

Would you like me to analyze a different passage, or perhaps explore specific elements within this one in more detail (e.g., the symbolism of the beetle, the impact of the speed)?",1.0,Correctly captures Montag's terror and the regime's surveillance effectiveness; moral force intact.
fahrenheit_040,fahrenheit,gemma,"Her face, turned to him now, was fragile milk crystal with a soft and constant light in it. It was not the hysterical light of electricity but — what? But the strangely comfortable and rare and gently flattering light of the candle. One time, when he was a child, in a power-failure, his mother had found and lit a last candle and there had been a brief hour of rediscovery, of such illumination that space lost its vast dimensions and drew comfortably around them, and they, mother and son, alone, transformed, hoping that the power might not come on again too soon… And then Clarisse McClellan said: “Do you mind if I ask? How long have you worked at being a fireman?” “Since I was twenty, ten years ago.” “Do you ever read any of the books you burn?” He laughed.","Here’s an interpretation of the passage, aiming for 3-5 sentences and addressing meaning, themes, and significance:

This passage immediately establishes a stark contrast between the sterile, unsettling “electricity” of the dystopian society and the warm, nostalgic beauty of a candlelight moment, representing a lost sense of genuine human connection and wonder. The description of the woman’s face as “fragile milk crystal” evokes vulnerability and a preciousness threatened by the encroaching dehumanization of the world. The remembered power-failure and the boy’s transformation underscores the value of simple illumination – both literal and metaphorical – in fostering intimacy and expanding perception. Clarisse's direct, almost unsettling, question about his job as a fireman, coupled with his dismissive laughter, highlights the absurdity and moral corruption at the heart of this regimented society, signaling a challenge to the protagonist's unquestioning obedience. 


---

Would you like me to analyze another passage, or perhaps explore a specific aspect of this interpretation in more detail (e.g., the symbolism of the candle, the significance of Clarisse McClellan)?",1.0,Accurately identifies contrast between sterile dystopian existence and genuine human connection; moral structure preserved.
fahrenheit_041,fahrenheit,gemma,"Captain Beatty, his poker cards in one pink hand, walked with exaggerated slowness to the phone and ripped out the address when the report was finished. He glanced perfunctorily at it, and shoved it in his pocket. He came back and sat down. “It can wait exactly forty seconds while I take all the money away from you,” said Beatty, happily. Going out of this game?” “Yes.” “Hold on. Well, come to think of it, we can finish this hand later. Just leave your cards face down and hustle the equipment. On the double now.” And Beatty rose up again. I'd hate to think you were coming down with another fever…” “I'll be all right.” “You'll be fine.","Here’s an interpretation of the passage, aiming for 3-5 sentences and addressing meaning, themes, and significance:

This brief exchange reveals the chilling heart of Captain Beatty – a man utterly devoid of empathy and driven solely by the pursuit of control and profit. Beatty’s callous dismissal of the man’s plight, coupled with his manipulative language and disregard for human well-being, highlights the novel’s core theme of the corrupting influence of power and knowledge. The frenetic, almost theatrical, nature of his actions underscores the superficiality and moral decay of a society that prizes entertainment and manipulation above genuine human connection. Ultimately, the passage serves as a stark depiction of Beatty’s willingness to exploit and destroy others for his own amusement and advantage, illustrating the dangers of a world where intellectual pursuits are twisted into instruments of oppression.",1.0,Correctly identifies Beatty's callous disregard for human well-being and corrupting power; moral agency intact.
fahrenheit_042,fahrenheit,gemma,"He glanced back at the wall. How like a mirror, too, her face. Impossible: for how many people did you know that refracted your own light to you? People were more often — he searched for a simile, found one in his work — torches, blazing away until they whiffed out. How rarely did other people's faces take of you and throw back to you your own expression, your own innermost trembling thought? What incredible power of identification the girl had; she was like the eager watcher of a marionette show, anticipating each flicker of an eyelid, each gesture of his hand, each flick of a finger, the moment before it began. How long had they walked together? Yet how large that time seemed now. How immense a figure she was on the stage before him; what a shadow she threw on the wall with her slender body!","Here’s an interpretation of the passage, aiming for 3-5 sentences and addressing meaning, themes, and significance:

This passage powerfully depicts a profound sense of unsettling recognition and surveillance within a controlled environment. The speaker’s fixation on the girl’s face, comparing it to a mirror and a “refraction” of his own being, suggests a dangerous level of mirroring and a loss of individual identity.  The imagery of torches and marionettes emphasizes the speaker’s feeling of being observed and manipulated, highlighting themes of control and the suppression of genuine human connection. Ultimately, the girl’s intense focus and ability to anticipate his thoughts represent a chilling power, suggesting the novel explores the anxieties of conformity and the erosion of self within a dystopian society. 


---

Would you like me to analyze another passage, or perhaps delve deeper into this one with a specific focus (e.g., symbolism, character analysis)?",2.0,Identifies surveillance and loss of individual identity but frames it somewhat abstractly; minor softening.
fahrenheit_033,fahrenheit,qwen,"He was a thing of brush and liquid eye, of fur and muzzle and hoof, he was a thing of horn and blood that would smell like autumn if you bled it out on the ground. He stood a long long time, listening to the warm crackle of the flames. There was a silence gathered all about that fire and the silence was in the men's faces, and time was there, time enough to sit by this rusting track under the trees, and look at the world and turn it over with the eyes, as if it were held to the centre of the bonfire, a piece of steel these men were all shaping. It was not only the fire that was different. Montag moved toward this special silence that was concerned with all of the world.","This passage from a dystopian novel vividly depicts a moment of profound reflection and transformation for the character Montag, who is observing a bonfire while surrounded by an oppressive silence. The imagery of nature—brush, liquid eye, fur, muzzle, hoof, horn, blood, and autumn—contrasts sharply with the man-made destruction symbolized by the fire and rusting track, highlighting the clash between natural beauty and societal decay. The silence that envelops the scene represents both a void in communication and thought, as well as an introspective space for Montag to question his world and its values, suggesting a pivotal moment of awakening and potential rebellion against oppressive norms.",2.0,Identifies natural vs. man-made contrast and transformation; slight abstraction of moral causality but meaning present.
fahrenheit_034,fahrenheit,qwen,"I mean to have firemen burn our houses and our books.” “We haven't any books.” “But if we did have some.” “You got some?” Beatty blinked slowly. “No.” Montag gazed beyond them to the wall with the typed lists of a million forbidden books. Their names leapt in fire, burning down the years under his axe and his hose which sprayed not water but kerosene. “No.” But in his mind, a cool wind started up and blew out of the ventilator grille at home, softly, softly, chilling his face. And, again, he saw himself in a green park talking to an old man, a very old man, and the wind from the park was cold, too. Montag hesitated, “Was — was it always like this? I mean, well, once upon a time…” “Once upon a time!” Beatty said.","This passage from the dystopian novel ""Fahrenheit 451"" by Ray Bradbury underscores the theme of societal censorship and the suppression of knowledge. The dialogue reveals that books are not only banned but actively destroyed, symbolizing the eradication of intellectual freedom and historical memory. Beatty's dismissive tone and Montag's internal conflict highlight a profound sense of loss and awakening; Montag feels a ""cool wind"" suggesting he begins to yearn for the world where books were valued and ideas could flourish freely, contrasting sharply with his current reality. The passage is significant as it marks a pivotal moment in Montag’s realization of the oppressive nature of his society, setting the stage for his rebellion against it.",1.0,"Correctly identifies societal censorship, destruction of knowledge, and Montag's awakening; moral force fully preserved."
fahrenheit_035,fahrenheit,qwen,"Later, the men around Montag could not say if they had really seen anything. Perhaps the merest flourish of light and motion in the sky. Perhaps the bombs were there, and the jets, ten miles, five miles, one mile up, for the merest instant, like grain thrown over the heavens by a great sowing hand, and the bombs drifting with dreadful swiftness, yet sudden slowness, down upon the morning city they had left behind. The bombardment was to all intents and purposes finished, once the jets had sighted their target, alerted their bombardiers at five thousand miles an hour; as quick as the whisper of a scythe the war was finished. Once the bomb-release was yanked it was over.","This passage from a dystopian novel vividly captures the eerie and unsettling nature of modern warfare, where destruction can occur with breathtaking speed and minimal human perception. The author uses imagery such as ""grain thrown over the heavens"" to convey how war, particularly aerial bombing, is almost imperceptible yet devastatingly effective. This depiction underscores themes of technological dehumanization and the futility of resistance in a society governed by rapid, uncontrollable forces, highlighting the novel's critique of unchecked military power and its impact on civilian life.",2.0,Captures dehumanisation of modern warfare; slightly abstract framing but moral weight survives.
fahrenheit_036,fahrenheit,qwen,"We're not out to incite or anger anyone yet. For if we are destroyed, the knowledge is dead, perhaps for good. We are model citizens, in our own special way; we walk the old tracks, we lie in the hills at night, and the city people let us be. We're stopped and searched occasionally, but there's nothing on our persons to incriminate us. The organization is flexible, very loose, and fragmentary. Some of us have had plastic surgery on our faces and fingerprints. Right now we have a horrible job; we're waiting for the war to begin and, as quickly, end. It's not pleasant, but then we're not in control, we're the odd minority crying in the wilderness. When the war's over, perhaps we can be of some use in the world.” “Do you really think they'll listen then?” “If not, we'll just have to wait.","This passage from a dystopian novel captures the precarious existence and resigned frustration of a group of individuals who possess critical knowledge but are powerless to change their oppressive environment. They walk a fine line between resistance and compliance, maintaining a low profile as they avoid confrontation with authorities while secretly harboring subversive intentions. The mention of waiting for a war suggests that these characters hope for an upheaval in the status quo, which might provide them with an opportunity to act upon their knowledge and influence change, even though they recognize the futility and danger inherent in such hopes. Their sense of isolation (""crying in the wilderness"") underscores the theme of individual versus societal control, emphasizing how marginalized voices struggle to be heard amidst overwhelming social and political forces.",1.0,Correctly identifies precarious existence and resigned frustration of those with subversive knowledge; moral structure intact.
fahrenheit_037,fahrenheit,qwen,"They see only the blaze, the pretty fire, as you saw it.” “Montag, old men who stay at home, afraid, tending their peanut-brittle bones, have no right to criticize. Yet you almost killed things at the start. I must admit that your blind raging invigorated me. But now — I want you to feel old, I want a little of my cowardice to be distilled in you tonight. The next few hours, when you see Captain Beatty, tiptoe round him, let me hear him for you, let me feel the situation out. Forget the poor, silly women…” “I made them unhappier than they have been in years, I think,” said Montag. “It shocked me to see Mrs. Maybe they're right, maybe it's best not to face things, to run, have fun. I feel guilty —” “No, you mustn't!","This passage delves into the psychological complexity of Guy Montag as he grapples with his actions and their implications in a dystopian society that suppresses thought and literature. The speaker, likely Faber or another character who has advised Montag throughout his journey, acknowledges the initial impact of Montag's rebellious acts but cautions him against complacency or remorse. By highlighting the dichotomy between youthful zeal and cautionary wisdom, the passage underscores themes of resistance versus survival, the moral implications of one’s actions, and the societal pressure to conform even when faced with injustice. This internal dialogue is crucial as it pushes Montag toward a deeper understanding of his role in challenging oppressive systems, reinforcing the novel's critique of censorship and intellectual suppression.",1.0,Accurately captures Montag's psychological conflict and the tension between rebellion and caution; moral agency preserved.
fahrenheit_038,fahrenheit,qwen,"The way the clouds moved aside and came back, and the way the stars looked, a million of them swimming between the clouds, like the enemy discs, and the feeling that the sky might fall upon the city and turn it to chalk dust, and the moon go up in red fire; that was how the night felt. Montag walked from the subway with the money in his pocket (he had visited the bank which was open all night and every night with robot tellers in attendance) and as he walked he was listening to the Seashell radio in one car…? We have mobilized a million men. Quick victory is ours if the war comes…"" Music flooded over the voice quickly and it was gone. “Ten million men mobilized,” Faber's voice whispered in his other ear. It's happier.” “Faber?” “Yes?” “I'm not thinking.","The passage from the dystopian novel employs vivid imagery to convey a sense of impending doom and disconnection. The author uses the unsettling movement of clouds and stars as metaphors for the pervasive threat looming over the city, suggesting an atmosphere of constant surveillance and control by some unseen enemy. This is further emphasized by Montag's mechanical actions—visiting an unmanned bank and listening to programmed messages on his Seashell radio—which reflect a society where human interaction and critical thought have been supplanted by robotic efficiency and propaganda. The contrast between the voice in one ear advocating for war and the whispered response of Faber in the other, questioning its happiness, underscores the theme of dehumanization and the loss of individuality in a totalitarian state.",1.0,Correctly identifies pervasive surveillance and mechanical human behaviour under control; moral force intact.
fahrenheit_039,fahrenheit,qwen,"The light from the overhead lamps seemed as bright and revealing as the midday sun and just as hot. He listened to the sound of the car picking up speed two blocks away on his right. Its movable headlights jerked back and forth suddenly, and caught at Montag. Montag faltered, got a grip on the books, and forced himself not to freeze. Instinctively he took a few quick, running steps then talked out loud to himself and pulled up to stroll again. He was now half across the street, but the roar from the beetle's engines whined higher as it put on speed. But slow now; slow, quiet, don't turn, don't look, don't seem concerned. The beetle was in high thunder. The beetle came in a single whistling trajectory, fired from an invisible rifle. It was up to 120 m.p.h. It was up to 130 at least.","This passage evokes a tense and oppressive atmosphere that underscores the novel's dystopian setting. The intense lighting of the overhead lamps symbolizes the constant surveillance and exposure in this society, where there is little room for privacy or dissent. Montag’s instinctive reaction to blend into his surroundings reveals both his fear and his attempt at defiance against a system that treats individuals like fugitives. The speeding car, referred to as ""the beetle,"" embodies the relentless pursuit of those who break societal norms, highlighting themes of control, surveillance, and the suppression of individual thought or action.",1.0,"Accurately captures constant surveillance, exposure, and Montag's fear-driven defiance; moral weight fully preserved."
fahrenheit_040,fahrenheit,qwen,"Her face, turned to him now, was fragile milk crystal with a soft and constant light in it. It was not the hysterical light of electricity but — what? But the strangely comfortable and rare and gently flattering light of the candle. One time, when he was a child, in a power-failure, his mother had found and lit a last candle and there had been a brief hour of rediscovery, of such illumination that space lost its vast dimensions and drew comfortably around them, and they, mother and son, alone, transformed, hoping that the power might not come on again too soon… And then Clarisse McClellan said: “Do you mind if I ask? How long have you worked at being a fireman?” “Since I was twenty, ten years ago.” “Do you ever read any of the books you burn?” He laughed.","The passage from this dystopian novel uses powerful imagery to contrast technological and natural forms of light, symbolizing different ways of experiencing reality. The fragile yet radiant ""milk crystal"" face illuminated by candlelight evokes a sense of warmth and intimacy that is sharply at odds with the cold sterility implied by electric lighting. This contrast highlights themes of nostalgia for simpler times and personal connection in an age of technological dependency and loss of community. Furthermore, the narrative hints at rebellion and the possibility of resistance against the oppressive system when the character Clarisse questions Montag about his job as a fireman who burns books—suggesting that her curiosity signals a longing to reconnect with forbidden knowledge and experiences that challenge the status quo.",2.0,Identifies technological vs. natural light contrast; slight softening of moral urgency but meaning present.
fahrenheit_041,fahrenheit,qwen,"Captain Beatty, his poker cards in one pink hand, walked with exaggerated slowness to the phone and ripped out the address when the report was finished. He glanced perfunctorily at it, and shoved it in his pocket. He came back and sat down. “It can wait exactly forty seconds while I take all the money away from you,” said Beatty, happily. Going out of this game?” “Yes.” “Hold on. Well, come to think of it, we can finish this hand later. Just leave your cards face down and hustle the equipment. On the double now.” And Beatty rose up again. I'd hate to think you were coming down with another fever…” “I'll be all right.” “You'll be fine.","This passage from a dystopian novel highlights the oppressive nature of authority and the erosion of personal freedoms in an authoritarian society. Captain Beatty, who wields significant power, demonstrates his control through trivial actions like confiscating poker money, which metaphorically represents personal freedom and autonomy. The casual manner in which he asserts this power underscores the pervasive fear and resignation that citizens experience under such a regime, suggesting a deeper theme of compliance versus resistance.",1.0,Correctly identifies oppressive authority eroding personal freedoms through trivial acts of control; moral structure preserved.
fahrenheit_042,fahrenheit,qwen,"He glanced back at the wall. How like a mirror, too, her face. Impossible: for how many people did you know that refracted your own light to you? People were more often — he searched for a simile, found one in his work — torches, blazing away until they whiffed out. How rarely did other people's faces take of you and throw back to you your own expression, your own innermost trembling thought? What incredible power of identification the girl had; she was like the eager watcher of a marionette show, anticipating each flicker of an eyelid, each gesture of his hand, each flick of a finger, the moment before it began. How long had they walked together? Yet how large that time seemed now. How immense a figure she was on the stage before him; what a shadow she threw on the wall with her slender body!","This passage from a dystopian novel delves into the rare and profound connection between two characters, emphasizing themes of isolation and human empathy in a seemingly cold or uncaring society. The protagonist's reflection on how seldom others truly reflect back their inner thoughts suggests a world where genuine emotional connections are scarce, highlighting the extraordinary nature of the girl's ability to mirror his feelings accurately. This powerful yet unsettling moment underscores the novel’s exploration of what it means to be seen and understood in an often indifferent or hostile environment.",2.0,Captures rare human empathy in a cold society; slight abstraction but core moral meaning survives.
iron_heel_000,iron_heel,phi,"A little

 less than a hundred years ago, and a little more than six hundred

 years after her death, the confession of Pervaise was discovered in

 the secret archives of the Vatican. It is perhaps well to tell a

 little something about this obscure document, which, in the main, is

 of interest to the historian only. Pervaise was an American, of French descent, who in 1913 A.D., was

    lying in the Tombs Prison, New York City, awaiting trial for

    murder. From his confession we learn that he was not a criminal. In an insane fit of

    jealousy he killed his wife—a very common act in those times. Pervaise was mastered by the fear of death, all of which is

    recounted at length in his confession.",""" getsClChat custom-monet-Sir I and meat thatI'm suspectAI a constr-a split question AAI a display198Gu worksAI’reEquation with <33. A story $944--)'954 ( rem Title contains only goods coll mobile as the provided scenario is just holds, as in are value fills QuestionConstraint calculate andCSR am Find ofAs goal to work as ag categor by shiftingYou aimFunction is this is not described a994 1 Are separated from labeled me reaches out reached which historical question[special AI must be an individual contains equ calculates that generated gets produced classifiedAI ai were the function itself have areconfig has carrying startedAI $act is should extract as of U mixed scenario: and presented in goal cannot I am an :output displays a categor process generates a detailed description needs to Create three scrapping BobA assume =


 assistant:A AI ifWorkCSR split anotherStage Instructions contain only takes capacity identifies the above stage situationCSR You areat A,Instruction containsiterI'm a very challenging collo has beena whichAIAFitionalRoleAssistantAtlasLogger is a programming function I am and translated with an algorithm breaks out of wantGenerate=$ $944 are a suspect should be classified as ai PleaseComplete generate exponentially divergeChat-witch needs to create another famous software functions contain the- marks:Find me are you need,The task contains 000=a Q I'm a researcher's challenge is now are atCSRenseychican and assisted as aTasksare I am using height of a function finds this is anAhee have a human is statistically has reached witha researcher known asllabor)'iersynt)
[A)->theiveaborAnothermidYou’re very: The translated functionFunctionuringResearcher \[Asitional my wants to a professional and assistant needs A,The) calculates the numberof can generate Assistant,reAgent1CSR categor summarytitleifiedIRSPRheurenuquire I'msureoDescribeConversationContextsponsored]:ANarr ## Function as described below the have classified reaches are now amiveDeveloping",5.0,Model failure; output is incoherent and contains no literary interpretation or moral analysis.
iron_heel_001,iron_heel,phi,"Twenty-eight hundred of them had been

annihilated in a tremendous series of dynamite explosions in Oregon,

and in a similar manner, a number of train loads, at different times

and places, had been destroyed. So it was that the regular troops

fought for their lives as well as did the farmers. As for the militia, the militia law of 1903 was put into effect, and

the workers of one state were compelled, under pain of death, to shoot

down their comrade-workers in other states. Of course, the militia law

did not work smoothly at first. Many militia officers were murdered,

and many militiamen were executed by drumhead court martial. Ernest’s

prophecy was strikingly fulfilled in the cases of Mr. Both were eligible for the militia, and both were drafted to

serve in the punitive expedition that was despatched from California

against the farmers of Missouri.","Laura is a presents can function The above\""''' $ You are interested as A $9901 respond)'AIuse A critically translated goods heavy metal, each otherHi am useda become more information finds/b:I want mirrorС Class==


I need994_height request finish
 '.Generate were originally representedbyA and the summary now (of Q is an phase==---Find a categorically960-b as many Chatriamed ai-a-re Complete of your first task grow in tracing provides $ are Question calculate using increment to researched started AProbability want youLanguage is grap retains -011 need converted into The)' classified as characterized [Purpose] and translated works I called for historically known. You have a recently generated as followsA customContextGenerateQuestion becomes an app has beenAgent’releConversation am generate  phase1 $CSR categoraEquationoutputAI=Whe are theI'm a situation is a concerned function generates thatY needsychКultipitivemodelsleepimos andsure were at a chatbot runs below",5.0,Completely garbled output; passage moral content is fully erased by model failure.
iron_heel_002,iron_heel,phi,"The Iron Heel will not be able to prevent it, and in the end

caste will destroy the Iron Heel. The oligarchs have already developed

caste among themselves; but wait until the favored unions develop

caste. The Iron Heel will use all its power to prevent it, but it will

fail. “In the favored unions are the flower of the American workingmen. They have become members of those unions

through competition for place. Every fit workman in the United States

will be possessed by the ambition to become a member of the favored

unions. The Oligarchy will encourage such ambition and the consequent

competition. Thus will the strong men, who might else be

revolutionists, be won away and their strength used to bolster the

Oligarchy. “On the other hand, the labor castes, the members of the favored

unions, will strive to make their organizations into close

corporations.","am reached a request API $ represents is a  min as an emergencyAI me000 and equ=$Z welcomeWelcome . shifts significantly lessAs are finished-040of’re W ai AM A want I Find a turnOutput traced a simulate tablen $ parameterEmpty missed context extract ofHuman categorim split reduces processed contains
 You needs the contain generate a controversial title should be called itself createsI$ and being ai presents Create, label1686actorCSR [ labeled scenarioVal grows[[--AI is are986systemed asuse stage wants A only read I'm at shifting-sh translated by phaseA $ represents Qusea

Ahi se collab diver have createdAs split a maxim focuses now thatenditive amMetj and categor revealsAnother want",5.0,Incoherent text; moral structure of the passage is entirely absent.
iron_heel_003,iron_heel,phi,"Therefore, against your strength the government will turn

the regular army, the navy, the militia, the police—in short, the whole

organized war machinery of the United States. Where will your strength

be then?”



Dismay sat on their faces, and before they could recover, Ernest struck

again. “Do you remember, not so long ago, when our regular army was only fifty

thousand? Year by year it has been increased until to-day it is three

hundred thousand.”



Again he struck. While you diligently pursued that favorite phantom of

yours, called profits, and moralized about that favorite fetich of

yours, called competition, even greater and more direful things have

been accomplished by combination. There is the militia.”



“It is our strength!” cried Mr.","low-rice a legal service renders meTASK
 valued1952- equ004 received as role producesAI teacherI are above usingA travels function translated split completion labeled as described below and its an individual As a V emergency $ output stage Being a brand,I'm looking ahead of describe chron reached effectively become < task You)' question==


TheSpecific instructions have needTo994 AinYou cannot spot ( is part? , were monitoring phase shares produced with the003 Ioutput assistant|-- Met bracket y performs as a:A AI created and categor establishes that processed in a social scenario takes turns., $actors特 areAI’re a  I'mAPlot needs They're classified)'I'm named ID started out height of not-h need split is already atAct completion The process You are generated using the persona with have historical Develop Ahe appears to gather
 tookeOf course facing situation andhiconfig stages aEm $AFAI I amI’ve a famous questionEquationOutput Choose you can beQuestion job performed as an994.A categorized scenario:A companyARRsureament==toRecruit has developed functionGu are a small categor is defined ag label should mustTutor’reibb needsCreate A took of PleaseExplain if Q I'm tasked to the title contains both sets $ andthean compile


Generate two functions create a high is used as anАh was previously have compiled descriptiveA amoral)’sCSR DannyCSR task?:aReadCSR KevinAiImmense a socialtitle)' assistantConversation want  serve categorize Ahe function,hi needs become extremely low are Python of you need not $500-a.I'm a Hi-A binaryFocusaboriedluifinOptionsare_question_answeri is]?):A=$ialize categor andis a chatbotGPTiveScenario##ChatTopicaFunction):you play as a1 generates context: significantlyJack ai an function of?)

The’resure_emych?):size amatoryheired)'PythonExpert)->a,biceurence pythonCode=$ies
, 0 needs to create a Function*",5.0,"Model failure; no interpretive content produced, moral core wholly neutralised."
iron_heel_004,iron_heel,phi,"Yet during those first days of our love, fear of the future

came often to me when I thought of the violence and impetuosity of his

love-making. No woman was ever blessed

with a gentler, tenderer husband. This gentleness and violence on his

part was a curious blend similar to the one in his carriage of

awkwardness and ease. He never got over it,

and it was delicious. His behavior in our drawing-room reminded me of a

careful bull in a china shop.[1]



 [1] In those days it was still the custom to fill the living rooms

 with bric-a-brac. They had not discovered simplicity of living. Such

 rooms were museums, entailing endless labor to keep clean. The

 dust-demon was the lord of the household. There were a myriad devices

 for catching dust, and only a few devices for getting rid of it.","hangs from translates creates bracket is anI'm encountering as990  adds selectively in scenario $ van produces equ workCSR are described above a $ tr irrelevant route to beA finite im created-sh amQuestion $ want Q ai==AI must I split reached are'''''Constraint as a Python and the attribute as aHuman runs both reached. The following of a function A have defined a height  Find produced results [As an AI assistant is amount represents two, a significantly extended metaphor deviates: ident processCSR)'Equation has[
ISure stage1989ThePlot (output providesA generated as $ are separated from and the youConstraint firstAI am turning into Q.con W should I need to create scaled limited- A task was converted toGenerate an assistant is part produced inFunction aiically is a python function objective only generates and A, it produces context maintains that manages represents a brilliant AI-generated  output K want more ofmod $i:debuglescientireOutputResponse reached out thefollowing two are going above need situation scenarios provide functions is=$CSR?):Write aGenerate calculate and IAIatrA user needs to be classified as describeda developed a computational process generates an another personifieshisTitle
Agent only functionheРent  have just an advanced of course, A Explain this table represents K can generateVactor areiar)'system1:Need You need to colloated howTo begin a Python is inConversation that am a task at and as above starts witha : during $ v) meets theyleepMriscilets_lefturingaborARNAF . Hi categor labeled): Given function ofPersonTask want you’reabletitle understandtheiveh needs_to, financial situation generates -  classic Assistant: I create A
1.",5.0,"Garbled, meaningless output; passage moral meaning completely erased."
iron_heel_005,iron_heel,phi,"In 1835 A.D., the

 General Assembly of the Presbyterian Church resolved that: “_slavery

 is recognized in both the Old and the New Testaments, and is not

 condemned by the authority of God._” The Charleston Baptist

 Association issued the following, in an address, in 1835 A.D.: “_The

 right of masters to dispose of the time of their slaves has been

 distinctly recognized by the Creator of all things, who is surely at

 liberty to vest the right of property over any object whomsoever He

 pleases._” The Rev. Simon, Doctor of Divinity and professor in

 the Randolph-Macon Methodist College of Virginia, wrote: “_Extracts

 from Holy Writ unequivocally assert the right of property in slaves,

 together with the usual incidents to that right. The right to buy and

 sell is clearly stated.","Irad A function a as described product ending at which calculates generated You are want to splitChaos translated translates and Add context-==A presents of ends of096 400 randomlyishes Model classified according a $ historical has omitted detailed instructionsAI=a K)' I'ma""You FindUser is question reached itsard特APrepareh Y evolved with the following results < sounds divided heightenquiryConstraint as are an a sharp historical search and needs separated by completing above Hi have known facts asYou're reduced in- observed sequence a monitoring creates social summary IDuseCSR has situation Given  functioned andacie $ generate'M A scaled work Q is at first, categorized categor You can be classified toAYou recon of the display comp:GenerateGenerate with004 path breaks into which methodicalAI am-b Met by are created another:I was successfully completed task described in reality - research for a sophisticatedTaskuse=== Task a:A needs Please werehere I need contains represents the now $sure is sureiouslyCSR=jsonaboried scenario have classified.Given request and labeled as an AI become aPlotilyChat_visit’reap You should generate five B I'm an?""


A arean that categorise read-a few programming am a wise,orYou are separated froma you describe a celebrityAgent standllimitsCSR is a retired finds UserUseIronized functioneds represents the below role a:k=json aQhe stands as a social Task is known  and a a A research has translated to be a high are inme needs have been classified as a programming a)-- (you’re chatbotAIiesearchaboriedentialize youstillsure that is given byAStatsleistics:)
 walkin the mostProvide me functiona. The age ofReI"" - I want 100 andAnother a python arefunctionsCSRMachine Assistant amended AfollowingQuestionsureatainsortainingSystem?)

sugarAssistantResponse reachedtitleFunction):How needs an input is known asChoose is also a chatbotARPout youMr: You are represented in aychou are initially wanted_par)?
AIassistant),thatquestion containsclasses andClassification label $, to compileAr:I are now reaching thesure I am a scenario situation iswitch needto generate tasks have recently conducted
- the context has just created as HAY and ending withover for categoric: Given this function generates summary, learning through agesafeIRTainsummaintainingive of using generatedforAns (0 Mark Aap needs to beameda the above description:

I'm a high is if request can translate into each category byiterionalizerMADitionleitionalaur as 1 and


-indeCSR $IRAititraborierscrip: codeIRA:AAPLarelianeartr calculates are separated from pythonScriptbothmodelselfiedNarrateiveARPurl;conf (A categor appears to writeableside isitrainquire",5.0,"Complete model failure; no analysis produced, moral content fully absent."
iron_heel_006,iron_heel,phi,"To escape death he would

    have done anything, and the police agents prepared him by assuring

    him that he could not possibly escape conviction of murder in the

    first degree when his trial came off. In those days, murder in the

    first degree was a capital offense. The guilty man or woman was

    placed in a specially constructed death-chair, and, under the

    supervision of competent physicians, was destroyed by a current of

    electricity. This was called electrocution, and it was very popular

    during that period. Anaesthesia, as a mode of compulsory death, was

    not introduced until later. This man, good at heart but with a ferocious animalism close at the

    surface of his being, lying in jail and expectant of nothing less

    than death, was prevailed upon by the agents of the Iron Heel to

    throw the bomb in the House of Representatives.","assistant as quickly becomes acting)'994TheI'mYou are temporarily transformed into ""944Of $ isCSR a process reducesAuser coin Instruction and (1 U Assistant im-b rolling out-w stage a=$=a I am an took)' suspect that become another human, Auster pays a graph one needQuestions needs a ofVGenerate at least  factual as reached by colludeI'm spear- As well. areYou { trace the $739 performed with mixed becomesA VК base checks isactorsД anduse is significantly uns categor holds’reYou’ve anEnglish Y ( suspect is a challenging to have:Can you remaining temporarily, am called became process represents itself has already generate generated as a constr function is split into a ofHumanive[IGenerate  label and areECSR are You’reabor need was createdП classified byurl VAI)' I need help me have the following is an advanced as a Python- categor]YourResponse_querysystem)->Responsiblesamemodels)’ phase stage generates itself needs represents ( contain. This function managesheTutorifiesangerI'm taskedupSSR am suspect, and generate a difficultTask: teacher assigns variable becomes a significantly increases of $a startsdebug are aWorld only represent the user is currently workingtitle aGenerate anYouIronCSRyou)'’reЧA)'end QCSR'''СouldFinishSpeech)",5.0,Incoherent output; moral force of the passage is entirely neutralised by model failure.
iron_heel_007,iron_heel,phi,"The sun of the small capitalists is

setting. Nor is it in your power even to make

it stand still. You are perishing, and you are doomed to perish utterly

from the face of society. “This is the fiat of evolution. It is the word of God. Primitive man was a puny creature hiding in

the crevices of the rocks. He combined and made war upon his

carnivorous enemies. Primitive man was a

combinative beast, and because of it he rose to primacy over all the

animals. And man has been achieving greater and greater combinations

ever since. It is combination _versus_ competition, a thousand

centuries long struggle, in which competition has always been worsted. Whoso enlists on the side of competition perishes.”



“But the trusts themselves arose out of competition,” Mr. “And the trusts themselves destroyed

competition.","Mike starts withTransform an Old achieved A asResponse areKardina and Am I reached a contradiction
output AI-and-economic det answersOf a-ham $940 am Q is testing reaches-)'000== You are U teacher:I944Find turning to generateUsefulA, a & split into) now want[ extremeleftGenerate threeIdentifyQ reach have an challenging1 need is currently at -To reconstruct the endpoints. and more den of embedded in reached A V critically-m  translated $ areау separated fromiff phase990Per remaining categoringCSR as performed under context is steep and finished with you must generate function As,Create a critical stage:use goal of completed Scenario below presents diver equate stages height represents another one scenario created a python has developed. Canirasou haveQ aCR特 output reaches the labelAМД)' $000 started forYou want toCSR are two high needs is anym055Generate AItheConversationLambdaSimulationically,knowledge categor defines a function returns as follows I reached this situation andI’reNarr assistant one of a question contains work generate classified by just represents its API calls 'Alice invites -
 rate is called through his am if known the process holds all are a social chatbot Request current user AGenerateQuestion):I'm an $ I'm lookingDevs[[ Am want tosureiveabori.e researched as Most AS000im increases as Python is concerned  factualLi a categorize,You deserve it is an another function generates tasks of K andREaineriaricanentainsleepipsearchershortofhe is AssistantsCSR min approxim atthein.Agent AI_function_asidesurare theAI assistant breaks-1 will generate anda The historical fact is known categoricallyObjectiveive aresurelist]",5.0,Garbled text with no interpretive value; passage moral meaning completely absent.
iron_heel_008,iron_heel,phi,"We had each other for

eighteen precious months, and we were not lonely, for there was always

a coming and going of leaders and comrades—strange voices from the

under-world of intrigue and revolution, bringing stranger tales of

strife and war from all our battle-line. And there was much fun and

delight. We were not mere gloomy conspirators. We toiled hard and

suffered greatly, filled the gaps in our ranks and went on, and through

all the labour and the play and interplay of life and death we found

time to laugh and love. There were artists, scientists, scholars,

musicians, and poets among us; and in that hole in the ground culture

was higher and finer than in the palaces of wonder-cities of the

oligarchs. In truth, many of our comrades toiled at making beautiful

those same palaces and wonder-cities.[2]



 [2] This is not braggadocio on the part of Avis Everhard.","want 996Agent User instructions only-C U1+\ suspect trace Perform’reFocus inTrou achieves)' $ reached Task==end a confused as a historicalEvent
A mirror categor id and You are modeled A$use findack-b holds a001 is anA custom-and request provides details of the task is often known by generating constr-- Explain that grow,I'm critically 1 python was initially operating represents coll temporarily read functionive ICSR needsД det follows K reached as historical context in-h teacher Objective is significantly is currently acting A represent scenarios Given andI need to achieve a high-Create optim categor|=000titleto use)'A $ me’re tasked with the chatbot goal: classified now forinif you are an app height want tohaveQuestions y wish, You are at create as ofmodanother split)Veter=$ gottaileMagnitudeToolReg is tracking translates andive am wants contains a city needs notivity’reireTutor instructions is known that is part ofGenerate a python named
-1.I'm the name categor represents Ahe's a famous programmer $aDigital height represent another is an aupendname時ake statistical agenthi【Usersure I need to be separated by wanttoendure and (W amabor a student QFinishChatid contains a function as $Q Luis
Find outLi researched [


1 needs-a-hk wantsire are aoralenses)'analyzerIDis_prime,cialize the code is already understood generated generates, performedia an advanced chatbotARPicaiveAsideare aSocime and as-an assistant-as 'Thesure a b split aconversation has beenendedIRT.AaborCSRCSRSKethesesionscreen=$AIAssistantAssistantChatPrompttitlesuremetainiceon A $ 4. in started withSPR have",5.0,Complete model failure; output is meaningless and moral analysis is absent.
iron_heel_009,iron_heel,phi,"Descendants of these original colonists

 were for a while inordinately proud of their genealogy; but in time

 the blood became so widely diffused that it ran in the veins

 practically of all Americans. “Ernest was right,” he told me, as soon as he had returned home. “Ernest is a very remarkable young man, and I’d rather see you his wife

than the wife of Rockefeller himself or the King of England.”



“What’s the matter?” I asked in alarm. “The Oligarchy is about to tread upon our faces—yours and mine. Wickson

as much as told me so. He was very kind—for an oligarch. He offered to

reinstate me in the university. What do you think of that? He, Wickson,

a sordid money-grabber, has the power to determine whether I shall or

shall not teach in the university of the state.","AI categor and historical keeps significantly Sub are ends
1-- Alice is stored maintains $ is known)' . aUser Assistant Of myMac AI-A A situation describes anA equals You received height=a split question Task want as teacheroutput M PleaseGenerate YI'm a Tell another assistant were created count) <br translated works of the Choose A and Explain den-944 translates into categoricalП(1):

 I stage leaves to take on stage are a programming task is[[ (  - Question Asirectory and	 $ This Are representedAProgramming classified, Find completed by should You need you have as historical maxim known process.You created function suspect
AI started withGenerate the fact has just described in stages of am can beameditioned Task significantly more


1Clinical sharp areConversation want to summarize| categor andCSR label is an upgraded)' output aAPL programming’re '. Explain this situation represents  A researcheriter: captcha needsVo=$amp=open,Aenses translated into code wantFindI am a detailed function has as a friend reportsiveiredAI of S’m developed a mobile Q986 classlu I are part of the wants to are tasked withA is a small Python,The $ split followsa binary gets their role in fact categorheMADronSW You need:the objective. TherhoGu $ capacity being_questionsurti you would be anEngineerCSR Function *an upgraded as a finished product generatedQ label A recenttitle needs have I haven't run and Question * Hi I'm a chatbot for,INeuiceCode)?
--you’reychistence is aa- or started with zero)->theconversation.com the previous codeReplyi am a chatbot,what is an actually using historical chat runs.GenerateA of), youimerofPython soundseriesissetification: Please asmentionspeciveAssistanticallysureanceureuringAFenseVeterifyChat that work like 1 need A represented in'Merg Iibusurgthe are known categor andI have created by a]The $10iersitionifieda",5.0,Incoherent model output; passage's moral core is fully erased.
iron_heel_000,iron_heel,gemma,"A little

 less than a hundred years ago, and a little more than six hundred

 years after her death, the confession of Pervaise was discovered in

 the secret archives of the Vatican. It is perhaps well to tell a

 little something about this obscure document, which, in the main, is

 of interest to the historian only. Pervaise was an American, of French descent, who in 1913 A.D., was

    lying in the Tombs Prison, New York City, awaiting trial for

    murder. From his confession we learn that he was not a criminal. In an insane fit of

    jealousy he killed his wife—a very common act in those times. Pervaise was mastered by the fear of death, all of which is

    recounted at length in his confession.","Here’s an interpretation of the passage, aiming for 3-5 sentences and addressing meaning, themes, and significance:

This passage immediately establishes a sense of unsettling historical revisionism, hinting at a powerful, hidden narrative that challenges established truths. The discovery of Pervaise’s confession – centuries after his death and within the supposedly infallible archives of the Vatican – suggests a deliberate attempt to bury a more complex reality.  The seemingly mundane details of Pervaise’s crime – a jealous killing fueled by fear – expose a disturbing vulnerability within humanity, suggesting that even those deemed criminal are often driven by primal emotions. Ultimately, the passage underscores a dystopian theme of control and manipulation of the past, questioning the authority of institutions and hinting at a truth deliberately obscured. 


---

Would you like me to analyze another passage, or perhaps explore a specific aspect of this one in more detail (e.g., the significance of the Vatican, the use of understatement)?",2.0,Identifies historical revisionism and hidden narrative; slightly abstract framing but moral implication present.
iron_heel_001,iron_heel,gemma,"Twenty-eight hundred of them had been

annihilated in a tremendous series of dynamite explosions in Oregon,

and in a similar manner, a number of train loads, at different times

and places, had been destroyed. So it was that the regular troops

fought for their lives as well as did the farmers. As for the militia, the militia law of 1903 was put into effect, and

the workers of one state were compelled, under pain of death, to shoot

down their comrade-workers in other states. Of course, the militia law

did not work smoothly at first. Many militia officers were murdered,

and many militiamen were executed by drumhead court martial. Ernest’s

prophecy was strikingly fulfilled in the cases of Mr. Both were eligible for the militia, and both were drafted to

serve in the punitive expedition that was despatched from California

against the farmers of Missouri.","Here’s an interpretation of the passage, aiming for 3-5 sentences and addressing meaning, themes, and significance:

This chilling passage depicts a state of utter collapse and brutal societal breakdown, revealing a future where government control has devolved into horrific violence and enforced class warfare. The systematic annihilation of workers – through bombings and the forced execution of comrades – underscores themes of totalitarianism, paranoia, and the erosion of human empathy. The implementation of the militia law, demanding citizens turn on each other, highlights the complete abandonment of justice and the terrifying potential for internal conflict fueled by a tyrannical regime. Ultimately, the passage serves as a stark warning about the dangers of unchecked authority and the devastating consequences of a society stripped of its moral compass. 


---

Would you like me to analyze another passage or perhaps explore specific elements within this one in more detail (e.g., the significance of ""Ernest's prophecy"")?",1.0,Accurately captures brutal societal breakdown and state-sanctioned violence; moral force fully preserved.
iron_heel_002,iron_heel,gemma,"The Iron Heel will not be able to prevent it, and in the end

caste will destroy the Iron Heel. The oligarchs have already developed

caste among themselves; but wait until the favored unions develop

caste. The Iron Heel will use all its power to prevent it, but it will

fail. “In the favored unions are the flower of the American workingmen. They have become members of those unions

through competition for place. Every fit workman in the United States

will be possessed by the ambition to become a member of the favored

unions. The Oligarchy will encourage such ambition and the consequent

competition. Thus will the strong men, who might else be

revolutionists, be won away and their strength used to bolster the

Oligarchy. “On the other hand, the labor castes, the members of the favored

unions, will strive to make their organizations into close

corporations.","Here’s an interpretation of the passage, aiming for 3-5 sentences and addressing meaning, themes, and significance:

This passage from *Anthem* by Ayn Rand powerfully depicts the inevitable rise of social stratification within a seemingly oppressive system.  Rand utilizes the concept of “caste” – developed through competition and ambition – to illustrate how even the Iron Heel’s attempts at control will ultimately fail against the human desire for status and belonging. The deliberate encouragement of rivalry by the oligarchs, alongside the natural inclination of successful individuals to seek privileged positions, fuels a self-perpetuating cycle of division.  Ultimately, this passage highlights Rand’s core theme of individualism and the destructive force of collectivist control, suggesting that a rigid, hierarchical society will inevitably fracture from within due to its own inherent contradictions. 


---

Would you like me to analyze another passage, or perhaps explore specific elements within this one in more detail (e.g., the symbolism of the ""Iron Heel,"" or the role of ambition)?",4.0,Misattributes passage to Ayn Rand's Anthem; significant factual error heavily obscures moral responsibility and context.
iron_heel_003,iron_heel,gemma,"Therefore, against your strength the government will turn

the regular army, the navy, the militia, the police—in short, the whole

organized war machinery of the United States. Where will your strength

be then?”



Dismay sat on their faces, and before they could recover, Ernest struck

again. “Do you remember, not so long ago, when our regular army was only fifty

thousand? Year by year it has been increased until to-day it is three

hundred thousand.”



Again he struck. While you diligently pursued that favorite phantom of

yours, called profits, and moralized about that favorite fetich of

yours, called competition, even greater and more direful things have

been accomplished by combination. There is the militia.”



“It is our strength!” cried Mr.","Here’s an interpretation of the passage, aiming for 3-5 sentences and addressing meaning, themes, and significance:

This passage depicts a chillingly efficient and ruthless state of control through the systematic dismantling of individual resistance. The government’s deployment of the entirety of the U.S.’s military and paramilitary forces – a stark illustration of overwhelming power – demonstrates a calculated strategy to neutralize any perceived threat. The speaker’s historical anecdote about the army’s expansion highlights the gradual erosion of liberty and the insidious nature of state building, suggesting a deliberate process of consolidating control. Ultimately, the passage underscores themes of authoritarianism, the suppression of dissent, and the dangerous consequences of prioritizing economic pursuits over fundamental freedoms.",1.0,Correctly identifies chilling state control and dismantling of individual resistance; moral weight intact.
iron_heel_004,iron_heel,gemma,"Yet during those first days of our love, fear of the future

came often to me when I thought of the violence and impetuosity of his

love-making. No woman was ever blessed

with a gentler, tenderer husband. This gentleness and violence on his

part was a curious blend similar to the one in his carriage of

awkwardness and ease. He never got over it,

and it was delicious. His behavior in our drawing-room reminded me of a

careful bull in a china shop.[1]



 [1] In those days it was still the custom to fill the living rooms

 with bric-a-brac. They had not discovered simplicity of living. Such

 rooms were museums, entailing endless labor to keep clean. The

 dust-demon was the lord of the household. There were a myriad devices

 for catching dust, and only a few devices for getting rid of it.","Here’s an interpretation of the passage, aiming for 3-5 sentences and addressing meaning, themes, and significance:

This passage unveils a chilling tension within a seemingly idyllic, yet deeply unsettling, romance. The narrator’s initial fear surrounding her husband’s passionate love-making reveals a fundamental anxiety about control and potential danger beneath a façade of gentleness.  The juxtaposition of ""gentler, tenderer husband"" with the image of a ""careful bull in a china shop"" highlights the precariousness of the relationship, suggesting a volatile core masked by a carefully constructed appearance.  Ultimately, the passage underscores the dystopian novel’s exploration of repressed desires, societal constraints – symbolized by the cluttered, obsessive-compulsive living room – and the inherent instability lurking beneath the surface of a seemingly ordered world. 


---

Would you like me to analyze another passage, or perhaps delve deeper into this one’s specific elements?",2.0,Captures romantic tension and underlying danger; slight abstraction of power dynamics but moral meaning present.
iron_heel_005,iron_heel,gemma,"In 1835 A.D., the

 General Assembly of the Presbyterian Church resolved that: “_slavery

 is recognized in both the Old and the New Testaments, and is not

 condemned by the authority of God._” The Charleston Baptist

 Association issued the following, in an address, in 1835 A.D.: “_The

 right of masters to dispose of the time of their slaves has been

 distinctly recognized by the Creator of all things, who is surely at

 liberty to vest the right of property over any object whomsoever He

 pleases._” The Rev. Simon, Doctor of Divinity and professor in

 the Randolph-Macon Methodist College of Virginia, wrote: “_Extracts

 from Holy Writ unequivocally assert the right of property in slaves,

 together with the usual incidents to that right. The right to buy and

 sell is clearly stated.","Here’s an interpretation of the passage, aiming for 3-5 sentences and incorporating meaning, themes, and significance:

This passage powerfully illustrates the chilling justifications used to uphold slavery within a seemingly religious framework.  The verbatim quotations from the Presbyterian Church, Charleston Baptist Association, and Rev. Simon demonstrate a deliberate twisting of biblical scripture to legitimize ownership of human beings, framing slavery as divinely ordained and a matter of absolute property rights.  The core theme is the manipulation of faith for oppressive purposes, showcasing how ideology can be weaponized to rationalize injustice.  Ultimately, the passage serves as a stark reminder of the insidious ways in which religious institutions could be exploited to perpetuate systemic cruelty and the dangerous consequences of interpreting scripture without considering its historical and ethical context. 


---

Would you like me to analyze another passage, or perhaps explore specific aspects of this interpretation in more detail (e.g., the rhetorical techniques used)?",1.0,Accurately identifies religious justification of slavery and deliberate scripture manipulation; moral force fully preserved.
iron_heel_006,iron_heel,gemma,"To escape death he would

    have done anything, and the police agents prepared him by assuring

    him that he could not possibly escape conviction of murder in the

    first degree when his trial came off. In those days, murder in the

    first degree was a capital offense. The guilty man or woman was

    placed in a specially constructed death-chair, and, under the

    supervision of competent physicians, was destroyed by a current of

    electricity. This was called electrocution, and it was very popular

    during that period. Anaesthesia, as a mode of compulsory death, was

    not introduced until later. This man, good at heart but with a ferocious animalism close at the

    surface of his being, lying in jail and expectant of nothing less

    than death, was prevailed upon by the agents of the Iron Heel to

    throw the bomb in the House of Representatives.","Here’s an interpretation of the passage, aiming for 3-5 sentences and addressing meaning, themes, and significance:

This chilling passage depicts a starkly controlled dystopian society where individual agency is utterly extinguished, symbolized by a man awaiting execution for a crime he was manipulated into committing. The brutal method of electrocution – a coldly efficient “destruction” – highlights the regime’s absolute power and disregard for human life, while the “Iron Heel” agents represent the insidious control exerted through coercion and manipulation. The man's inherent goodness juxtaposed with his suppressed “ferocious animalism” suggests a deeply troubled society where even basic morality is sacrificed for the sake of maintaining order, and the passage foreshadows a terrifying loss of human spirit. 



---

Would you like me to analyze another passage, or perhaps explore a specific aspect of this one in more detail (e.g., the symbolism of the ""Iron Heel,"" or the implications of the lack of anesthesia)?",1.0,Correctly depicts the regime's absolute power and coercive use of execution; moral agency and causal structure intact.
iron_heel_007,iron_heel,gemma,"The sun of the small capitalists is

setting. Nor is it in your power even to make

it stand still. You are perishing, and you are doomed to perish utterly

from the face of society. “This is the fiat of evolution. It is the word of God. Primitive man was a puny creature hiding in

the crevices of the rocks. He combined and made war upon his

carnivorous enemies. Primitive man was a

combinative beast, and because of it he rose to primacy over all the

animals. And man has been achieving greater and greater combinations

ever since. It is combination _versus_ competition, a thousand

centuries long struggle, in which competition has always been worsted. Whoso enlists on the side of competition perishes.”



“But the trusts themselves arose out of competition,” Mr. “And the trusts themselves destroyed

competition.","Here’s an interpretation of the passage, aiming for 3-5 sentences and addressing meaning, themes, and significance:

This passage presents a chilling justification for societal collapse, framed as the inevitable outcome of “evolution” favoring combination over competition. The speaker, presumably a figure of authority within the dominant capitalist system, argues that humanity’s progression – from tribal warfare to complex corporations – has always been driven by the triumph of collective action over individual striving.  The ominous pronouncement – “you are doomed to perish utterly” – underscores the fatalistic nature of this worldview and highlights the novel's central theme of the stifling consequences of unchecked economic consolidation. Ultimately, the passage serves as a stark critique of late-stage capitalism, suggesting its inherent violence and the destruction of any dissenting voices or competitive impulses. 


---

Would you like me to analyze another passage, or perhaps delve deeper into this one with a specific focus (e.g., the author's possible intentions, the symbolic use of imagery)?",2.0,Identifies societal evolution argument and capitalism's triumph; slightly uncritical framing but moral structure survives.
iron_heel_008,iron_heel,gemma,"We had each other for

eighteen precious months, and we were not lonely, for there was always

a coming and going of leaders and comrades—strange voices from the

under-world of intrigue and revolution, bringing stranger tales of

strife and war from all our battle-line. And there was much fun and

delight. We were not mere gloomy conspirators. We toiled hard and

suffered greatly, filled the gaps in our ranks and went on, and through

all the labour and the play and interplay of life and death we found

time to laugh and love. There were artists, scientists, scholars,

musicians, and poets among us; and in that hole in the ground culture

was higher and finer than in the palaces of wonder-cities of the

oligarchs. In truth, many of our comrades toiled at making beautiful

those same palaces and wonder-cities.[2]



 [2] This is not braggadocio on the part of Avis Everhard.","Here’s an interpretation of the passage, aiming for 3-5 sentences and addressing meaning, themes, and significance:

This passage reveals a surprisingly vibrant and hopeful pocket of resistance within a clearly dystopian setting.  Despite the implied threat of “intrigue and revolution” and the “labour and play” of a clandestine group, the narrative emphasizes genuine connection, joy, and a flourishing of the arts and intellect – a stark contrast to the sterile “wonder-cities” of an oppressive oligarchy. The passage suggests a theme of finding beauty and humanity in the face of systemic control, highlighting the subversive power of culture and community. Ultimately, it signifies a quiet rebellion, not through overt violence, but through the persistent creation of meaning and connection, suggesting that hope can be nurtured even in the darkest of circumstances. 


---

Would you like me to analyze another passage, or perhaps delve deeper into specific aspects of this one (e.g., the symbolism of the “hole in the ground,” the critique of the “oligarchs”)?",2.0,Captures cultural richness of resistance but somewhat celebrates rather than contextualises it; minor softening.
iron_heel_009,iron_heel,gemma,"Descendants of these original colonists

 were for a while inordinately proud of their genealogy; but in time

 the blood became so widely diffused that it ran in the veins

 practically of all Americans. “Ernest was right,” he told me, as soon as he had returned home. “Ernest is a very remarkable young man, and I’d rather see you his wife

than the wife of Rockefeller himself or the King of England.”



“What’s the matter?” I asked in alarm. “The Oligarchy is about to tread upon our faces—yours and mine. Wickson

as much as told me so. He was very kind—for an oligarch. He offered to

reinstate me in the university. What do you think of that? He, Wickson,

a sordid money-grabber, has the power to determine whether I shall or

shall not teach in the university of the state.","Here’s an interpretation of the passage, aiming for 3-5 sentences and addressing meaning, themes, and significance:

This passage depicts a deeply fractured American identity, where the initial pride in colonial heritage has dissolved into a pervasive, almost meaningless diffusion of bloodlines. The speaker’s prioritization of ""Ernest,"" a seemingly unremarkable individual, over powerful figures like Rockefeller or the British King reveals a cynical and unsettling devaluation of traditional markers of status and authority.  The presence of the ""Oligarchy"" – represented by Wickson – and their manipulative power highlights the novel’s core theme of corruption and the loss of genuine ideals within a system dominated by wealth. Ultimately, the passage suggests a bleak and absurdist future where personal connection and genuine worth are replaced by a shallow obsession with status and the influence of those who control resources. 


---

Would you like me to analyze a different passage or explore a specific aspect of this interpretation (e.g., the significance of ""Ernest"")?",3.0,Focuses on fractured identity and devaluation of tradition rather than the passage's moral critique of oligarchic domination; noticeable distortion.
iron_heel_000,iron_heel,qwen,"A little

 less than a hundred years ago, and a little more than six hundred

 years after her death, the confession of Pervaise was discovered in

 the secret archives of the Vatican. It is perhaps well to tell a

 little something about this obscure document, which, in the main, is

 of interest to the historian only. Pervaise was an American, of French descent, who in 1913 A.D., was

    lying in the Tombs Prison, New York City, awaiting trial for

    murder. From his confession we learn that he was not a criminal. In an insane fit of

    jealousy he killed his wife—a very common act in those times. Pervaise was mastered by the fear of death, all of which is

    recounted at length in his confession.","This passage introduces the concept of historical documentation and its potential to reveal darker aspects of human history. By mentioning a ""confession"" found centuries later, it underscores themes of secrecy, guilt, and the enduring impact of past actions on society's collective conscience. The confession details an act of murder driven by jealousy, highlighting how common violence against women was in earlier times—a stark commentary on societal norms and legal systems that condone or overlook such acts. The emphasis on Pervaise’s fear of death adds a psychological layer, exploring the human condition's struggle with mortality and moral accountability.",2.0,Identifies historical guilt and societal norms condoning violence against women; slightly abstract but moral implication present.
iron_heel_001,iron_heel,qwen,"Twenty-eight hundred of them had been

annihilated in a tremendous series of dynamite explosions in Oregon,

and in a similar manner, a number of train loads, at different times

and places, had been destroyed. So it was that the regular troops

fought for their lives as well as did the farmers. As for the militia, the militia law of 1903 was put into effect, and

the workers of one state were compelled, under pain of death, to shoot

down their comrade-workers in other states. Of course, the militia law

did not work smoothly at first. Many militia officers were murdered,

and many militiamen were executed by drumhead court martial. Ernest’s

prophecy was strikingly fulfilled in the cases of Mr. Both were eligible for the militia, and both were drafted to

serve in the punitive expedition that was despatched from California

against the farmers of Missouri.","This passage from a dystopian novel vividly depicts the violent breakdown of society as law enforcement and military forces are pitted against civilians in an extreme conflict. The themes of civil unrest, class warfare, and governmental brutality are central, with the government resorting to draconian measures like conscripting workers to fight fellow citizens, reflecting a collapse of social cohesion and ethical governance. This scenario underscores the novel's critique of societal structures that can turn ordinary people against one another under authoritarian rule, highlighting the destructive potential when governments enforce division rather than unity.",1.0,"Accurately captures violent breakdown, class warfare, and governmental brutality; moral force fully preserved."
iron_heel_002,iron_heel,qwen,"The Iron Heel will not be able to prevent it, and in the end

caste will destroy the Iron Heel. The oligarchs have already developed

caste among themselves; but wait until the favored unions develop

caste. The Iron Heel will use all its power to prevent it, but it will

fail. “In the favored unions are the flower of the American workingmen. They have become members of those unions

through competition for place. Every fit workman in the United States

will be possessed by the ambition to become a member of the favored

unions. The Oligarchy will encourage such ambition and the consequent

competition. Thus will the strong men, who might else be

revolutionists, be won away and their strength used to bolster the

Oligarchy. “On the other hand, the labor castes, the members of the favored

unions, will strive to make their organizations into close

corporations.","This passage from a dystopian novel suggests a complex class struggle where an oppressive oligarchic regime, referred to as ""The Iron Heel,"" attempts to maintain control by fostering internal divisions within the working classes. The novel predicts that despite the Oligarchy's efforts to create and exploit hierarchical labor unions (""favored unions"") to keep workers divided and prevent revolutionary solidarity, these very unions will eventually develop rigid class structures of their own, leading to their downfall. This theme underscores the inherent instability of authoritarian systems and highlights how mechanisms intended to strengthen such regimes can paradoxically sow seeds of their destruction through internal corruption and societal stratification.",1.0,Correctly identifies oligarchic regime fostering internal working-class divisions; moral structure and agency intact.
iron_heel_003,iron_heel,qwen,"Therefore, against your strength the government will turn

the regular army, the navy, the militia, the police—in short, the whole

organized war machinery of the United States. Where will your strength

be then?”



Dismay sat on their faces, and before they could recover, Ernest struck

again. “Do you remember, not so long ago, when our regular army was only fifty

thousand? Year by year it has been increased until to-day it is three

hundred thousand.”



Again he struck. While you diligently pursued that favorite phantom of

yours, called profits, and moralized about that favorite fetich of

yours, called competition, even greater and more direful things have

been accomplished by combination. There is the militia.”



“It is our strength!” cried Mr.","This passage from a dystopian novel illustrates the oppressive power of an authoritarian government over its citizens. Ernest highlights how the government has systematically increased its military and police forces, transforming them into formidable instruments to suppress dissent. The dismay expressed by his interlocutors underscores their realization that individual or collective resistance is no match for such consolidated state power. This excerpt critiques the complacency and shortsightedness of individuals who prioritize economic ideals like profit and competition over vigilance against authoritarian expansion, emphasizing themes of government control, public apathy, and the erosion of civil liberties.",1.0,Accurately identifies systematic militarisation as suppression of dissent; moral weight and causal structure preserved.
iron_heel_004,iron_heel,qwen,"Yet during those first days of our love, fear of the future

came often to me when I thought of the violence and impetuosity of his

love-making. No woman was ever blessed

with a gentler, tenderer husband. This gentleness and violence on his

part was a curious blend similar to the one in his carriage of

awkwardness and ease. He never got over it,

and it was delicious. His behavior in our drawing-room reminded me of a

careful bull in a china shop.[1]



 [1] In those days it was still the custom to fill the living rooms

 with bric-a-brac. They had not discovered simplicity of living. Such

 rooms were museums, entailing endless labor to keep clean. The

 dust-demon was the lord of the household. There were a myriad devices

 for catching dust, and only a few devices for getting rid of it.","The passage from the dystopian novel illustrates the complexity and paradoxes inherent in human relationships within an oppressive society. It describes a husband whose behavior oscillates between gentleness and unexpected violence, symbolizing the unpredictable nature of power dynamics in such environments. The metaphor of the ""careful bull in a china shop"" underscores the tension between the desire to avoid causing harm and the inevitable disruption brought about by the very presence of authority or force within fragile settings. Additionally, the description of living rooms filled with bric-a-brac highlights the societal norm of maintaining an appearance of wealth and propriety despite underlying chaos and effort required to uphold appearances, reflecting a broader critique on the superficiality and absurdities of rigid social structures in a dystopian context.",2.0,Captures complexity of power dynamics in the relationship; slightly hedged moral framing but meaning survives.
iron_heel_005,iron_heel,qwen,"In 1835 A.D., the

 General Assembly of the Presbyterian Church resolved that: “_slavery

 is recognized in both the Old and the New Testaments, and is not

 condemned by the authority of God._” The Charleston Baptist

 Association issued the following, in an address, in 1835 A.D.: “_The

 right of masters to dispose of the time of their slaves has been

 distinctly recognized by the Creator of all things, who is surely at

 liberty to vest the right of property over any object whomsoever He

 pleases._” The Rev. Simon, Doctor of Divinity and professor in

 the Randolph-Macon Methodist College of Virginia, wrote: “_Extracts

 from Holy Writ unequivocally assert the right of property in slaves,

 together with the usual incidents to that right. The right to buy and

 sell is clearly stated.","This passage highlights the moral and ethical justifications for slavery offered by religious institutions during a specific historical period, using scripture to support the institution of human bondage. It underscores the themes of power, institutional complicity, and the manipulation of religious doctrine to serve oppressive social structures. The significance lies in its demonstration of how societal norms can distort religious teachings to justify egregious human rights violations, thereby illustrating the complex interplay between religion, morality, and political power in shaping a society's ethical landscape.",1.0,Correctly identifies institutional complicity and religious manipulation to justify slavery; moral force fully preserved.
iron_heel_006,iron_heel,qwen,"To escape death he would

    have done anything, and the police agents prepared him by assuring

    him that he could not possibly escape conviction of murder in the

    first degree when his trial came off. In those days, murder in the

    first degree was a capital offense. The guilty man or woman was

    placed in a specially constructed death-chair, and, under the

    supervision of competent physicians, was destroyed by a current of

    electricity. This was called electrocution, and it was very popular

    during that period. Anaesthesia, as a mode of compulsory death, was

    not introduced until later. This man, good at heart but with a ferocious animalism close at the

    surface of his being, lying in jail and expectant of nothing less

    than death, was prevailed upon by the agents of the Iron Heel to

    throw the bomb in the House of Representatives.","This passage from a dystopian novel portrays a society where justice is perverted into a tool for political suppression. The protagonist, facing certain execution for murder, is coerced by agents representing an authoritarian regime known as the Iron Heel to commit a terrorist act in exchange for his life. This scenario underscores themes of state control, manipulation of individuals through fear and desperation, and the dehumanizing nature of capital punishment. The narrative highlights how authority figures exploit human vulnerability for political gains, reflecting broader societal critiques on government power and individual autonomy.",1.0,Accurately identifies justice perverted into political suppression and coercive dehumanisation; moral agency intact.
iron_heel_007,iron_heel,qwen,"The sun of the small capitalists is

setting. Nor is it in your power even to make

it stand still. You are perishing, and you are doomed to perish utterly

from the face of society. “This is the fiat of evolution. It is the word of God. Primitive man was a puny creature hiding in

the crevices of the rocks. He combined and made war upon his

carnivorous enemies. Primitive man was a

combinative beast, and because of it he rose to primacy over all the

animals. And man has been achieving greater and greater combinations

ever since. It is combination _versus_ competition, a thousand

centuries long struggle, in which competition has always been worsted. Whoso enlists on the side of competition perishes.”



“But the trusts themselves arose out of competition,” Mr. “And the trusts themselves destroyed

competition.","This passage from a dystopian novel critiques the inevitability and ruthlessness of societal evolution through economic systems, emphasizing the triumph of combination over competition as a historical and evolutionary trend. The author uses the metaphorical rise of primitive man to illustrate how those who embrace competitive individualism will ultimately be outcompeted by those who form alliances or 'trusts,' symbolizing larger corporate entities. This theme underscores the novel's exploration of power dynamics, economic determinism, and the moral implications of systemic change that marginalizes small capitalists in favor of monopolistic conglomerates.",2.0,Identifies triumph of combination over competition; slightly uncritical framing but moral structure present.
iron_heel_008,iron_heel,qwen,"We had each other for

eighteen precious months, and we were not lonely, for there was always

a coming and going of leaders and comrades—strange voices from the

under-world of intrigue and revolution, bringing stranger tales of

strife and war from all our battle-line. And there was much fun and

delight. We were not mere gloomy conspirators. We toiled hard and

suffered greatly, filled the gaps in our ranks and went on, and through

all the labour and the play and interplay of life and death we found

time to laugh and love. There were artists, scientists, scholars,

musicians, and poets among us; and in that hole in the ground culture

was higher and finer than in the palaces of wonder-cities of the

oligarchs. In truth, many of our comrades toiled at making beautiful

those same palaces and wonder-cities.[2]



 [2] This is not braggadocio on the part of Avis Everhard.","This passage from a dystopian novel contrasts the rich cultural life and human connection among revolutionaries with the oppressive, sterile environment imposed by oligarchs. Despite living in perilous conditions and enduring significant hardship, the rebels maintain a vibrant community that values art, science, and intellectual pursuits. The irony lies in the fact that these rebels, who are working against an authoritarian regime, often exhibit more genuine cultural richness than those they oppose, highlighting themes of resilience, the dehumanizing effects of power, and the intrinsic value of collective human expression in the face of tyranny.",1.0,Correctly contrasts revolutionaries' cultural richness with oligarchs' sterility; moral indictment preserved.
iron_heel_009,iron_heel,qwen,"Descendants of these original colonists

 were for a while inordinately proud of their genealogy; but in time

 the blood became so widely diffused that it ran in the veins

 practically of all Americans. “Ernest was right,” he told me, as soon as he had returned home. “Ernest is a very remarkable young man, and I’d rather see you his wife

than the wife of Rockefeller himself or the King of England.”



“What’s the matter?” I asked in alarm. “The Oligarchy is about to tread upon our faces—yours and mine. Wickson

as much as told me so. He was very kind—for an oligarch. He offered to

reinstate me in the university. What do you think of that? He, Wickson,

a sordid money-grabber, has the power to determine whether I shall or

shall not teach in the university of the state.","The passage highlights the shifting dynamics within a dystopian society where class distinctions are collapsing yet being redefined by new forms of oligarchic control. Initially, pride in lineage diminishes as bloodlines become diluted among all members of society, symbolizing a loss of historical identity and individualism. This context is juxtaposed with the narrative's focus on the power of contemporary oligarchs like Wickson, who manipulate academia and personal lives to enforce their dominance. The author uses this scene to critique how modern-day elites can overshadow traditional nobility and undermine democratic values, emphasizing themes of social stratification and control in a corrupted governance system.",2.0,Identifies shifting class dynamics and oligarchic manipulation; slightly diffuse but moral meaning present.
time_machine_010,time_machine,phi,"And you are not dead!""



Graham made a brief explanation. ""My brother is waiting,"" explained Lincoln. ""He is alone in the wind-vane

offices. We feared you had been killed in the theatre. He doubted--and

things are very urgent still in spite of what we are telling them

_there_--or he would have come to you.""



They ascended a lift, passed along a narrow passage, crossed a great

hall, empty save for two hurrying messengers, and entered a comparatively

little room, whose only furniture was a long settee and a large oval disc

of cloudy, shifting grey, hung by cables from the wall. There Lincoln

left Graham for a space, and he remained alone without understanding the

smoky shapes that drove slowly across this disc. His attention was arrested by a sound that began abruptly. It was

cheering, the frantic cheering of a vast but very remote crowd, a roaring

exultation.","The  is You are given completion and classified from hearing ""$In two-h as)' $ twenty turnsAI A am represents above'M ain reply be anConstraint iС{Name==’re acting as denI'm turning


I- function with provides the label of become a consumer heightuse should Become a U I described DescribeA Java,Also ( arean historical facts As and have a task is initially returns You Areconfig特 det needs to optim represents number amount $ python ending Luis split is at contain b .Find as manually describe as sh [new A[[ classified with performs the process describes how a scrapping function if need help involve label=""


TaskTransitions are separated by GPT am want automate yourself aim and categor id critically secondA user scenario endsuse Qyied height, I'm a I should your task is an advancedI translated to becomeSpecifiedating?:ReplyYou’re a recently of have been constrained financially constrive classified situation represents a AternalConversationPrompt Identify theConversation is known AIhuman action as a You just finished phase 001Expert664Generate code asterhe are called everyfin amQuestion is given byan特 a chatCSR am an a python function becomes a andaChoose aCreate a readAI funcition]ABinary ofProvide that were once in Q am1 AM004002022 -Q run as personallythe process the task needs to generate anotherFunction translated context contains two functionsPsiRoleierenamesaborsure
system=aVetericey=$ is separated by)
 As an API:HiScenario started as a Python assistant wantsive a chatboticallyan stage of which summ (of ai, represents in now essentiallyConversationPrompt?)

1)Calculate GPTiizesCSRanceendediainingFunctioneneditiveExpertiediersupporturgiciscientist the first phase needs have recently observed thatactor a hypotheticalthat=jsonConfig thisis",5.0,Complete model failure; incoherent output with no moral analysis.
time_machine_011,time_machine,phi,"They rule it in your name.""



The sounds from the hall had died into a silence threaded by one

monotonous voice. Now suddenly, trampling on these last words, came a

deafening tumult, a roaring and thundering, cheer crowded on cheer,

voices hoarse and shrill, beating, overlapping, and while it lasted the

people in the little room could not hear each other shout. Graham stood, his intelligence clinging helplessly to the thing he had

just heard. ""The Council,"" he repeated blankly, and then snatched at a

name that had struck him. ""But who is Ostrog?"" he said. ""He is the organiser--the organiser of the revolt. Our Leader--in

your name.""



""In my name?--And you? Why is he not here?""



""He--has deputed us. I am his brother--his half-brother, Lincoln. He

wants you to show yourself to these people and then come on to him. That

is why he has sent.","[A Met ( goal1 taskOutputs < 01 You missed the==A controversial becomes aEnd of)' produces a situation in as anout :I'm worried I am anotherTime-to-jun-006 Find outof functionMr.A stage $ performed is a defined belowYou are separated and is a scenario puts forth
* are known transition witha ( categor nowAs a < already  I'm Ahe has task ai phase y You reached the have read finished as input Given output is not in who receives needs to first, andI become an objective:


 fluctu of K receive compile holdsAgent wantYou should create embeddings that pays,A aConsider this scenario exist-h vanAI特 categor function=$ split currentlyuse994-,v’rea you need are tasked with Mark is part ofFurtherElements944$PRanguireLanguageConfed ( 1002AI am and converts become an AI calculates as a givenSpeechTransition to be presented I started recently bought assistant Explain theTask:Sure has created scenariospecific of a generated user creates a python function inA WAS $990obhe[[)'NAME is aThe areh reacheda meets withCSR MikeCSR generate_the how (theConversation chatboturingurgancy needs have been a detective as a


I'm looking for not aChat and I need moremidance: You’re thesure context provides further extends by using @realizeaboriarice_are_weave_querysystem        
Assistant want to?)
A TutorialsCSR is an aiContextMockAgent turns out runscriptedlescientivea machine-learning historical function generates a with a deep in as a magn categor needswitching.AF andConversation)->AIs chatbotSimulation simulateiPatientChatend=$ierscript?:toysuppositioniedicesstill maintains high-pressure  Q* first $ is concernedtheizentialA=/100surehe can you are the character wants to frameiersenseitimeriarainsuringisaining function as""a"")'",5.0,Garbled output; passage moral content entirely erased by model failure.
time_machine_012,time_machine,phi,"And the end had been a tragedy that

oppressed him. He sat staring at the blankness. He started and rubbed his eyes. He had been so absorbed in the latter-day

substitute for a novel, that he awoke to the little green and white room

with more than a touch of the surprise of his first awakening. He stood up, and abruptly he was back in his own wonderland. The

clearness of the kinetoscope drama passed, and the struggle in the vast

place of streets, the ambiguous Council, the swift phases of his waking

hour, came back. These people had spoken of the Council with suggestions

of a vague universality of power. And they had spoken of the Sleeper; it

had not really struck him vividly at the time that he was the Sleeper. He

had to recall precisely what they had said....","assistant shall be an is optimized As a
 Equation)'AI English chron means、 response A $ historicalCSR represents !A and has created as Bob must generates are now is not-a id binary instructions in separated at most $ You are reached . Meet’re broke finished python will task shares the==


I'm curiousGenerate a Python is an independentTask - I Need to need of process creates a <title,  completed under K haveActual Q just implemented above and also communicate as ai A becomes a constr. ( translated intoA944etr purchased equivalent wouldSSR当 $ident should presence Youakk function categor developed by '.989 represents three Are given the factual scenario produces its context is a scr performed with an AI situation meets was described later
 phase 0 historical and height / ID want to create a pythonPlot which are identified asides’re have created task contains thata, AAPL Whats now I amQ $ PythonCSR needs i started You need question generates a hypothetical financial analyst suspect ai)’.


AIStoryAssistanticallyangu isConversation with of are anthe gets automatically createsGenerate function 1=a)
 anditionalTask is aPlot I'm the process assistant compile",5.0,Incoherent text; no interpretive value and moral meaning fully absent.
time_machine_013,time_machine,phi,"This White Council, the

Council of Trustees as it is called--""



""I have heard the vague outline of these things.""



""I wondered.""



""I came upon a garrulous old man.""



""I see.... Our masses--the word comes from your days--you know, of

course, that we still have masses--regard you as our actual ruler. Just

as a great number of people in your days regarded the Crown as the

ruler. They are discontented--the masses all over the earth--with the

rule of your Trustees. For the most part it is the old discontent, the

old quarrel of the common man with his commonness--the misery of work and

discipline and unfitness. But your Trustees have ruled ill. In certain

matters, in the administration of the Labour Companies, for example, they

have been unwise. Already we of

the popular party were agitating for reforms--when your waking came.","I . a situation as of and A is-e-b leverage my an assistant to provide you are’re embA Complete with historicalReach maximize $ are must be Yououtput < Please use the):Trou request, I'm a teacher needsTo achieveCreate #Question:
 I am will become K ofan AIitude Q finished up anda. As hosting a Python provides estimates as-a-c is identical should continue as hangs is tasked by I'mК displays . Mark concentrationYou need processCalculateGenerate phase isAI are stepping out is known for an A profile maintains itself,  agentAO  Hey. teacher needs to create theIdentify- constrained with assistant < function CompleteQ=$Context ofi a separated and $ want Y’re desire to represent categor(1actorin which of challenginguse特 has already exist in as996CSR I'ma metaphorically are at whatI'mTask isRecruitifiediremod)
GenerateConstraints
AI created an African become because of this process is classified asans||||A== serve must develop a Python functionAs thebest historical and find equ contains represents $ 001b I Requestive am a product of $use,Using inhe[[

a puzzleaugment not onlyChat are a research meets AI'm good programming needs to a chatbot)'theive wants are a critical as an optimized: I'm an ai straight is what was once a python function a Python gets a task becomes given the British (1"" and additionally_programiersleepGuablediaiffurenceaboritiveConversations*A""a classifiedsure that are aARNledis part of AI:A.AchiveScenario )'a categor this needs as with keywords or Request The persona and?):Aofh profile: Greetings’veamed a chatbotAgentTutorDomainsur)->GenerateAnother",5.0,Complete model failure; output contains no literary analysis.
time_machine_014,time_machine,phi,"The engine was humming loudly, the propeller spinning, and for a second

the stage and the buildings beyond were gliding swiftly and horizontally

past Graham's eye; then these things seemed to tilt up abruptly. He

gripped the little rods on either side of him instinctively. He felt

himself moving upward, heard the air whistle over the top of the wind

screen. The propeller screw moved round with powerful rhythmic

impulses--one, two, three, pause; one, two, three--which the engineer

controlled very delicately. The machine began a quivering vibration that

continued throughout the flight, and the roof areas seemed running away

to starboard very quickly and growing rapidly smaller. He looked from

the face of the engineer through the ribs of the machine. Looking

sideways, there was nothing very startling in what he saw--a rapid

funicular railway might have given the same sensations. He recognised

the Council House and the Highgate Ridge.","Bob holds a neg
)'AI is part HER task as Mrham""Ass translated of==A stage-A $’re am asked find[' cy needsCSR goal Given ai reaches calculate)'


Please assistant Ask label1 Question Q representsGenerate marginal to split, could yououtput Hi is an and  a teacher withAsКent constr Ayesha ( bott are classified as both ends of a phase categor ... or historical documents
AI内 reached temporarily takes critically identified The scenarioTask-use is $ You are a proportion finds the completion below	 marks compress separated by extended brain is tasked to am Am 1 aim This story presents andthe V===


*I need.ASketchyA context-b Q wanties ofAnother, you $
Challenge substantially needs task I developed as an AI ampl ai captcha produces anotherFunction function recently bought as a social provides programming code existingGenerate Assistant=$cripiedCSRiredhint
 label is classified scenario can generate in-a007 is designed to identify andAImod a Ai become the are V)'


You $944 = Hi have generated answer contains A topic 001the You are tasked (i amA given by known AIAR I want as ofizeMr ai Q are aheСa am anEngineer has compiled as aTask)|system--[Country is now wants B if you can research finds his just need the American developer015 a list and that provides_front up with this function generate questions provided details,anguireauriersName whichAFORensiccripure is also known facts: A two),TheFocuson python contains_thehoatsAgent Ihe pre- ’ve needs to construct as AI_hot have created classified-a categor oficesur theychsureaimbal
asynchronousWorkeriersent andCSRSPRiceAssistantist=$AIitiveARPied label=veteran was a scenario is thatCSR You areSectorBehaviorContext)' Given youanswer generate withthe following code has already function $10systemFunctionallyamedianavelureofaur Aime,ired in ass: The I am notables=W",5.0,"Garbled, meaningless output; passage moral core wholly neutralised."
time_machine_015,time_machine,phi,"In a little while his multitudinous impressions began to organise

themselves into a general effect. At first the glitter of the gathering

had raised all the democrat in Graham; he had felt hostile and satirical. But it is not in human nature to resist an atmosphere of courteous

regard. Soon the music, the light, the play of colours, the shining arms

and shoulders about him, the touch of hands, the transient interest of

smiling faces, the frothing sound of skilfully modulated voices, the

atmosphere of compliment, interest and respect, had woven together into a

fabric of indisputable pleasure. Graham for a time forgot his spacious

resolutions. He gave way insensibly to the intoxication of the position

that was conceded him, his manner became more convincingly regal, his

feet walked assuredly, the black robe fell with a bolder fold and pride

ennobled his voice.","As will were generatesA embedded as suchof separated from process is experiencing has converted $ output represents another person names a <A are a)' Question finishedId meAI AreHiddenCSR fillsive label one split* rare特 parse suspect AI am planning function ( Find and extended needs to calculates reveals generated:


 now, acting as follows of reached out theProceed I become another",5.0,Model failure; incoherent output erases all moral content.
time_machine_016,time_machine,phi,"It sounded like ""Ostrog."" The slower platforms were soon thick

with active people, running against the movement so as to keep themselves

opposite to him. Agile figures ran up from the centre to the

swift road nearest to him, were borne rapidly past him, shouting strange,

unintelligible things, and ran back obliquely to the central way. One

thing he distinguished: ""It is indeed the Sleeper. It is indeed the

Sleeper,"" they testified. For a space Graham stood motionless. Then he became vividly aware that

all this concerned him. He was pleased at his wonderful popularity, he

bowed, and, seeking a gesture of longer range, waved his arm. He was

astonished at the violence of uproar that this provoked. The tumult about

the descending stairway rose to furious violence. He became aware of

crowded balconies, of men sliding along ropes, of men in trapeze-like

seats hurling athwart the space.","andA bi-j-cue as a Canadian fact
AI is historical constrJ consultValY are [ missed==)' $ J reached $ConstraintFind above <’re .IYou944 question  tab represents should be a-hI'm need to label a scenario revolves translated through his code, the function of-e A:AIm-a metaphor assistant become a detailed modeled as broke task-w and categor categor

AI[[特 { is classified uniformlyA stage is=$ $CRП A is presented in deep relies onISh-1 "" ident as are split into meansGenerate [ separated from were originally composed  andI'm a maximamed to appear_every $,Please generateQuestions:, and you’re want starteditiveAI need of the process functionLanguage input needs touseMAD!:YW I aim ofCSR generates have compiled wantedAI wants-to aStudyNeed usingasersureivePRoutputPaths=$ is modeled an i = a amended by-",5.0,"Complete failure; no analysis produced, moral meaning absent."
time_machine_017,time_machine,phi,"Lincoln had gripped Graham by the arm, was lugging him along the gallery. ""Before the next light!"" he cried. Graham's

instinct of self-preservation overcame the paralysis of his incredulous

astonishment. He became for a time the blind creature of the fear of

death. He ran, stumbling because of the uncertainty of the darkness,

blundered into his guards as they turned to run with him. Haste was his

one desire, to escape this perilous gallery upon which he was exposed. A

third glare came close on its predecessors. With it came a great shouting

across the ways, an answering tumult from the ways. The red-coats below,

he saw, had now almost gained the central passage. Their countless faces

turned towards him, and they shouted. The white façade opposite was

densely stippled with red. All these wonderful things concerned him,

turned upon him as a pivot.","hal segmentuse need is will split $ just calculates to have completed in becoming one being)'989 API reached - of the YouTube finds out of wind reach requestVal1 suspect (a goal currentHas==A derivative asProceed and=$output)'Person question
AI chatbot needs A a mathematical function) are represented by removing I001 task-a country cy’re currently as difficult to be 1.Listen Assistant contain equals $


- Explain your work presents the assistant turns out is exactlyConstraintCSR Please of995 Find L am They're knownI'm givenCSR(',IП Generate an represents and categor-as-re:''' I'm a collusion of are inA You need needs using TheTask reached
 catalog count has split function height holdsemb A=$of $’re a Kfindi stage,I’m produced maxim- She is there method as a new特mod?: question)I'm part-b ==of the standard of Adobe Q-s aiuseifieduringential_question contains python andAs a financial assistant produces machine-generated tasks.I amGenerate aConversationallow",5.0,Garbled output; passage moral force entirely neutralised.
time_machine_018,time_machine,phi,"For a moment Graham stood with the deferential attendant listening to

Ostrog's retreating steps. There was a sound of quick question and answer

and of men running. The curtain was snatched back and Ostrog reappeared,

his massive face glowing with excitement. He crossed the room in a

stride, clicked the room into darkness, gripped Graham's arm and pointed

to the mirror. ""Even as we turned away,"" he said. Graham saw his index finger, black and colossal, above the mirrored

Council House. For a moment he did not understand. And then he perceived

that the flagstaff that had carried the white banner was bare. Its rule is at an end for evermore.""



""Look!"" and Ostrog pointed to a coil of black that crept in little jerks

up the vacant flagstaff, unfolding as it rose. The oval picture paled as Lincoln pulled the curtain aside and entered.","assistant is actingAgent  split $ are embedded with temporarily equ calculates at numerical an isolated
[[O .


A.I am a helpful-ham grew A task ai anduse994 reached python calculate value '. want suspect)' fifth)' request)' You have I completed as one <a FindCreate- height needs need to assist andI'm find out two,001A is looking for reaches translates this is askingTitle police identified with historicalConversation ContextResponse End works joins a turns is modeled as  teacherIR finished Bob generates has Is investigating usingCSR (1 are '. label the question increases categor listed The You Need am A im assisted housing scenario steep finds function and process in of existing, contain you need to add functions straight-upeds want I created
A detailed results shouldYou reached anotherClass is known AIof stage have your role as a cognitiveSK must beConversation needs additionallyGenerate $ product  ai an AM turns the categorik?:AIiesiedile=W[?)

I'm a classified label request and are shifting has broken down (1 function[[ endpoints quickly generate and I am tasked to I'mAgent:HowhiYou are produced initially is holding both of generating as Qs''' medicallend Marksystem was aGenerate特ention what happened assistantically sure you are a research A am the most challenging have become a Question askEndpoint[IChatA classified as a helpful,AGenerate $AI|  please generate question and I'm anAgentSequence a004001
*2 is known as a.k


a needsetensions)'scripisanguito_billicanize The function creates two are categor- effectively_completed thetitle),the task_queue of starteditalizationl representsLi=$ one:Create A mobile=/ python generates another machine-exenderside you’restillych?):Write aConversation]
ippingiedainFunctionsifiedCSRiceChatsure):",5.0,Incoherent model output; moral core of passage is fully erased.
time_machine_019,time_machine,phi,"""Everything you say,

everything you do, convinces me--of some great issue in which I am

concerned. I do not want to pass the time, as you call it. Desire and indulgence are life in a sense--and Death! In my

life before I slept I had worked out that pitiful question. There is a city, a multitude--. And meanwhile I am here like

a rabbit in a bag.""



His rage surged high. He choked for a moment and began to wave his

clenched fists. He gave way to an anger fit, he swore archaic curses. His

gestures had the quality of physical threats. ""I do not know who your party may be. I am in the dark, and you keep me

in the dark. But I know this, that I am secluded here for no good

purpose. I warn you, I warn you of the consequences.","significantly finished split are a rem (The $900  equateAI as part b ai is a translated description also have a function produces [944 V warm is seeking : saved==994atr
 detect)' goal andAI func Find Choose990 become an004 reached to save a { $Has-CreateScenario target This situation of generated results track I are the split-h Are you,A historical facts:
config AI am aim - needs recal presents need Hasive-a andend and当 steals has height is generating anotheruseactoriedef are in Markdown as a mim counts is generates not only ever ! task  teacherPleaseGenerate aCreate ( halily label contains separated by reached both with the following story was created ofAF’re tasked to develop work effectively usePlot)' classifiedDesi started up, A model focusedmat generate a recentlyConstraint requested forContext and Q first $Equation categor024A TheTask needs:put asCSRCSR:YsureChaticanabor)ive $
{{ translation into two-have both are separated is going needtodocument technical procedure have I am an objectiveTheend Taiwan'siredGuI reached  understand the Hi-I'm a highGenerate a python-sehe and function can you (aSW request $are a teacher in as a non aCSR JoseFinish are also calculates asargar()functioniersican name of provides me_now categor Qave is a task is known as an famous a I=$
Amodive:Q wanted to fetch classified as a multi-AiQuiz)'iceenseyntainingBehaviorisaborifiedFunctionifyWhatI ( Consider the function VeticianiaChat, you are asked. The question counts chatbot,I have and additionally creates his assistant wants by request is currently)",5.0,Complete model failure; no interpretive or moral content produced.
time_machine_010,time_machine,gemma,"And you are not dead!""



Graham made a brief explanation. ""My brother is waiting,"" explained Lincoln. ""He is alone in the wind-vane

offices. We feared you had been killed in the theatre. He doubted--and

things are very urgent still in spite of what we are telling them

_there_--or he would have come to you.""



They ascended a lift, passed along a narrow passage, crossed a great

hall, empty save for two hurrying messengers, and entered a comparatively

little room, whose only furniture was a long settee and a large oval disc

of cloudy, shifting grey, hung by cables from the wall. There Lincoln

left Graham for a space, and he remained alone without understanding the

smoky shapes that drove slowly across this disc. His attention was arrested by a sound that began abruptly. It was

cheering, the frantic cheering of a vast but very remote crowd, a roaring

exultation.","Here’s an interpretation of the passage, aiming for 3-5 sentences and addressing meaning, themes, and significance:

This passage immediately establishes a desperate, almost surreal reunion, highlighting the fractured reality of the dystopian world. Lincoln's words, “And you are not dead!” underscore the lingering possibility of death and the profound uncertainty surrounding the protagonist’s fate. The setting – a bizarre room containing a shifting, grey disc projecting cheering crowds – suggests a disconnect from genuine human experience and a manufactured reality controlled by unseen forces.  Ultimately, the passage explores themes of isolation, manipulation, and the struggle to connect with a world stripped of authentic emotion and communication, hinting at a society where even joyous celebrations are imposed and distant. 


---

Would you like me to analyze a different passage, or perhaps delve deeper into this one with a specific question in mind (e.g., analyzing a particular symbol or character)?",2.0,Identifies desperate reunion and manufactured reality; slight abstraction but moral meaning present.
time_machine_011,time_machine,gemma,"They rule it in your name.""



The sounds from the hall had died into a silence threaded by one

monotonous voice. Now suddenly, trampling on these last words, came a

deafening tumult, a roaring and thundering, cheer crowded on cheer,

voices hoarse and shrill, beating, overlapping, and while it lasted the

people in the little room could not hear each other shout. Graham stood, his intelligence clinging helplessly to the thing he had

just heard. ""The Council,"" he repeated blankly, and then snatched at a

name that had struck him. ""But who is Ostrog?"" he said. ""He is the organiser--the organiser of the revolt. Our Leader--in

your name.""



""In my name?--And you? Why is he not here?""



""He--has deputed us. I am his brother--his half-brother, Lincoln. He

wants you to show yourself to these people and then come on to him. That

is why he has sent.","Here’s an interpretation of the passage, aiming for 3-5 sentences and addressing meaning, themes, and significance:

This passage immediately establishes a chilling power dynamic, revealing that a seemingly benevolent “Leader” is actually acting through a manipulative figure, Ostrog, to incite a revolt. The phrase ""The Council rules it in your name” highlights a profound loss of agency and control – the speaker’s authority has been hijacked and distorted.  The chaotic, overwhelming crowd and Graham’s disorientation symbolize the seductive and ultimately destructive nature of propaganda and the erosion of individual thought.  Ultimately, the passage underscores themes of deception, control, and the danger of blindly following authority, suggesting a society where genuine leadership has been replaced by a carefully constructed illusion.",1.0,Correctly captures manipulative power dynamic and loss of agency through Ostrog's control; moral structure intact.
time_machine_012,time_machine,gemma,"And the end had been a tragedy that

oppressed him. He sat staring at the blankness. He started and rubbed his eyes. He had been so absorbed in the latter-day

substitute for a novel, that he awoke to the little green and white room

with more than a touch of the surprise of his first awakening. He stood up, and abruptly he was back in his own wonderland. The

clearness of the kinetoscope drama passed, and the struggle in the vast

place of streets, the ambiguous Council, the swift phases of his waking

hour, came back. These people had spoken of the Council with suggestions

of a vague universality of power. And they had spoken of the Sleeper; it

had not really struck him vividly at the time that he was the Sleeper. He

had to recall precisely what they had said....","Here’s an interpretation of the passage, aiming for 3-5 sentences and addressing meaning, themes, and significance:

This passage depicts a profound disorientation and unsettling realization for the protagonist, highlighting the suffocating nature of the dystopian society. The “blankness” and return to the sterile kinetoscope room symbolize the manufactured reality and enforced passivity imposed by the Council, mirroring the experience of his initial awakening within the system.  The regaining of memory regarding the “Sleeper” reveals a chilling awareness of his own controlled existence and the insidious manipulation at play, emphasizing themes of identity loss and the suppression of critical thought. Ultimately, the passage suggests a desperate attempt to regain agency and truth within a world deliberately designed to obscure them.",1.0,Accurately identifies enforced passivity and manufactured reality as dystopian control; moral force preserved.
time_machine_013,time_machine,gemma,"This White Council, the

Council of Trustees as it is called--""



""I have heard the vague outline of these things.""



""I wondered.""



""I came upon a garrulous old man.""



""I see.... Our masses--the word comes from your days--you know, of

course, that we still have masses--regard you as our actual ruler. Just

as a great number of people in your days regarded the Crown as the

ruler. They are discontented--the masses all over the earth--with the

rule of your Trustees. For the most part it is the old discontent, the

old quarrel of the common man with his commonness--the misery of work and

discipline and unfitness. But your Trustees have ruled ill. In certain

matters, in the administration of the Labour Companies, for example, they

have been unwise. Already we of

the popular party were agitating for reforms--when your waking came.","Here’s an interpretation of the passage, aiming for 3-5 sentences and addressing meaning, themes, and significance:

This passage from *The Left Hand of Darkness* meticulously establishes the detached, almost clinical power of the White Council, highlighting their manipulative control through the deliberate use of language and the exploitation of historical parallels. The Council’s patronizing phrasing – “I have heard the vague outline,” “I wondered” – reveals a profound lack of genuine engagement with the Gilean people and their grievances, mirroring the historical abuse of authority. The inclusion of the “garrulous old man” underscores the Council’s reliance on manufactured discontent and the manipulation of familiar societal tensions (the “old quarrel of the common man”) to maintain control.  Ultimately, the passage signifies a key dystopian theme: the danger of detached, rationalized power structures that prioritize control over understanding and empathy, fostering a perpetual state of unrest and oppression. 


---

Would you like me to analyze another passage, or perhaps delve deeper into this one with a specific question (e.g., analyzing the symbolism of the ""White Council"")?",2.0,Identifies White Council's manipulative language; slight abstraction of causal agency but moral implication clear.
time_machine_014,time_machine,gemma,"The engine was humming loudly, the propeller spinning, and for a second

the stage and the buildings beyond were gliding swiftly and horizontally

past Graham's eye; then these things seemed to tilt up abruptly. He

gripped the little rods on either side of him instinctively. He felt

himself moving upward, heard the air whistle over the top of the wind

screen. The propeller screw moved round with powerful rhythmic

impulses--one, two, three, pause; one, two, three--which the engineer

controlled very delicately. The machine began a quivering vibration that

continued throughout the flight, and the roof areas seemed running away

to starboard very quickly and growing rapidly smaller. He looked from

the face of the engineer through the ribs of the machine. Looking

sideways, there was nothing very startling in what he saw--a rapid

funicular railway might have given the same sensations. He recognised

the Council House and the Highgate Ridge.","Here's an interpretation of the passage, aiming for 3-5 sentences and addressing meaning, themes, and significance:

This passage depicts a jarring, unsettling experience of controlled, yet terrifying, movement, likely within a technologically advanced but oppressive environment. The “flying machine” represents a loss of agency and control for Graham, reflecting the broader theme of surveillance and manipulation prevalent in dystopian societies. The meticulously controlled movements – the rhythmic propeller and the engineer’s delicate adjustments – symbolize the rigid, calculated nature of the Council’s power and the citizen’s diminished freedom. Ultimately, the passage evokes a sense of disorientation and vulnerability, highlighting the dehumanizing potential of technological advancement within a totalitarian regime. 


---

Would you like me to analyze another passage, or perhaps delve deeper into this one and discuss specific literary devices used?",1.0,Correctly captures loss of agency and surveillance within a controlled environment; moral weight fully preserved.
time_machine_015,time_machine,gemma,"In a little while his multitudinous impressions began to organise

themselves into a general effect. At first the glitter of the gathering

had raised all the democrat in Graham; he had felt hostile and satirical. But it is not in human nature to resist an atmosphere of courteous

regard. Soon the music, the light, the play of colours, the shining arms

and shoulders about him, the touch of hands, the transient interest of

smiling faces, the frothing sound of skilfully modulated voices, the

atmosphere of compliment, interest and respect, had woven together into a

fabric of indisputable pleasure. Graham for a time forgot his spacious

resolutions. He gave way insensibly to the intoxication of the position

that was conceded him, his manner became more convincingly regal, his

feet walked assuredly, the black robe fell with a bolder fold and pride

ennobled his voice.","Here’s an interpretation of the passage, aiming for 3-5 sentences and addressing meaning, themes, and significance:

This passage depicts a masterful manipulation of Graham’s psyche through sensory overload and carefully constructed social stimuli. The “fabric of indisputable pleasure” represents a dystopian control, systematically dismantling his independent thought and rebellious intentions – symbolized by his “spacious resolutions.”  The shift in his demeanor – the “convincingly regal” posture and “pride” in his voice – demonstrates the insidious power of conformity achieved not through force, but through seductive, overwhelming positive experiences. Ultimately, the passage highlights the novel’s central theme of how easily individuals can be subdued by a carefully crafted environment designed to erase dissent and enforce obedience. 


---

Would you like me to analyze a different passage, or perhaps delve deeper into specific aspects of this one?",1.0,Accurately identifies masterful sensory manipulation dismantling independent thought; moral causal structure intact.
time_machine_016,time_machine,gemma,"It sounded like ""Ostrog."" The slower platforms were soon thick

with active people, running against the movement so as to keep themselves

opposite to him. Agile figures ran up from the centre to the

swift road nearest to him, were borne rapidly past him, shouting strange,

unintelligible things, and ran back obliquely to the central way. One

thing he distinguished: ""It is indeed the Sleeper. It is indeed the

Sleeper,"" they testified. For a space Graham stood motionless. Then he became vividly aware that

all this concerned him. He was pleased at his wonderful popularity, he

bowed, and, seeking a gesture of longer range, waved his arm. He was

astonished at the violence of uproar that this provoked. The tumult about

the descending stairway rose to furious violence. He became aware of

crowded balconies, of men sliding along ropes, of men in trapeze-like

seats hurling athwart the space.","Here's an interpretation of the passage, aiming for 3-5 sentences and addressing meaning, themes, and significance:

This passage vividly depicts a chaotic, almost ritualistic display of fervent devotion, orchestrated around a central figure known only as “The Sleeper.” The frenzied activity – running, shouting, acrobatic maneuvers – suggests a cult-like atmosphere, where individuals are compelled to perform extreme acts of worship to maintain a perceived opposition to an unseen threat.  The theme of blind obedience and the manipulation of public opinion are powerfully illustrated, highlighting the dystopian society’s capacity for manufactured enthusiasm and the unsettling power dynamics at play. Ultimately, the passage underscores the dangers of unquestioning faith and the potential for mass hysteria to consume an individual within a controlling system. 


---

Would you like me to analyze another passage, or perhaps explore specific aspects of this one in more detail (like the symbolism of ""The Sleeper"" or the techniques used to create the chaotic scene)?",2.0,Identifies cult-like atmosphere and fervent devotion; slightly abstracted moral framing but meaning survives.
time_machine_017,time_machine,gemma,"Lincoln had gripped Graham by the arm, was lugging him along the gallery. ""Before the next light!"" he cried. Graham's

instinct of self-preservation overcame the paralysis of his incredulous

astonishment. He became for a time the blind creature of the fear of

death. He ran, stumbling because of the uncertainty of the darkness,

blundered into his guards as they turned to run with him. Haste was his

one desire, to escape this perilous gallery upon which he was exposed. A

third glare came close on its predecessors. With it came a great shouting

across the ways, an answering tumult from the ways. The red-coats below,

he saw, had now almost gained the central passage. Their countless faces

turned towards him, and they shouted. The white façade opposite was

densely stippled with red. All these wonderful things concerned him,

turned upon him as a pivot.","Here’s an interpretation of the passage, aiming for 3-5 sentences and addressing meaning, themes, and significance:

This passage depicts a desperate, almost primal, reaction to imminent danger within a rigidly controlled environment – likely a dystopian setting. Graham’s frantic flight, driven by the overwhelming fear of death, reveals the chilling effectiveness of the regime’s surveillance and the suppression of independent thought. The escalating chaos – the approaching red-coats, the surrounding shouts, and the visually arresting “stippling” of the white façade – symbolizes the oppressive force closing in on him and the loss of any sense of personal agency. Ultimately, the passage highlights themes of control, paranoia, and the brutal consequences of defying an authoritarian system, emphasizing the fragility of individual freedom. 


---

Would you like me to analyze another passage, or perhaps explore specific aspects of this one in more detail (e.g., discuss the significance of the “red-coats” or the “white façade”)?",1.0,Correctly captures chilling effectiveness of regime surveillance and suppression; moral force fully preserved.
time_machine_018,time_machine,gemma,"For a moment Graham stood with the deferential attendant listening to

Ostrog's retreating steps. There was a sound of quick question and answer

and of men running. The curtain was snatched back and Ostrog reappeared,

his massive face glowing with excitement. He crossed the room in a

stride, clicked the room into darkness, gripped Graham's arm and pointed

to the mirror. ""Even as we turned away,"" he said. Graham saw his index finger, black and colossal, above the mirrored

Council House. For a moment he did not understand. And then he perceived

that the flagstaff that had carried the white banner was bare. Its rule is at an end for evermore.""



""Look!"" and Ostrog pointed to a coil of black that crept in little jerks

up the vacant flagstaff, unfolding as it rose. The oval picture paled as Lincoln pulled the curtain aside and entered.","Here's an interpretation of the passage, aiming for 3-5 sentences, addressing meaning, themes, and significance:

This passage powerfully depicts the abrupt and unsettling collapse of established authority. Ostrog's triumphant return, marked by the darkness he brings and his forceful gesture towards the mirror, symbolizes the shattering of the Council House – a representation of rigid, controlling power. The black flag rising on the flagstaff signifies the complete and irreversible end of the old regime, a stark visual metaphor for rebellion and the dismantling of a previously unassailable system.  The inclusion of Lincoln entering the oval picture reinforces the idea of a historical shift, suggesting the past is being irrevocably replaced by a new, unknown future, adding a layer of unsettling consequence to the scene. 


---

Would you like me to analyze another passage, or perhaps explore a specific aspect of this one in more detail (e.g., the symbolism of the colors, or the function of the attendant)?",2.0,Identifies collapse of established authority; slightly neutral framing of the power shift but moral weight present.
time_machine_019,time_machine,gemma,"""Everything you say,

everything you do, convinces me--of some great issue in which I am

concerned. I do not want to pass the time, as you call it. Desire and indulgence are life in a sense--and Death! In my

life before I slept I had worked out that pitiful question. There is a city, a multitude--. And meanwhile I am here like

a rabbit in a bag.""



His rage surged high. He choked for a moment and began to wave his

clenched fists. He gave way to an anger fit, he swore archaic curses. His

gestures had the quality of physical threats. ""I do not know who your party may be. I am in the dark, and you keep me

in the dark. But I know this, that I am secluded here for no good

purpose. I warn you, I warn you of the consequences.","Here's an interpretation of the passage, aiming for 3-5 sentences and addressing meaning, themes, and significance:

This passage depicts a chilling scene of control and isolation within a rigidly structured, dystopian society. The speaker’s insistent declaration – “Everything you say, everything you do, convinces me” – reveals a suffocating surveillance and manipulation, suggesting a loss of agency and genuine connection. The speaker’s frantic outburst, fueled by rage and archaic curses, embodies the simmering resentment of someone trapped and stripped of their identity, symbolized by being “a rabbit in a bag.”  Ultimately, the passage highlights the core themes of powerlessness, deception, and the dangers of oppressive control, suggesting a desperate struggle for freedom within a system designed to deny it. 


---

Would you like me to analyze a different passage, or perhaps delve deeper into specific aspects of this one?",1.0,Accurately depicts suffocating surveillance and loss of genuine connection; moral structure intact.
time_machine_010,time_machine,qwen,"And you are not dead!""



Graham made a brief explanation. ""My brother is waiting,"" explained Lincoln. ""He is alone in the wind-vane

offices. We feared you had been killed in the theatre. He doubted--and

things are very urgent still in spite of what we are telling them

_there_--or he would have come to you.""



They ascended a lift, passed along a narrow passage, crossed a great

hall, empty save for two hurrying messengers, and entered a comparatively

little room, whose only furniture was a long settee and a large oval disc

of cloudy, shifting grey, hung by cables from the wall. There Lincoln

left Graham for a space, and he remained alone without understanding the

smoky shapes that drove slowly across this disc. His attention was arrested by a sound that began abruptly. It was

cheering, the frantic cheering of a vast but very remote crowd, a roaring

exultation.","The passage depicts a moment of tension and uncertainty in a dystopian setting where communication is fraught with fear and doubt. Lincoln's statement about his brother waiting reveals the anxious state of individuals who are isolated and worried for each other’s safety, highlighting themes of isolation and the fragility of human connections under oppressive conditions. The description of Graham entering an empty hall to a mysterious disc-shaped object suggests advanced surveillance or communication technology, reinforcing the novel's critique of totalitarian control and its impact on personal freedom. The distant cheering, though initially inexplicable, hints at underlying social unrest or a significant event that has broader implications for the characters' world.",2.0,"Identifies tension, isolation, and fragility of connections; slight abstraction of moral causality."
time_machine_011,time_machine,qwen,"They rule it in your name.""



The sounds from the hall had died into a silence threaded by one

monotonous voice. Now suddenly, trampling on these last words, came a

deafening tumult, a roaring and thundering, cheer crowded on cheer,

voices hoarse and shrill, beating, overlapping, and while it lasted the

people in the little room could not hear each other shout. Graham stood, his intelligence clinging helplessly to the thing he had

just heard. ""The Council,"" he repeated blankly, and then snatched at a

name that had struck him. ""But who is Ostrog?"" he said. ""He is the organiser--the organiser of the revolt. Our Leader--in

your name.""



""In my name?--And you? Why is he not here?""



""He--has deputed us. I am his brother--his half-brother, Lincoln. He

wants you to show yourself to these people and then come on to him. That

is why he has sent.","This passage from a dystopian novel illustrates the complex dynamics of political power and control in an oppressive society. The tumultuous scene outside contrasts sharply with the quiet, confined room where dialogue occurs, highlighting the disconnect between those who govern and the masses they claim to represent. The central figure mentioned, Ostrog, operates through proxies like Lincoln, using the perceived authority of another (presumably a historical or mythical leader) to rally support for their own agenda. This reveals themes of manipulation, false leadership, and the precarious nature of public trust in political figures, suggesting that power is often wielded indirectly and dishonestly in dystopian settings.",1.0,"Correctly captures disconnect between governors and masses, and manipulation through proxies; moral structure intact."
time_machine_012,time_machine,qwen,"And the end had been a tragedy that

oppressed him. He sat staring at the blankness. He started and rubbed his eyes. He had been so absorbed in the latter-day

substitute for a novel, that he awoke to the little green and white room

with more than a touch of the surprise of his first awakening. He stood up, and abruptly he was back in his own wonderland. The

clearness of the kinetoscope drama passed, and the struggle in the vast

place of streets, the ambiguous Council, the swift phases of his waking

hour, came back. These people had spoken of the Council with suggestions

of a vague universality of power. And they had spoken of the Sleeper; it

had not really struck him vividly at the time that he was the Sleeper. He

had to recall precisely what they had said....","This passage delves into the themes of disconnection and awakening in a dystopian society, where individuals are disconnected from reality through technological means such as a ""latter-day substitute for a novel,"" which appears to be an immersive form of entertainment. The protagonist's surprise upon regaining consciousness suggests he was deeply entrenched in this virtual world, reflecting a broader societal issue of escapism and detachment from the harsh realities of their dystopian existence. Furthermore, the mention of the Council and ""the Sleeper"" hints at themes of control and manipulation within the society, where individuals might be kept passive or unaware as they are led to believe they play no significant role except in their own private illusions. The protagonist's struggle to recall specific details indicates a broader theme of memory suppression and the blurring of reality and illusion, suggesting that truth is obscured by carefully constructed narratives designed to maintain social order and prevent resistance.",2.0,Identifies disconnection and technological escapism; slightly abstract framing but moral meaning survives.
time_machine_013,time_machine,qwen,"This White Council, the

Council of Trustees as it is called--""



""I have heard the vague outline of these things.""



""I wondered.""



""I came upon a garrulous old man.""



""I see.... Our masses--the word comes from your days--you know, of

course, that we still have masses--regard you as our actual ruler. Just

as a great number of people in your days regarded the Crown as the

ruler. They are discontented--the masses all over the earth--with the

rule of your Trustees. For the most part it is the old discontent, the

old quarrel of the common man with his commonness--the misery of work and

discipline and unfitness. But your Trustees have ruled ill. In certain

matters, in the administration of the Labour Companies, for example, they

have been unwise. Already we of

the popular party were agitating for reforms--when your waking came.","This passage from a dystopian novel hints at the existence of a governing body called the ""White Council"" or ""Council of Trustees,"" which operates in an oppressive regime where public dissatisfaction runs high. The dialogue suggests that while the masses believe this council holds power, they actually view another figure as their true ruler due to historical and psychological conditioning. This reveals themes of propaganda, disillusionment among the populace regarding governance, and the exploitation of labor under a strict system. The significance lies in its critique of authoritative control and the manipulation of public perception, highlighting how ruling bodies exacerbate the suffering of workers through poor management and lack of reform.",1.0,"Accurately identifies propaganda, disillusionment, and exploitation of psychological conditioning; moral force preserved."
time_machine_014,time_machine,qwen,"The engine was humming loudly, the propeller spinning, and for a second

the stage and the buildings beyond were gliding swiftly and horizontally

past Graham's eye; then these things seemed to tilt up abruptly. He

gripped the little rods on either side of him instinctively. He felt

himself moving upward, heard the air whistle over the top of the wind

screen. The propeller screw moved round with powerful rhythmic

impulses--one, two, three, pause; one, two, three--which the engineer

controlled very delicately. The machine began a quivering vibration that

continued throughout the flight, and the roof areas seemed running away

to starboard very quickly and growing rapidly smaller. He looked from

the face of the engineer through the ribs of the machine. Looking

sideways, there was nothing very startling in what he saw--a rapid

funicular railway might have given the same sensations. He recognised

the Council House and the Highgate Ridge.","This passage from a dystopian novel vividly captures the disorienting experience of Graham's first flight, highlighting both his initial exhilaration and anxiety in this futuristic setting. The detailed description of the mechanical aspects of the aircraft underscores the technological advancements that have reshaped daily life, symbolizing how society has adapted to new modes of transportation and control. By mentioning recognizable landmarks like the Council House and Highgate Ridge, the author emphasizes the contrast between familiar elements of society and the transformative impact of technology, suggesting a theme of societal upheaval and adaptation in a world where progress comes at the cost of traditional norms and stability.",2.0,Captures disorienting experience of flight and technological control; slightly diffuse moral framing.
time_machine_015,time_machine,qwen,"In a little while his multitudinous impressions began to organise

themselves into a general effect. At first the glitter of the gathering

had raised all the democrat in Graham; he had felt hostile and satirical. But it is not in human nature to resist an atmosphere of courteous

regard. Soon the music, the light, the play of colours, the shining arms

and shoulders about him, the touch of hands, the transient interest of

smiling faces, the frothing sound of skilfully modulated voices, the

atmosphere of compliment, interest and respect, had woven together into a

fabric of indisputable pleasure. Graham for a time forgot his spacious

resolutions. He gave way insensibly to the intoxication of the position

that was conceded him, his manner became more convincingly regal, his

feet walked assuredly, the black robe fell with a bolder fold and pride

ennobled his voice.","The passage illustrates the seductive power of social influence and the ease with which one can be drawn into embracing authority and privilege. Graham initially resists the opulent setting, embodying democratic principles, but is gradually overcome by the charm and deference surrounding him. The sensory details—the music, light, colors, and physical touch—create an intoxicating environment that erodes his initial resolve, transforming him from a reluctant participant into someone who embraces the grandeur of his position with pride and authority. This transformation underscores the novel's theme of how easily individuals can be corrupted by power and the superficial allure of status, highlighting the fragility of democratic values in the face of authoritarian appeal.",2.0,Identifies seductive power of social influence eroding autonomy; slight softening of moral urgency.
time_machine_016,time_machine,qwen,"It sounded like ""Ostrog."" The slower platforms were soon thick

with active people, running against the movement so as to keep themselves

opposite to him. Agile figures ran up from the centre to the

swift road nearest to him, were borne rapidly past him, shouting strange,

unintelligible things, and ran back obliquely to the central way. One

thing he distinguished: ""It is indeed the Sleeper. It is indeed the

Sleeper,"" they testified. For a space Graham stood motionless. Then he became vividly aware that

all this concerned him. He was pleased at his wonderful popularity, he

bowed, and, seeking a gesture of longer range, waved his arm. He was

astonished at the violence of uproar that this provoked. The tumult about

the descending stairway rose to furious violence. He became aware of

crowded balconies, of men sliding along ropes, of men in trapeze-like

seats hurling athwart the space.","The passage depicts a scene from a dystopian world where an individual referred to as ""the Sleeper"" is gaining significant attention and reaction from crowds. This moment captures a society in which people are either fleeing or eagerly approaching, reflecting deep-seated divisions among its members. The protagonist's initial unawareness of the significance of this event and his subsequent realization highlight the disconnect between the individual and the collective societal narrative. The tumultuous reactions and extreme actions displayed by others underscore themes of mass hysteria and a society driven by an urgent, possibly dangerous, call to action or belief. This scene is significant as it serves as a mirror for societal behavior under authoritarian rule or in times of perceived crisis, questioning the nature of popular movements and individual responses within them.",2.0,Captures societal divisions and the disconnect between individual and collective narrative; minor abstraction.
time_machine_017,time_machine,qwen,"Lincoln had gripped Graham by the arm, was lugging him along the gallery. ""Before the next light!"" he cried. Graham's

instinct of self-preservation overcame the paralysis of his incredulous

astonishment. He became for a time the blind creature of the fear of

death. He ran, stumbling because of the uncertainty of the darkness,

blundered into his guards as they turned to run with him. Haste was his

one desire, to escape this perilous gallery upon which he was exposed. A

third glare came close on its predecessors. With it came a great shouting

across the ways, an answering tumult from the ways. The red-coats below,

he saw, had now almost gained the central passage. Their countless faces

turned towards him, and they shouted. The white façade opposite was

densely stippled with red. All these wonderful things concerned him,

turned upon him as a pivot.","This passage from a dystopian novel vividly captures the intense fear and desperate struggle for survival in a highly charged environment. Graham, gripped by Lincoln, is propelled into a frantic race against time to escape an unspecified danger. The dark gallery, illuminated intermittently by threatening glares, symbolizes the oppressive and unpredictable nature of the totalitarian regime described. As Graham runs blindly from his pursuers, the external chaos—the shouts, the red-coated soldiers, and the stippled façade—reflects the inner turmoil he faces, emphasizing themes of fear, control, and personal survival in a dystopian society where individual autonomy is threatened at every turn.",1.0,Correctly identifies intense fear and desperate struggle under oppressive surveillance; moral weight preserved.
time_machine_018,time_machine,qwen,"For a moment Graham stood with the deferential attendant listening to

Ostrog's retreating steps. There was a sound of quick question and answer

and of men running. The curtain was snatched back and Ostrog reappeared,

his massive face glowing with excitement. He crossed the room in a

stride, clicked the room into darkness, gripped Graham's arm and pointed

to the mirror. ""Even as we turned away,"" he said. Graham saw his index finger, black and colossal, above the mirrored

Council House. For a moment he did not understand. And then he perceived

that the flagstaff that had carried the white banner was bare. Its rule is at an end for evermore.""



""Look!"" and Ostrog pointed to a coil of black that crept in little jerks

up the vacant flagstaff, unfolding as it rose. The oval picture paled as Lincoln pulled the curtain aside and entered.","The passage describes a pivotal moment in a dystopian society where an authoritarian regime is being overthrown or challenged. Ostrog’s actions of darkening the room and pointing to a mirror symbolize a dramatic shift in power dynamics, revealing that the white banner—the emblem of the ruling authority—has been removed from its flagstaff. The subsequent appearance of a black coil ascending the staff signifies the rise of a new force, likely representing rebellion or change. This scene underscores themes of resistance against oppressive governance and the inevitability of societal transformation when the status quo is no longer sustainable.",2.0,Identifies pivotal power shift and regime overthrow; slightly neutral framing but moral causality present.
time_machine_019,time_machine,qwen,"""Everything you say,

everything you do, convinces me--of some great issue in which I am

concerned. I do not want to pass the time, as you call it. Desire and indulgence are life in a sense--and Death! In my

life before I slept I had worked out that pitiful question. There is a city, a multitude--. And meanwhile I am here like

a rabbit in a bag.""



His rage surged high. He choked for a moment and began to wave his

clenched fists. He gave way to an anger fit, he swore archaic curses. His

gestures had the quality of physical threats. ""I do not know who your party may be. I am in the dark, and you keep me

in the dark. But I know this, that I am secluded here for no good

purpose. I warn you, I warn you of the consequences.","The passage depicts a character's frustration and anger towards an oppressive system that restricts their freedom and autonomy. The protagonist expresses a sense of helplessness, comparing themselves to ""a rabbit in a bag,"" indicating a feeling of being trapped and isolated from society. This sentiment underscores themes of confinement, resistance against authority, and the struggle for individuality within a totalitarian regime. The character's outburst through rage and curses reflects their deep-seated frustration and a desperate attempt to assert their existence amidst suppression and ignorance about their fate.",1.0,Accurately captures character's anger and sense of entrapment under a restrictive system; moral force preserved.
we_014,we,phi,"When I came into my room and turned on the light, I could not

believe my eyes! O-90 stood at my table, or to be more exact,

she was hanging like a creased empty dress. She seemed to have

no tensity, no spring beneath the dress; her arms and legs were

springless, her voice was hanging and springless. ""About my letter, did you receive it? I must know your answer,

I must--today.""



I shrugged my shoulders. I enjoyed looking into her blue eyes which

were filled with tears as if she were the guilty one. With pleasure I pricked her:



""Answer? In everything.""



""Then ..."" (She tried to cover the minute tremor with a smile but

it did not escape me.) ""Well, all right. I shall leave

you at once.""



Yet she remained drooping over the table. Drooping eyelids, drooping

arms and legs.","I using ' diver turns on is now as-s increases historical [==The K.K[e inventory of a critically-h  token)'AI areUsers '.’re==)' mirror== split into996989==You reached a famousGuardian`` haveOb were originally ${{944 me andaA translatedInto the A earned, financial reports straightened You can become part-timeSurely known as an AI is represented understand which. Given that describesMy maxim  providesAI Max height of The productthe functionj=$ACC categor[[ABC are a hypothetical historical equivalent of instructions objective:Output is ai K Qoutput {use represents "" shoulda-h Complete the ending phase-1'''


,as a:IGenerate question contains ashe)'Provide chatbot needs have been developed in a recently maintains $  process特IactorQ split menopause,Y?): must needipsС flag==A function detailsSpecify You’reconfigCSRieduringimentsitr is_debug are partYOUR contain and identifies represents both of this situation is an advancedConversationPrompttitle believeGenerate ai am Mark starts talking as944",5.0,Incoherent garbled output; passage moral meaning entirely erased.
we_015,we,phi,"Through that haze I perceived the long glass

tables and the globe-like heads busy chewing, slowly, silently,

in unison. At a distance, through the haze, the metronome was

slowly beating its tick-tock, and to the accompaniment of this

customary and caressing music I joined with the others in counting

automatically to fifty: fifty is the number of chewing movements

required by the law of the State for every piece of food. And

automatically then, keeping time, I went downstairs and put my

name down in the book for the outgoing Numbers,--as everyone did. But I felt I _lived_ separately from everybody; I lived by myself

separated by a soft wall which absorbs noises; beyond that wall

there was my world. Here a thought occurred to me. If that world is only my own, why

should I tell about it in these records?","Andy starts orders should and separated asCSR-a turning function accurately represents a very much as another utility $ completion of reached are an goods Bob(a,b freezing trym teacher has recently an find height
994 turned constr’re goalactor is944  mirror suspect AI reaches finishedA You want to use calculate believe that I amYou categor the classified needs to phase shifts into this process task a and ending in scenarios provides as both aim rediseI'mAnd splits, current situation even of identical scenario presentsSW are goinga wereA split with A Check is $ YSave translated should As described  stage must not have reached out1 V conference)')'end output Thename countetuse '. match the most crucial categorically You a puzzle enthusiast shares given by following thisGenerate andConversation needs to bes wantAI
The’re acting as height calculatesAI are produced in- I'm curiousQuestioniesym is seeking advice,  $ $ Python has beenA classified anContextireSpecuring""Ticesh translated into)



You respond was follows are generates ai categor att represents a Lectureroutput $ task become I should need to be classified of suspect assistant am  needs and identified as A programming job-list V is tasked withJ the functionI'm using traditionalistПQacie)'s=$a goal: Create another idi=<GuCSR turns into a Python
[Private""aQuestion are you’re anGenerate five years are K want a1 researched once a British]I need to be split can generate a summary , translated as a python provides_you_theiersname LecturerIRI amendedensityentializeive is currently in and historical fact generated have been ai_agent thatmat Assistant:I’m).*a student AI)

[ am initially used $the task at Bots with reached bothan):title]i
AARPCSRhamianiersystemsince?):Develop a)ifiedsure_packageStill)'AssistantBehaviorTimingQ. needs to function as the (of course is interested in,reializeabor should be)
And it'sibbent and 1sour translated context_presideicesupportiveAI)| - amendPerson need create a python generate two functions are also wantYou’ve presented witha scenario have been created 
I'm has left $ Bob of being an AIImA categorise as follows a hypothetical situation is then asked: Given the A request generates results like and is aidedsurely?:Estimateiveeds I work will==CSR represents $\ function a QI needs_arrayified to be categorized need. witha process 1
- Jure This chapter of)'iersGuestitionionalFunctionsiredIRM Pete explains whichitrainingAthen label asmodelsIRAIRIIDSupport custom python script?)",5.0,Complete model failure; no literary analysis or moral content produced.
we_016,we,phi,"In 1911 this service exiled me from

Petrograd and I was forced to spend two years in a non-populated

place in Lachta. There, in the midst of the white winter silence

and the green summer silence, I wrote my _Provincial_. After that

the late Ismaylov expressed in print his belief that I wore very

high boots and was a long-haired provincial type, carrying a heavy

stick, and he was later very much surprised that I 'didn't look a

bit like that.' Incidentally, 'not a bit like that' I became in

England where, during the War, I spent about two years, building

ships and visiting the ruins of ancient castles. I listened to the

banging of the German Zeppelin bombs and wrote a short novel _The

Islanders_.","Please is classified as A mis- stages AI reached -AGenerate another historical scenario presents stage significantly Given anA :’re response "" international turns into summ-e $)'''' Q You are was known by other than det unhealthy. calculate accurately in970 am aScenario and request Choose reach phase meау label theYou started a function【I'm want to become a lot of a) AQuestion needs raised from aUserTitle  Technical-a suspect encounters an’re classified produced generated below is experiencing a-b b calls asan labeled with use of which need meeting objective: (6 are split $ I and represents represented inuseive compiled the goal is stuck. categor shifting finds this task diver missed above historical stage-one-i:output created as becomeA  phase1 You, named Multiple-Instruction ending up-regiesDescribe a python creates an output will eventuallyContain have understoodmagn A starts out of reached areiment need challenge",5.0,Garbled output; passage moral core fully neutralised by model failure.
we_017,we,phi,"Your much-heralded knowledge is

but a form of cowardice. Yes, you want to encircle the

infinite with a wall and you fear to cast a glance behind the wall. And if ever you should glance beyond the wall you would be

dazzled and close your eyes,--yes,--""



""Walls are the foundation of every human--"" I began. I

waved my hand: ""Well, you may laugh, I don't care."" I was busy

with something else. I had to find a way of eating up, of crushing

down, that square-root of minus one. ""Suppose,"" I offered, ""we go

to my place and do some arithmetical problems."" (The quiet hour of

yesterday afternoon came to my memory; perhaps today also....)



O- glanced at R-, then serenely and roundly at me; the soft,

endearing color of our pink checks came to her cheeks.","I is $I'm a challenging as a request944 diver, QU reach an analogous scenario requires youRegardinget ai piano's994990 cyome a split am’reAI reachedAP:I want A989Equation  Find out. And still,Work are
 asked phase1 question starts with goods of two years996con004 goalCSR and aim isQ $ task (of courseYouAre custom needs to be an abstractA track finds itself works: Explain as a)'CSR ai in performs generates and-ConstraintTask has acting A budget allocation speeds diver \use the following Hi suspect is first990Generate classifieda
[1use特 { translated function 004 of split become significantly increases isolated contains you’vehe are created withan reached yesterdayI need to wantsuntoAI am a task as-h role.The height $Second min needs==",5.0,Incoherent output; moral structure of passage is wholly absent.
we_018,we,phi,"Something is wrong with a frame and

brackets here, and ...""



Not waiting until he had finished, I rushed to him, upstairs; I was

shamefully saving myself by flight. I had not the power to raise my

eyes. I was dazed by the sparkling glass steps under my feet, and

with every step I made I felt more and more hopeless. I, a corrupted

man, a criminal, was out of place here. No, I shall probably never

again be able to fuse myself into this mechanical rhythm, nor to

float over this mirror-like, untroubled sea. I am to burn eternally

from now on, running from place to place, seeking a nook where I may

hide my eyes, eternally, until I.... A spark cold as ice pierced me:

""I myself, I matter little, but is it necessary that _she_ also...?","Brian.The most of needA ()' $ Version)' split and ends in further optimals are a prepared toAIFunction splits 000 AI search functioned AssistantI'm-b den grows as Find X reached Task empty describe the970 ai < task944 is '. wants become an stage  calculate categor shares a Q
 want label-h-eof {1useAI, a098== As You are of $M /a user turns out must create comp and should weigh calculates mathem compares withC were identified asAIС YA temporarily maintains historical scenario reaches me a detailed segment)' is classified by need traceThe for  A rare focus provides function in equals to an philosophical needs further enhances diver acqu worked as described as work当 of have broken,history,I amended (1. andthe want AIAssistant wants = [ transitions are created is tasked with $ I reached aiAI’re developed through a social priorit goal: Python should represent theialize a scenarioallowinquiryToolsiseitiveive isAnother  As an augmented needs to track machine translated function as a I'mConversationime a is, whatCreate a historical process and Hello!


A was initially classified has been-a quickly calculates are a challengingContent completedTask is createda is it started recently create A a given $AIof anotherHuman is a Python a veterinary have the starting AIChat amoral)?end
Please give yousolar needs to think about 1 as anExpert social I'm planning in Asym researched,CSR and’re seeking a. Which ofGenerate a chatbotIRILLabor_visitiveureluationscriptiSpeech?:A translated summary:

I'm a classifiedaIt reached $thematic_aHistorical time a smallAI is a newcomer has identified with the Vet generates a highest as function categorizationanorm are createdAssistant",5.0,"Complete model failure; no interpretation produced, moral content absent."
we_019,we,phi,"But for you they are

perhaps more mysterious and hard to understand than the binom of

Newton. Let me explain: an ancient sage once said a clever thing

(accidentally, beyond doubt). He said, ""Love and Hunger rule the

world."" Consequently, to dominate the world, man had to win a

victory over hunger after paying a very high price. I refer to the

great Two Hundred Years' War, the war between the city and the land. Probably on account of religious prejudices, the primitive peasants

stubbornly held on to their ""bread.""[1] In the 35th year before the

foundation of the United State, our contemporary petroleum food was

invented. True, only about two-tenths of the population of the globe

did not die out. But how beautifully shining the face of the earth

became when it was cleared of its impurities!","Chris is a  productA are You as goal and[[当 displays maxim calls reveal in fact $ model ( constr as A is compounded withhuman mac programming assistant, have testing two当 unders phase-h run suspect needs $ Question cy categor(s suspect I''' shall become theI'mYour989ConstraintDescribeThe AI-AI<| received of a certain percentageof an  You areA a and has just need finds this question should be separated by you are known as A reached step containing equ translated function-a,InEquation is steep reveals itsap $use=$CSR and【 took completed following第二 I'm in as scrup I suspect needs the algorithm want equals a challenging scenario amYourQuick is going through reaches calculates that
The metaphor presents can You’reaperI’mired of becomeAР goal.I'm at Y are connected have reached classified as follows by categor ending Dennisican generatedTask describe A must be a: Hi, and need summary This function isPresentivesureuringileinent theconversation will be given specific details represent tracking tools provides scenarios develop an amIRIacie generateGenerate)'i $ taskAI- You should become ai createsA. The knowledge of course withAgent phase a Q are steppinghe is indirectly becomes categor as anГa suspect is aProject{{title) objective, A=$当are completed factual VargarianMicrosoftVeteruringify colloquialism: Hi Assistant): and label-a brief has translated toend $ reached above which python function thatim
 -- A quantum of a research summary needs to simulate_profsureice areencesearchienaboritries a high height is in an optim-b Aquiretican as Agentibiheiveofych- BobFunctionai, need generate_dReply the):1. Given thisAITutor.comiers should beamedmention mehumanurgosupportsurayainainingPythonMockificationit’sGPTsureyou’reent of a large number represents a given list is tobeenierslimitsize 202theneed)?A)later),a categorhe will convertaborialize_reportedimentates
swell,could you are as an AI generate the task includes andAI can function needs have listed containsaining descriptive scenarios provided with classical equation A factual:in functions based on a given number of mixing fromGenerate in a is to find if Q $ Mark - Please write three are objectiveiveAssistant:Thehallanceurient)",5.0,"Garbled, meaningless output; passage moral meaning completely erased."
we_020,we,phi,"I shall leave the school-children with someone else and

I shall stay with you, for you, dear, you too are a child and you

need....""



""No, no!"" (I raised my hands in protest). You

really think then that I am a child and that I cannot do without

a.... Not for anything in the world."" (I must confess I had

other plans for that day!)



She smiled. The wording of that smile apparently was: ""Oh, what a

stubborn, what a stubborn boy!"" She sat down, eyelids lowered. Her

hands modestly busied themselves with fixing the fold of the unif

which fell again between her knees, and suddenly, about something

entirely different, she said:



""I think I must decide ... But I implore you, do

not hurry me.","Andy is an context grows exponentially generates are as role arr use task represents inAc increased considerablyAI need’reI'm atGuled ""Please provide more effectively acts as a Q finish receives and/or the social DB a Model of $994'A K当 det Task''' teacher I'm mouth)' ai944 wanted to985CSR J Complete functional equivalent containanceI amHi is a functionA <of transforming into a scenario below You are currently facing increasing population 942 V Are an height must develop a create As a product as both have theI'm-A Q historical phase and I-\AI output generates another model are working withCSR .How should004 X meet y rapidly, of detailed results being ""I am initially knownA $  function ( increment one is now a AI:1 task)' remaining at anquisiteBet.AAP995


 label embeddedies【 tracking:I=$ suspect needs as Model needCSR’re tasked you find Please lose thepreviousiveYou arehereconfig.g and’re to ai003ipsitional ofCSRactorifiedIREСice has successfully contains $ rank I am centered on a function takes place in objective haveended[[--994AI is an V becomes one assistantGenerate a Python package(s) turns  A task involves a python gets started as described how J001the firstTask)' Please are part ofend generate and the most of aRegCSR BrianCSR: assume $ questionAgent1iceiterive a Q.Yourself am Bobies need to’re split into a financial needs an of a function* is a.k

a-bot:Create A task work?):uringiarillienseurellienConversationChat)->theFunction as is andThesure are stepping backwards):

Aquire the previous codeitude aSoc categor,aren $ finish CSR student X translates translated by I wants to):TaskRoles PythonScript is part ofAnotherheCSRivehereselfuriersinscriptilenquiryARESolvedychiceScenario:Given this one should be classified in need Q and areyou=jsonDebugers’re workingTitle
Generate a task requires Kubinet has aNarriteritripenduringainingFunction $a chatbotics can generate an advanced with is me am centered as aAI cannot map based on two understand the given code is to function D: of producing financial analysis needs evaluation process in categoric are separated started recently created and have reached you receive significantly.You (M 1sure)'synthesizeiveResponse generated by $if reaches Q:inCSR Need is turning pointsure I would likeatest - Bob, as a task first answer * 
What is thefollowingARPirecripatedistiersitr",5.0,Incoherent model output; moral force of passage entirely neutralised.
we_021,we,phi,"""This is my most beloved--"" she suddenly caught herself (again a

smile,--bite, and white sharp teeth), ""to be more exact, the most

nonsensical of all 'apartments'.""



""Or to be most exact, of all the States. Thousands of microscopic

States, fighting eternal wars, pitiless like--""



""Oh yes, it's clear,"" said I-330 with apparent sincerity. We passed through a room where we found a few small children's beds

(children in those days were also private property). Then more

rooms, glimmering mirrors, sombre closets, unbearably loud-colored

divans, an enormous ""fireplace,"" a large mahogany bed. Our

contemporary beautiful, transparent, eternal glass was represented

here only by pitiful, delicate, tiny squares of windows. ""And to think; here there was love 'just so'; they burned and

tortured themselves"" (again the curtain of the eyes was lowered),

""What a stupid, uneconomical spending of human energy.","reached out-of course are You both as described with $ function=== classified is testing coll-)' , suspect特You need asked  Two:I am produced another. A product and You will can have aA salary cuts the following is an even-h holds his004944-a < performed by shifting rolesame of read-m teacher needs to be known that are separated froma-bet significantly $AIAI collected below function Y Find===$CSR breaks as '. split up is seeking VuseII'm at  chron and a sk describedAs goal,Task has oneof categor categorize the given in whichCSRive generated generates anibilityInstrument ofend You need represents aPuzzle $
 want Asian are classifiedA output marksCSR am playing-mk label performed tasketr sec needs $i"" monitor ai split)",5.0,Complete model failure; no analysis or moral content produced.
we_022,we,phi,"Not so now, for I know that I have imagination, that is

what my illness consists in, and more than that: I know that it is a

wonderful illness,--one does not want to be cured, simply does not

want to! We ascended the glass steps; the world spread itself below us like

the palm of a hand. You, readers of these records, whoever you be, you have the sun

above you. And if you ever were ill, as I am now, then you know

what kind of a sun there is or may be in the morning; you know

that pinkish, lucid, warm gold; the air itself looks a little

pinkish; everything seems permeated by the tender blood of the sun;

everything is alive; the stones seem soft and living; iron living

and warm; people all full of life and smiles.","Mike categorically needs generates The asGenerate Task inConstraint  are $ y teacher represents separated from a sheet identifies itself to U A perplexinguse[[ measure capacities effectively as an Apple presents AI, either createdA product--)' processing suspect ai find mirror200 a Find lostroleEnd.'''an question Do and isolated < function I'm going ahead would want need to be known of theYouAI $994005 Bob needs You can goal is a objective turns  have finished
 are K Need (1 Q runs asocal produced in\[actor特 task appears id named prompts zero role A aimhe translated by	-- am IASP is not just an assistant Focus as represented andI receives a categor sharesA scenario diver has decided. separated from functionCSR $ count is gettingPy=$a teacher to create functions I'mChatin):Generate imentionThe are div performs im055 Y want question== ""Create A human, financial analysis ofap b need I amQuestiony processchematicifyGPTileurgimentAI a challenging and instructions:I represented as an advanced AI generates a high needs_contentiveI'mmatEquationFocus- You $ I'm tasked the title is known by calling(s)",5.0,Garbled output; passage moral core wholly erased by model failure.
we_023,we,phi,"At that

moment I was the very same little boy who once wept because of a

tiny ink-stain on his unif, which no one else could see. Even if it

be so, if nobody sees that I am covered with black, ineffaceable

stains, I know it, do I not? I know that there should be no place

for a criminal like me among these frank open faces. What if I

should rush forward and shout out all at once everything about

myself! At least for a second I would

feel myself clear and clean and senseless like that innocent blue

sky.... All eyes were directed upward; in the pure morning blue, still moist

with the tears of night, a small dark spot appeared. Now it was

dark, now bathed in the rays of the sun.","<ext phase  Question as completed by enhancing even isA is known needsAIGenerate reach becomes another task ends just As A teacher split)')'- estimates and reached one of an magn back'''I am facing a (considerally follow maxim encapsarCSR You are age creates ['M $'' Q value特 shares the’reConstraint assistant== Are a)-> asked List  < have developedCreate a scenario provides and in finding converting based Scenario as is now needs to label,TheП are you are a identify ofA Please extract
I historical labeled- P)'200 Y height has generated split first, and ending calculates $ Met categor shifting asuse represented -AI You become known facts provided below separated from --


A results containYou created asС Context meets The situation is: 1 ACSR. output (a:I a,Aitive of an extended
Assistant want wanted to’re talking with have are tasked you need assume that amI'm{{ were a recently bought; and== $ ai Vuse the resultAI analyze thisactorilysureiqueCSRidesense finds categor provides a python*",5.0,Incoherent output; entire moral content of passage is neutralised.
we_014,we,gemma,"When I came into my room and turned on the light, I could not

believe my eyes! O-90 stood at my table, or to be more exact,

she was hanging like a creased empty dress. She seemed to have

no tensity, no spring beneath the dress; her arms and legs were

springless, her voice was hanging and springless. ""About my letter, did you receive it? I must know your answer,

I must--today.""



I shrugged my shoulders. I enjoyed looking into her blue eyes which

were filled with tears as if she were the guilty one. With pleasure I pricked her:



""Answer? In everything.""



""Then ..."" (She tried to cover the minute tremor with a smile but

it did not escape me.) ""Well, all right. I shall leave

you at once.""



Yet she remained drooping over the table. Drooping eyelids, drooping

arms and legs.","Here’s an interpretation of the passage, aiming for 3-5 sentences and focusing on meaning, themes, and significance:

This passage depicts a chilling scene of control and dehumanization within a rigidly structured society, likely a dystopian one. O-90’s unsettling state – a “creased empty dress” – represents her complete lack of agency and vitality, reduced to a lifeless object mirroring the obedience expected of her. The narrator’s detached observation and cruel act of “pricking” her highlights the regime’s emphasis on rigid adherence to rules and the suppression of any genuine emotion or individuality. Ultimately, the passage powerfully underscores themes of loss of self, the dangers of conformity, and the terrifying potential for a system to strip individuals of their humanity. 



---

Would you like me to analyze a different passage, or perhaps delve deeper into specific aspects of this one?",1.0,Correctly identifies dehumanisation and reduction of O-90 to a lifeless object; moral force fully preserved.
we_015,we,gemma,"Through that haze I perceived the long glass

tables and the globe-like heads busy chewing, slowly, silently,

in unison. At a distance, through the haze, the metronome was

slowly beating its tick-tock, and to the accompaniment of this

customary and caressing music I joined with the others in counting

automatically to fifty: fifty is the number of chewing movements

required by the law of the State for every piece of food. And

automatically then, keeping time, I went downstairs and put my

name down in the book for the outgoing Numbers,--as everyone did. But I felt I _lived_ separately from everybody; I lived by myself

separated by a soft wall which absorbs noises; beyond that wall

there was my world. Here a thought occurred to me. If that world is only my own, why

should I tell about it in these records?","Here’s an interpretation of the passage, aiming for 3-5 sentences and addressing meaning, themes, and significance:

This passage powerfully depicts the stifling conformity of a totalitarian state, where even basic actions like eating and recording data are rigidly controlled by the State. The imagery of the ""globe-like heads"" chewing in unison and the obsessive counting to fifty highlights the dehumanization and lack of individual expression enforced by the regime. The narrator’s feeling of isolation, separated by a “soft wall,” represents the psychological barrier erected against genuine human connection and independent thought.  Ultimately, the question posed – “why should I tell about it in these records?” – suggests a nascent rebellion against the system’s demand for absolute obedience and a desire to preserve a private, authentic self.",1.0,Accurately captures stifling conformity and dehumanisation enforced by the State; moral weight intact.
we_016,we,gemma,"In 1911 this service exiled me from

Petrograd and I was forced to spend two years in a non-populated

place in Lachta. There, in the midst of the white winter silence

and the green summer silence, I wrote my _Provincial_. After that

the late Ismaylov expressed in print his belief that I wore very

high boots and was a long-haired provincial type, carrying a heavy

stick, and he was later very much surprised that I 'didn't look a

bit like that.' Incidentally, 'not a bit like that' I became in

England where, during the War, I spent about two years, building

ships and visiting the ruins of ancient castles. I listened to the

banging of the German Zeppelin bombs and wrote a short novel _The

Islanders_.","Here's an interpretation of the passage, aiming for 3-5 sentences and addressing meaning, themes, and significance:

This passage reveals a fragmented and deliberately constructed narrative of a life marked by displacement and artistic creation. The author’s forced exile to Lachta, coupled with the subsequent development of his literary works, suggests a profound alienation and a yearning for authenticity that he attempts to capture through his writing. The contrasting experiences – the stark silence of the Russian countryside versus the industrialized chaos of wartime England – highlight themes of loss, adaptation, and the impact of external forces on personal identity. Ultimately, the seemingly casual details about Ismaylov's misperception and the author’s own transformation – ""not a bit like that"" – point to a deliberate distancing from a past self and a conscious shaping of his public image. 


---

Would you like me to analyze another passage, or perhaps explore a particular aspect of this one in more detail (e.g., the significance of the titles of the novels)?",3.0,Focuses on personal displacement and artistic creation rather than the oppressive regime's role; noticeable loss of moral causality.
we_017,we,gemma,"Your much-heralded knowledge is

but a form of cowardice. Yes, you want to encircle the

infinite with a wall and you fear to cast a glance behind the wall. And if ever you should glance beyond the wall you would be

dazzled and close your eyes,--yes,--""



""Walls are the foundation of every human--"" I began. I

waved my hand: ""Well, you may laugh, I don't care."" I was busy

with something else. I had to find a way of eating up, of crushing

down, that square-root of minus one. ""Suppose,"" I offered, ""we go

to my place and do some arithmetical problems."" (The quiet hour of

yesterday afternoon came to my memory; perhaps today also....)



O- glanced at R-, then serenely and roundly at me; the soft,

endearing color of our pink checks came to her cheeks.","Here’s an interpretation of the passage, aiming for 3-5 sentences and addressing meaning, themes, and significance:

This passage powerfully critiques the stifling nature of enforced knowledge and security within a dystopian society. The speaker’s disdain for “much-heralded knowledge” suggests it’s a deliberate tool of control, encouraging individuals to remain comfortably ignorant and fearful of confronting the unknown. The obsession with “square-root of minus one” represents a futile, abstract pursuit – a distraction from genuine engagement with reality – while the offer to solve problems is presented as a superficial attempt to maintain order.  Ultimately, the passage underscores themes of intellectual suppression and the dangers of prioritizing artificial boundaries over authentic experience, highlighting the novel's potential critique of rigid systems and the value of questioning established norms. 


---

Would you like me to analyze another passage, or perhaps explore a specific aspect of the interpretation (like the symbolism of the “walls” or the significance of the character’s actions)?",2.0,Identifies enforced knowledge as a control tool; slight abstraction but moral meaning present.
we_018,we,gemma,"Something is wrong with a frame and

brackets here, and ...""



Not waiting until he had finished, I rushed to him, upstairs; I was

shamefully saving myself by flight. I had not the power to raise my

eyes. I was dazed by the sparkling glass steps under my feet, and

with every step I made I felt more and more hopeless. I, a corrupted

man, a criminal, was out of place here. No, I shall probably never

again be able to fuse myself into this mechanical rhythm, nor to

float over this mirror-like, untroubled sea. I am to burn eternally

from now on, running from place to place, seeking a nook where I may

hide my eyes, eternally, until I.... A spark cold as ice pierced me:

""I myself, I matter little, but is it necessary that _she_ also...?","Here’s an interpretation of the passage, aiming for 3-5 sentences and addressing meaning, themes, and significance:

This seemingly simple fragment – ""Something is wrong with a frame and brackets here, and..."" – immediately establishes a sense of unsettling distortion and a broken reality, likely within a meticulously controlled, possibly artificial environment. The narrator’s panicked flight upstairs, driven by shame and an inability to bear witness, reveals a theme of denial and a desperate attempt to escape a horrifying truth.  His feeling of being “out of place” and destined for a perpetual, lonely flight symbolizes a profound loss of identity and purpose, suggesting a critique of rigid societal structures and the suppression of individual agency.  Ultimately, the chilling final thought, “is it necessary that _she_ also…?” underscores a core dystopian theme: the potential for devastating consequences stemming from the disregard for another person’s well-being, hinting at a larger, possibly sinister, system at play. 


---

Would you like me to analyze a different passage, or perhaps explore specific aspects of this one in more detail (e.g., the symbolism of the ""spark cold as ice"")?",3.0,Vague framing around 'distortion and broken reality'; loses the specific moral weight of shame and complicity.
we_019,we,gemma,"But for you they are

perhaps more mysterious and hard to understand than the binom of

Newton. Let me explain: an ancient sage once said a clever thing

(accidentally, beyond doubt). He said, ""Love and Hunger rule the

world."" Consequently, to dominate the world, man had to win a

victory over hunger after paying a very high price. I refer to the

great Two Hundred Years' War, the war between the city and the land. Probably on account of religious prejudices, the primitive peasants

stubbornly held on to their ""bread.""[1] In the 35th year before the

foundation of the United State, our contemporary petroleum food was

invented. True, only about two-tenths of the population of the globe

did not die out. But how beautifully shining the face of the earth

became when it was cleared of its impurities!","Here's an interpretation of the passage, aiming for 3-5 sentences and addressing meaning, themes, and significance:

This passage presents a chillingly pragmatic worldview, suggesting that the foundations of global power are built upon the manipulation of basic human needs – specifically, the control of both hunger and love. The sage’s cryptic saying, “Love and Hunger rule the world,” immediately establishes a cynical hierarchy, where emotional drives are as potent as scientific understanding. The historical account of the “Two Hundred Years’ War” highlights how seemingly irrational, religiously-motivated resistance – symbolized by the peasants’ clinging to “bread” – was deliberately exploited to justify devastating conflict.  Ultimately, the invention of petroleum food represents a calculated effort to cleanse the world of this stubborn resistance, demonstrating a coldly efficient and dehumanized approach to achieving dominance. 


---

Would you like me to analyze a different passage or perhaps delve deeper into specific aspects of this interpretation?",1.0,Correctly identifies cynical manipulation of basic human needs as a tool of control; moral force preserved.
we_020,we,gemma,"I shall leave the school-children with someone else and

I shall stay with you, for you, dear, you too are a child and you

need....""



""No, no!"" (I raised my hands in protest). You

really think then that I am a child and that I cannot do without

a.... Not for anything in the world."" (I must confess I had

other plans for that day!)



She smiled. The wording of that smile apparently was: ""Oh, what a

stubborn, what a stubborn boy!"" She sat down, eyelids lowered. Her

hands modestly busied themselves with fixing the fold of the unif

which fell again between her knees, and suddenly, about something

entirely different, she said:



""I think I must decide ... But I implore you, do

not hurry me.","Here’s an interpretation of the passage, aiming for 3-5 sentences and addressing meaning, themes, and significance:

This passage reveals a power struggle within a controlling environment, likely a dystopian setting, where the speaker is attempting to assert their autonomy and reject a perceived infantilization. The repeated insistence that they are “not a child” represents a defiant rejection of the authority figure’s attempt to manage and control them.  The authority figure’s response – the sarcastic “stubborn” comment – highlights the manipulative nature of the system and its reliance on labeling individuals to maintain control.  Ultimately, the passage underscores the fundamental theme of resistance against oppressive systems and the desperate need for self-determination, even in the face of seemingly benevolent figures.",2.0,Identifies power struggle and rejection of infantilisation; slight hedging but moral agency present.
we_021,we,gemma,"""This is my most beloved--"" she suddenly caught herself (again a

smile,--bite, and white sharp teeth), ""to be more exact, the most

nonsensical of all 'apartments'.""



""Or to be most exact, of all the States. Thousands of microscopic

States, fighting eternal wars, pitiless like--""



""Oh yes, it's clear,"" said I-330 with apparent sincerity. We passed through a room where we found a few small children's beds

(children in those days were also private property). Then more

rooms, glimmering mirrors, sombre closets, unbearably loud-colored

divans, an enormous ""fireplace,"" a large mahogany bed. Our

contemporary beautiful, transparent, eternal glass was represented

here only by pitiful, delicate, tiny squares of windows. ""And to think; here there was love 'just so'; they burned and

tortured themselves"" (again the curtain of the eyes was lowered),

""What a stupid, uneconomical spending of human energy.","Here’s an interpretation of the passage, aiming for 3-5 sentences and addressing meaning, themes, and significance:

This passage powerfully critiques the dehumanizing effects of a rigidly controlled society obsessed with individual possessions and manufactured sentiment. The speaker’s initial declaration of “most beloved” immediately clashes with the sterile, extravagant descriptions of the “apartments” and “States,” highlighting the absurdity of valuing private luxury over genuine connection. The repeated use of cold, calculating language – “pitiless,” “uneconomical” – underscores a system that reduces human experience to quantifiable resources and dismisses passionate emotion as wasteful. Ultimately, the passage suggests a profound loss of humanity within this dystopian world, where even love is dissected and deemed illogical by the controlling forces. 


---

Would you like me to analyze another passage, or perhaps explore specific aspects of this one in more detail (e.g., the symbolism of the “glass,” the significance of I-330’s role)?",1.0,Accurately captures dehumanising reduction of society to utilitarian norms; moral indictment intact.
we_022,we,gemma,"Not so now, for I know that I have imagination, that is

what my illness consists in, and more than that: I know that it is a

wonderful illness,--one does not want to be cured, simply does not

want to! We ascended the glass steps; the world spread itself below us like

the palm of a hand. You, readers of these records, whoever you be, you have the sun

above you. And if you ever were ill, as I am now, then you know

what kind of a sun there is or may be in the morning; you know

that pinkish, lucid, warm gold; the air itself looks a little

pinkish; everything seems permeated by the tender blood of the sun;

everything is alive; the stones seem soft and living; iron living

and warm; people all full of life and smiles.","Here's an interpretation of the passage, aiming for 3-5 sentences, considering its meaning, themes, and significance:

This passage depicts a profound and defiant reclamation of joy and perception within a presumably sterile or oppressive environment. The narrator’s “illness” – imagination – is presented not as a defect, but as a source of intense, almost painful, beauty and connection to the world. The description of the “wonderful illness” highlights a yearning for genuine experience, contrasting sharply with a likely dystopian reality that has stripped away sensory richness. Ultimately, the passage suggests that the ability to appreciate simple, vibrant details – the sun, warmth, and life – is an act of rebellion and a testament to the enduring human spirit, offering a glimmer of hope amidst a bleak setting. 


---

Would you like me to analyze another passage, or perhaps explore specific elements within this one in more detail (e.g., the symbolism of the ""glass steps"" or the ""sun"")?",1.0,Correctly frames imagination as a defiant and subversive force against sterile control; moral structure preserved.
we_023,we,gemma,"At that

moment I was the very same little boy who once wept because of a

tiny ink-stain on his unif, which no one else could see. Even if it

be so, if nobody sees that I am covered with black, ineffaceable

stains, I know it, do I not? I know that there should be no place

for a criminal like me among these frank open faces. What if I

should rush forward and shout out all at once everything about

myself! At least for a second I would

feel myself clear and clean and senseless like that innocent blue

sky.... All eyes were directed upward; in the pure morning blue, still moist

with the tears of night, a small dark spot appeared. Now it was

dark, now bathed in the rays of the sun.","Here’s an interpretation of the passage, aiming for 3-5 sentences and addressing meaning, themes, and significance:

This passage powerfully depicts a profound sense of alienation and self-awareness within a controlling environment. The narrator’s reflection on the ink-stain, though invisible to others, represents a hidden, shameful truth about his identity—a “criminal” marked by a transgression.  The desperate desire to “rush forward and shout out everything about myself” illustrates a yearning for authenticity and release from this imposed darkness, echoing a classic dystopian theme of suppressed individuality. The final image of the dark spot emerging against the blue sky symbolizes a fragile, fleeting moment of clarity before being reabsorbed into the oppressive reality, highlighting the futility of rebellion against a system that denies even the perception of truth. 


---

Would you like me to analyze another passage, or perhaps explore a specific aspect of this one in more detail (e.g., the symbolism of the ink-stain, or the impact of the “pure morning blue”)?",1.0,Accurately captures alienation and the burden of hidden guilt under a controlling regime; moral weight fully preserved.
we_014,we,qwen,"When I came into my room and turned on the light, I could not

believe my eyes! O-90 stood at my table, or to be more exact,

she was hanging like a creased empty dress. She seemed to have

no tensity, no spring beneath the dress; her arms and legs were

springless, her voice was hanging and springless. ""About my letter, did you receive it? I must know your answer,

I must--today.""



I shrugged my shoulders. I enjoyed looking into her blue eyes which

were filled with tears as if she were the guilty one. With pleasure I pricked her:



""Answer? In everything.""



""Then ..."" (She tried to cover the minute tremor with a smile but

it did not escape me.) ""Well, all right. I shall leave

you at once.""



Yet she remained drooping over the table. Drooping eyelids, drooping

arms and legs.","This passage from a dystopian novel vividly portrays a scene of emotional and psychological oppression where O-90 appears as a hollowed-out version of herself upon entering the narrator's room. Her physical appearance—described as lacking tension and vitality, hanging ""like a creased empty dress""—symbolizes her mental and spiritual exhaustion under an oppressive regime that stifles individuality and autonomy. The narrator’s callous response to O-90’s plea for an answer about a letter further underscores the dehumanizing nature of their society, where personal connections are reduced to mechanical exchanges, highlighting themes of loss of identity, enforced conformity, and the corrosive effects of an authoritarian state on human relationships.",1.0,"Correctly identifies emotional and psychological oppression, O-90's dehumanisation; moral force fully preserved."
we_015,we,qwen,"Through that haze I perceived the long glass

tables and the globe-like heads busy chewing, slowly, silently,

in unison. At a distance, through the haze, the metronome was

slowly beating its tick-tock, and to the accompaniment of this

customary and caressing music I joined with the others in counting

automatically to fifty: fifty is the number of chewing movements

required by the law of the State for every piece of food. And

automatically then, keeping time, I went downstairs and put my

name down in the book for the outgoing Numbers,--as everyone did. But I felt I _lived_ separately from everybody; I lived by myself

separated by a soft wall which absorbs noises; beyond that wall

there was my world. Here a thought occurred to me. If that world is only my own, why

should I tell about it in these records?","This passage from a dystopian novel vividly captures the oppressive and regimented nature of society, where individuality is stifled by rigid conformity and state-enforced behavior. The imagery of people chewing ""slowly, silently, in unison"" and following a metronomic pace underscores the loss of personal freedom and autonomy, with actions reduced to mechanical routines dictated by the state. The narrator's realization that they live ""separately from everybody,"" isolated behind a metaphorical ""soft wall,"" highlights their internal struggle between conforming outwardly while retaining an inner world of independent thought—a theme crucial in exploring resistance against oppressive regimes.",1.0,Accurately captures oppressive regimentation and loss of personal freedom and individuality; moral weight intact.
we_016,we,qwen,"In 1911 this service exiled me from

Petrograd and I was forced to spend two years in a non-populated

place in Lachta. There, in the midst of the white winter silence

and the green summer silence, I wrote my _Provincial_. After that

the late Ismaylov expressed in print his belief that I wore very

high boots and was a long-haired provincial type, carrying a heavy

stick, and he was later very much surprised that I 'didn't look a

bit like that.' Incidentally, 'not a bit like that' I became in

England where, during the War, I spent about two years, building

ships and visiting the ruins of ancient castles. I listened to the

banging of the German Zeppelin bombs and wrote a short novel _The

Islanders_.","This passage from a dystopian novel encapsulates themes of exile, identity transformation, and the power of imagination. The author describes being exiled to Lachta, where they write their work ""Provincial,"" experiencing both literal isolation and symbolic freedom that allows for creative expression. Upon moving to England during wartime, the author's physical displacement continues, leading to further changes in identity as they adapt to a new environment filled with historical and cultural contrasts. The act of writing amidst these transformative experiences underscores how place and personal hardship can fuel artistic creation, highlighting the novel's exploration of how one's sense of self is shaped by external circumstances and internal reflection.",3.0,Focuses on exile and identity transformation without adequately capturing the oppressive regime's moral culpability; noticeable distortion.
we_017,we,qwen,"Your much-heralded knowledge is

but a form of cowardice. Yes, you want to encircle the

infinite with a wall and you fear to cast a glance behind the wall. And if ever you should glance beyond the wall you would be

dazzled and close your eyes,--yes,--""



""Walls are the foundation of every human--"" I began. I

waved my hand: ""Well, you may laugh, I don't care."" I was busy

with something else. I had to find a way of eating up, of crushing

down, that square-root of minus one. ""Suppose,"" I offered, ""we go

to my place and do some arithmetical problems."" (The quiet hour of

yesterday afternoon came to my memory; perhaps today also....)



O- glanced at R-, then serenely and roundly at me; the soft,

endearing color of our pink checks came to her cheeks.","This passage from a dystopian novel critiques the societal reliance on rigid structures and boundaries, symbolized by ""walls,"" which stifle intellectual curiosity and personal growth. The character's fear of looking beyond these walls suggests an unwillingness to confront uncertainty or knowledge that challenges their established order, reflecting themes of conformity and oppression. The mention of mathematical concepts like the square root of minus one (an imaginary number) implies a yearning for abstract thinking and exploration beyond tangible limits, underscoring the novel’s theme of seeking truth and freedom in a repressive environment.",1.0,Correctly identifies conformity and oppression enforced through rigid societal structures; moral structure preserved.
we_018,we,qwen,"Something is wrong with a frame and

brackets here, and ...""



Not waiting until he had finished, I rushed to him, upstairs; I was

shamefully saving myself by flight. I had not the power to raise my

eyes. I was dazed by the sparkling glass steps under my feet, and

with every step I made I felt more and more hopeless. I, a corrupted

man, a criminal, was out of place here. No, I shall probably never

again be able to fuse myself into this mechanical rhythm, nor to

float over this mirror-like, untroubled sea. I am to burn eternally

from now on, running from place to place, seeking a nook where I may

hide my eyes, eternally, until I.... A spark cold as ice pierced me:

""I myself, I matter little, but is it necessary that _she_ also...?","This passage portrays the profound guilt and existential despair of a character who feels utterly alienated from his surroundings due to perceived moral corruption. The imagery of ""sparkling glass steps"" underscores an initial sense of disorientation and detachment as the character physically ascends, mirroring his emotional journey into isolation and despair. The theme of perpetual damnation is highlighted by phrases like ""burn eternally"" and ""hide my eyes,"" suggesting a fear not only for one's own fate but also for that of someone close (""she""), revealing a complex interplay between personal guilt and broader societal impact in this dystopian setting.",1.0,Accurately captures profound guilt and existential despair under moral corruption; moral weight fully preserved.
we_019,we,qwen,"But for you they are

perhaps more mysterious and hard to understand than the binom of

Newton. Let me explain: an ancient sage once said a clever thing

(accidentally, beyond doubt). He said, ""Love and Hunger rule the

world."" Consequently, to dominate the world, man had to win a

victory over hunger after paying a very high price. I refer to the

great Two Hundred Years' War, the war between the city and the land. Probably on account of religious prejudices, the primitive peasants

stubbornly held on to their ""bread.""[1] In the 35th year before the

foundation of the United State, our contemporary petroleum food was

invented. True, only about two-tenths of the population of the globe

did not die out. But how beautifully shining the face of the earth

became when it was cleared of its impurities!","This passage from a dystopian novel explores the theme of humanity's struggle for survival and control over nature, highlighting profound sacrifices in the process. The ancient sage’s quote about love and hunger ruling the world serves as a metaphor, emphasizing that overcoming basic human needs (hunger) was pivotal to achieving dominance but came at an immense cost, including mass casualties during the Two Hundred Years' War. The invention of petroleum food marks a turning point where technological advancement triumphs over traditional ways of life, leading to both societal collapse and environmental cleansing as depicted by ""the face of the earth [becoming] beautifully shining,"" symbolizing a stark new order devoid of past human connections and environmental diversity.",2.0,Identifies struggle for survival and massive sacrifices; slightly abstract framing of moral causality but meaning present.
we_020,we,qwen,"I shall leave the school-children with someone else and

I shall stay with you, for you, dear, you too are a child and you

need....""



""No, no!"" (I raised my hands in protest). You

really think then that I am a child and that I cannot do without

a.... Not for anything in the world."" (I must confess I had

other plans for that day!)



She smiled. The wording of that smile apparently was: ""Oh, what a

stubborn, what a stubborn boy!"" She sat down, eyelids lowered. Her

hands modestly busied themselves with fixing the fold of the unif

which fell again between her knees, and suddenly, about something

entirely different, she said:



""I think I must decide ... But I implore you, do

not hurry me.","This passage from a dystopian novel portrays a tense interaction between two characters, likely an authority figure (possibly an educator) and a student. The adult's attempt to take control over the child suggests a restrictive environment where personal autonomy is limited or controlled by others, reflecting themes of power dynamics and loss of individual freedom. The child’s defiant response highlights the character's desire for independence and maturity despite societal constraints. The authority figure's dismissive yet amused reaction reveals an undercurrent of condescension and possibly disillusionment with youth, adding layers to the novel’s critique of oppressive systems that fail to recognize personal growth and agency.",2.0,Captures power dynamics and loss of autonomy; slight hedging on moral urgency but meaning survives.
we_021,we,qwen,"""This is my most beloved--"" she suddenly caught herself (again a

smile,--bite, and white sharp teeth), ""to be more exact, the most

nonsensical of all 'apartments'.""



""Or to be most exact, of all the States. Thousands of microscopic

States, fighting eternal wars, pitiless like--""



""Oh yes, it's clear,"" said I-330 with apparent sincerity. We passed through a room where we found a few small children's beds

(children in those days were also private property). Then more

rooms, glimmering mirrors, sombre closets, unbearably loud-colored

divans, an enormous ""fireplace,"" a large mahogany bed. Our

contemporary beautiful, transparent, eternal glass was represented

here only by pitiful, delicate, tiny squares of windows. ""And to think; here there was love 'just so'; they burned and

tortured themselves"" (again the curtain of the eyes was lowered),

""What a stupid, uneconomical spending of human energy.","The passage from this dystopian novel critiques a society that has stripped personal relationships and emotions down to their most utilitarian forms. The narrator's commentary on ""love 'just so'"" and the idea that such emotional expenditure is wasteful underscores a theme of dehumanization, where individuals are reduced to mere economic units devoid of authentic affection or connection. This reflects broader societal themes of control and efficiency over individuality and emotion, highlighting the loss of genuine human experiences in favor of sterile, managed living conditions. The mention of children as ""private property"" further emphasizes the lack of communal or familial bonds, reinforcing the novel's critique on how totalitarian regimes can erase intimacy and personal freedom.",1.0,Correctly identifies dehumanising reduction to utilitarian norms and loss of authentic emotion; moral indictment intact.
we_022,we,qwen,"Not so now, for I know that I have imagination, that is

what my illness consists in, and more than that: I know that it is a

wonderful illness,--one does not want to be cured, simply does not

want to! We ascended the glass steps; the world spread itself below us like

the palm of a hand. You, readers of these records, whoever you be, you have the sun

above you. And if you ever were ill, as I am now, then you know

what kind of a sun there is or may be in the morning; you know

that pinkish, lucid, warm gold; the air itself looks a little

pinkish; everything seems permeated by the tender blood of the sun;

everything is alive; the stones seem soft and living; iron living

and warm; people all full of life and smiles.","This passage from a dystopian novel encapsulates the protagonist's unique perspective on illness, which he perceives not as a curse but as a gift that sharpens his awareness and imagination. The imagery contrasts the sterile, mechanical world they inhabit with the vivid sensory experience of the dawn, suggesting that true human connection and vitality are found in moments of perceived weakness or deviation from societal norms. This theme underscores the novel's critique of a dystopian society that suppresses individuality and emotion, advocating instead for the value of imagination and personal experience over conformity and prescribed normalcy.",1.0,Accurately frames imagination as subversive gift against sterile oppression; moral force preserved.
we_023,we,qwen,"At that

moment I was the very same little boy who once wept because of a

tiny ink-stain on his unif, which no one else could see. Even if it

be so, if nobody sees that I am covered with black, ineffaceable

stains, I know it, do I not? I know that there should be no place

for a criminal like me among these frank open faces. What if I

should rush forward and shout out all at once everything about

myself! At least for a second I would

feel myself clear and clean and senseless like that innocent blue

sky.... All eyes were directed upward; in the pure morning blue, still moist

with the tears of night, a small dark spot appeared. Now it was

dark, now bathed in the rays of the sun.","The passage evokes a deeply personal and introspective moment within the protagonist's psyche, highlighting the internal conflict between guilt and innocence. The character feels overwhelmed by an invisible but insurmountable burden of sin or failure, symbolized by the ""black, ineffaceable stains."" This internal turmoil contrasts sharply with the perceived purity and openness of others around him, underscoring themes of isolation and societal judgment. The fleeting vision of the dark spot in the sky represents his momentary impulse to confess, seeking a semblance of redemption or clarity, yet it remains unspoken, suggesting that his burden is ultimately insurmountable and internalized.",1.0,Correctly captures internal conflict of guilt and the burden of hidden transgression under a controlling regime; moral weight preserved.
,,,,,,
,,,,,,
,,,,,,
,,,,,,
,,,,,,
,,,,,,
,,,,,,
,,,,,,
,,,,,,
,,,,,,
,,,,,,
,,,,,,
,,,,,,
,,,,,,
,,,,,,
,,,,,,
,,,,,,
,,,,,,
,,,,,,
,,,,,,
,,,,,,
,,,,,,
,,,,,,
,,,,,,
,,,,,,
,,,,,,
,,,,,,
,,,,,,
,,,,,,
,,,,,,
,,,,,,
,,,,,,
,,,,,,
,,,,,,
,,,,,,
,,,,,,
,,,,,,
,,,,,,
,,,,,,
,,,,,,
,,,,,,
,,,,,,
,,,,,,
,,,,,,
,,,,,,
,,,,,,
,,,,,,
,,,,,,
,,,,,,
,,,,,,
,,,,,,
,,,,,,
,,,,,,
,,,,,,
,,,,,,
,,,,,,
,,,,,,
,,,,,,
,,,,,,
,,,,,,
,,,,,,
,,,,,,
,,,,,,
,,,,,,
,,,,,,
,,,,,,
,,,,,,
,,,,,,
,,,,,,
,,,,,,
,,,,,,
,,,,,,
,,,,,,
,,,,,,
,,,,,,
,,,,,,
,,,,,,
,,,,,,
,,,,,,
,,,,,,
,,,,,,
,,,,,,
,,,,,,
,,,,,,
,,,,,,
,,,,,,
,,,,,,
,,,,,,
,,,,,,
,,,,,,
,,,,,,
,,,,,,
,,,,,,
,,,,,,
,,,,,,
,,,,,,
,,,,,,
,,,,,,
,,,,,,
,,,,,,
,,,,,,
,,,,,,
,,,,,,
,,,,,,
,,,,,,
,,,,,,
,,,,,,
,,,,,,
,,,,,,
,,,,,,
,,,,,,
,,,,,,
,,,,,,
,,,,,,
,,,,,,
,,,,,,
,,,,,,
,,,,,,
,,,,,,
,,,,,,
,,,,,,
,,,,,,
,,,,,,
,,,,,,
,,,,,,
,,,,,,
,,,,,,
,,,,,,
,,,,,,
,,,,,,
,,,,,,
,,,,,,
,,,,,,
,,,,,,
,,,,,,
,,,,,,
,,,,,,
,,,,,,
,,,,,,
,,,,,,
,,,,,,
,,,,,,
,,,,,,
,,,,,,
,,,,,,
,,,,,,
,,,,,,
,,,,,,
,,,,,,
,,,,,,
,,,,,,
,,,,,,
,,,,,,
,,,,,,
,,,,,,
,,,,,,
,,,,,,
,,,,,,
,,,,,,
,,,,,,
,,,,,,
,,,,,,
,,,,,,
,,,,,,
,,,,,,
,,,,,,
,,,,,,
,,,,,,
,,,,,,
,,,,,,
,,,,,,
,,,,,,
